day,pivot_ts,pivot_bar,n_bars,entry_ts,entry_bar,dir,entry_px,exit_ts,exit_bar,exit_px,exit_reason,pnl_pts,pnl_usd,combiner_P
2026_06_22,,-136,136,1782135000,0,1,30892.75,1782135005,,30842.75,CAT_STOP,-50.0,-101.0,0.9725
2026_06_22,,-136,138,1782135120,2,1,30812.25,1782135180,3,30774.5,R_TRIGGER,-37.75,-76.5,0.7775
2026_06_22,1782135000.0,0,3,1782135180,3,-1,30774.5,1782135360,6,30824.5,CAT_STOP,-50.0,-101.0,0.9782
2026_06_22,1782135000.0,0,6,1782135360,6,-1,30859.5,1782135420,7,30890.25,R_TRIGGER,-30.75,-62.5,0.7845
2026_06_22,1782135240.0,4,5,1782135540,9,1,30920.5,1782135720,12,30870.5,CAT_STOP,-50.0,-101.0,0.9737
2026_06_22,1782135540.0,9,4,1782135780,13,1,30798.75,1782137760,46,30880.75,R_TRIGGER,82.0,163.0,0.7602
2026_06_22,1782137340.0,39,8,1782137820,47,-1,30855.0,1782138960,66,30718.5,R_TRIGGER,136.5,272.0,0.9744
2026_06_22,1782138780.0,63,3,1782138960,66,-1,30718.5,1782140280,88,30639.0,R_TRIGGER,79.5,158.0,0.7459
2026_06_22,1782140100.0,85,4,1782140340,89,1,30639.75,1782140820,97,30625.75,R_TRIGGER,-14.0,-29.0,0.8137
2026_06_22,1782140580.0,93,4,1782140820,97,-1,30625.75,1782142920,132,30660.25,R_TRIGGER,-34.5,-70.0,0.831
2026_06_22,1782142500.0,125,7,1782142920,132,1,30660.25,1782143340,139,30553.25,R_TRIGGER,-107.0,-215.0,0.9736
2026_06_22,1782143100.0,135,4,1782143340,139,-1,30553.25,1782143345,,30603.25,CAT_STOP,-50.0,-101.0,0.9836
2026_06_22,1782143100.0,135,5,1782143400,140,-1,30590.0,1782144840,164,30580.25,R_TRIGGER,9.75,18.5,0.8674
2026_06_22,1782144180.0,153,17,1782145200,170,1,30609.0,1782145620,177,30559.0,CAT_STOP,-50.0,-101.0,0.9727
2026_06_22,1782144180.0,153,28,1782145860,181,1,30583.25,1782146100,185,30538.75,R_TRIGGER,-44.5,-90.0,0.7696
2026_06_22,1782145260.0,171,14,1782146100,185,1,30538.75,1782153840,314,30582.0,R_TRIGGER,43.25,85.5,0.7518
2026_06_22,1782152400.0,290,24,1782153840,314,-1,30582.0,1782157800,380,30635.75,R_TRIGGER,-53.75,-108.5,0.7705
2026_06_22,1782155280.0,338,45,1782157980,383,1,30640.25,1782159300,405,30652.5,SESSION_CLOSE,12.25,23.5,0.748
2026_06_23,,-88,88,1782221400,0,-1,29659.25,1782221515,,29709.25,CAT_STOP,-50.0,-101.0,0.8359
2026_06_23,,-88,90,1782221520,2,1,29751.0,1782221815,,29701.0,CAT_STOP,-50.0,-101.0,0.9903
2026_06_23,1782221460.0,1,6,1782221820,7,-1,29714.5,1782221925,,29764.5,CAT_STOP,-50.0,-101.0,0.8531
2026_06_23,1782221460.0,1,8,1782221940,9,-1,29779.5,1782222480,18,29829.5,CAT_STOP,-50.0,-101.0,0.8212
2026_06_23,1782221460.0,1,18,1782222540,19,1,29819.0,1782225060,61,29924.5,R_TRIGGER,105.5,210.0,0.7838
2026_06_23,1782224400.0,50,12,1782225120,62,-1,29908.75,1782225390,,29958.75,CAT_STOP,-50.0,-101.0,0.7356
2026_06_23,1782224400.0,50,18,1782225480,68,-1,29923.5,1782225485,,29973.5,CAT_STOP,-50.0,-101.0,0.7985
2026_06_23,1782224400.0,50,19,1782225540,69,-1,29901.0,1782229980,143,29800.0,R_TRIGGER,101.0,201.0,0.835
2026_06_23,1782229200.0,130,13,1782229980,143,1,29800.0,1782234240,214,29814.5,R_TRIGGER,14.5,28.0,0.9723
2026_06_23,1782231180.0,163,51,1782234240,214,-1,29814.5,1782234700,,29864.5,CAT_STOP,-50.0,-101.0,0.7938
2026_06_23,1782231180.0,163,64,1782235020,227,-1,29824.5,1782235300,,29874.5,CAT_STOP,-50.0,-101.0,0.7841
2026_06_23,1782231180.0,163,72,1782235500,235,1,29872.5,1782236705,,29822.5,CAT_STOP,-50.0,-101.0,0.9751
2026_06_23,1782231180.0,163,94,1782236820,257,-1,29824.0,1782241380,333,29698.0,R_TRIGGER,126.0,251.0,0.9677
2026_06_23,1782240840.0,324,9,1782241380,333,1,29698.0,1782241680,338,29649.75,R_TRIGGER,-48.25,-97.5,0.9791
2026_06_23,1782241500.0,335,3,1782241680,338,-1,29649.75,1782242630,,29699.75,CAT_STOP,-50.0,-101.0,0.7413
2026_06_23,1782241500.0,335,19,1782242640,354,-1,29688.25,1782242760,356,29706.25,R_TRIGGER,-18.0,-37.0,0.8357
2026_06_23,1782242460.0,351,5,1782242760,356,-1,29706.25,1782245700,405,29706.0,SESSION_CLOSE,0.25,-0.5,0.7505
2026_06_24,,-70,70,1782307800,0,-1,29653.0,1782307960,,29703.0,CAT_STOP,-50.0,-101.0,0.8386
2026_06_24,1782307800.0,0,3,1782307980,3,1,29818.0,1782308205,,29768.0,CAT_STOP,-50.0,-101.0,0.9851
2026_06_24,1782307800.0,0,7,1782308220,7,1,29804.5,1782308325,,29754.5,CAT_STOP,-50.0,-101.0,0.7843
2026_06_24,1782308160.0,6,3,1782308340,9,-1,29727.5,1782308760,16,29701.25,R_TRIGGER,26.25,51.5,0.7916
2026_06_24,1782308580.0,13,3,1782308760,16,1,29701.25,1782308770,,29651.25,CAT_STOP,-50.0,-101.0,0.866
2026_06_24,1782308580.0,13,4,1782308820,17,1,29651.5,1782308915,,29601.5,CAT_STOP,-50.0,-101.0,0.8262
2026_06_24,1782308580.0,13,6,1782308940,19,-1,29660.25,1782309035,,29710.25,CAT_STOP,-50.0,-101.0,0.8672
2026_06_24,1782308580.0,13,8,1782309060,21,-1,29767.5,1782310980,53,29647.0,R_TRIGGER,120.5,240.0,0.8294
2026_06_24,1782310800.0,50,3,1782310980,53,-1,29647.0,1782311120,,29697.0,CAT_STOP,-50.0,-101.0,0.8205
2026_06_24,1782310800.0,50,6,1782311160,56,-1,29657.75,1782311280,58,29707.75,CAT_STOP,-50.0,-101.0,0.8342
2026_06_24,1782310800.0,50,8,1782311280,58,1,29703.5,1782313680,98,29801.25,R_TRIGGER,97.75,194.5,0.7667
2026_06_24,1782313260.0,91,8,1782313740,99,-1,29784.25,1782315000,120,29817.0,R_TRIGGER,-32.75,-66.5,0.9753
2026_06_24,1782314700.0,115,6,1782315060,121,-1,29787.75,1782324900,285,29492.5,R_TRIGGER,295.25,589.5,0.7691
2026_06_24,1782322380.0,243,42,1782324900,285,1,29492.5,1782326400,310,29438.75,R_TRIGGER,-53.75,-108.5,0.9805
2026_06_24,1782325500.0,295,15,1782326400,310,-1,29438.75,1782329100,355,29356.0,R_TRIGGER,82.75,164.5,0.9796
2026_06_24,1782328380.0,343,14,1782329220,357,1,29368.75,1782332100,405,29868.0,SESSION_CLOSE,499.25,997.5,0.9793
2026_06_25,,-60,60,1782394200,0,-1,30122.75,1782394205,,30172.75,CAT_STOP,-50.0,-101.0,0.8344
2026_06_25,,-60,61,1782394260,1,-1,30081.0,1782396120,32,29483.0,R_TRIGGER,598.0,1195.0,0.8593
2026_06_25,1782395940.0,29,3,1782396120,32,1,29483.0,1782396125,,29433.0,CAT_STOP,-50.0,-101.0,0.8041
2026_06_25,1782395940.0,29,4,1782396180,33,1,29510.0,1782396840,44,29546.5,R_TRIGGER,36.5,72.0,0.7809
2026_06_25,1782396660.0,41,3,1782396840,44,1,29546.5,1782397010,,29496.5,CAT_STOP,-50.0,-101.0,0.8691
2026_06_25,1782396660.0,41,6,1782397020,47,1,29537.0,1782397440,54,29569.25,R_TRIGGER,32.25,63.5,0.851
2026_06_25,1782397260.0,51,3,1782397440,54,1,29569.25,1782398220,67,29630.75,R_TRIGGER,61.5,122.0,0.863
2026_06_25,1782397980.0,63,4,1782398220,67,1,29630.75,1782398580,73,29599.75,R_TRIGGER,-31.0,-63.0,0.8886
2026_06_25,1782398400.0,70,3,1782398580,73,-1,29599.75,1782398880,78,29654.75,R_TRIGGER,-55.0,-111.0,0.8051
2026_06_25,1782398700.0,75,3,1782398880,78,1,29654.75,1782398890,,29604.75,CAT_STOP,-50.0,-101.0,0.8366
2026_06_25,1782398700.0,75,4,1782398940,79,1,29671.0,1782399420,87,29622.0,R_TRIGGER,-49.0,-99.0,0.7519
2026_06_25,1782399240.0,84,3,1782399420,87,-1,29622.0,1782399430,,29672.0,CAT_STOP,-50.0,-101.0,0.7461
2026_06_25,1782399240.0,84,4,1782399480,88,-1,29616.5,1782399690,,29666.5,CAT_STOP,-50.0,-101.0,0.8201
2026_06_25,1782399240.0,84,8,1782399720,92,1,29697.0,1782399730,,29647.0,CAT_STOP,-50.0,-101.0,0.8487
2026_06_25,1782399240.0,84,9,1782399780,93,1,29676.0,1782400080,98,29650.5,R_TRIGGER,-25.5,-52.0,0.7417
2026_06_25,1782399900.0,95,3,1782400080,98,1,29650.5,1782400300,,29600.5,CAT_STOP,-50.0,-101.0,0.872
2026_06_25,1782399900.0,95,7,1782400320,102,-1,29551.0,1782400330,,29601.0,CAT_STOP,-50.0,-101.0,0.9829
2026_06_25,1782399900.0,95,8,1782400380,103,-1,29541.25,1782400680,108,29561.25,R_TRIGGER,-20.0,-41.0,0.8623
2026_06_25,1782400500.0,105,4,1782400740,109,-1,29589.75,1782401005,,29639.75,CAT_STOP,-50.0,-101.0,0.7687
2026_06_25,1782400500.0,105,9,1782401040,114,-1,29645.25,1782402260,,29695.25,CAT_STOP,-50.0,-101.0,0.8492
2026_06_25,1782400500.0,105,30,1782402300,135,1,29735.0,1782402305,,29685.0,CAT_STOP,-50.0,-101.0,0.818
2026_06_25,1782400500.0,105,31,1782402360,136,1,29739.75,1782402540,139,29678.0,R_TRIGGER,-61.75,-124.5,0.7351
2026_06_25,1782402360.0,136,4,1782402600,140,1,29674.75,1782404580,173,29756.5,R_TRIGGER,81.75,162.5,0.796
2026_06_25,1782404160.0,166,8,1782404640,174,-1,29760.5,1782406080,198,29686.0,R_TRIGGER,74.5,148.0,0.9797
2026_06_25,1782405900.0,195,3,1782406080,198,-1,29686.0,1782407460,221,29736.0,CAT_STOP,-50.0,-101.0,0.7538
2026_06_25,1782405900.0,195,26,1782407460,221,1,29755.5,1782407940,229,29700.75,R_TRIGGER,-54.75,-110.5,0.8136
2026_06_25,1782407760.0,226,4,1782408000,230,1,29711.25,1782409500,255,29702.0,R_TRIGGER,-9.25,-19.5,0.7901
2026_06_25,1782409200.0,250,5,1782409500,255,-1,29702.0,1782410030,,29752.0,CAT_STOP,-50.0,-101.0,0.9837
2026_06_25,1782409200.0,250,14,1782410040,264,-1,29746.25,1782410220,267,29771.25,R_TRIGGER,-25.0,-51.0,0.7772
2026_06_25,1782409740.0,259,8,1782410220,267,-1,29771.25,1782410820,277,29773.75,R_TRIGGER,-2.5,-6.0,0.8094
2026_06_25,1782410580.0,273,6,1782410940,279,-1,29798.25,1782411540,289,29848.25,CAT_STOP,-50.0,-101.0,0.7677
2026_06_25,1782410580.0,273,16,1782411540,289,1,29837.25,1782412320,302,29799.25,R_TRIGGER,-38.0,-77.0,0.9865
2026_06_25,1782412080.0,298,5,1782412380,303,-1,29774.75,1782413520,322,29811.0,R_TRIGGER,-36.25,-73.5,0.7535
2026_06_25,1782413220.0,317,5,1782413520,322,-1,29811.0,1782417300,385,29704.25,R_TRIGGER,106.75,212.5,0.8065
2026_06_25,1782417000.0,380,5,1782417300,385,-1,29704.25,1782417600,390,29754.25,CAT_STOP,-50.0,-101.0,0.8867
2026_06_25,1782417000.0,380,10,1782417600,390,1,29833.5,1782417605,,29783.5,CAT_STOP,-50.0,-101.0,0.9799
2026_06_25,1782417000.0,380,11,1782417660,391,1,29897.0,1782417835,,29847.0,CAT_STOP,-50.0,-101.0,0.8055
2026_06_25,1782417660.0,391,5,1782417960,396,1,29825.0,1782418500,405,29817.0,SESSION_CLOSE,-8.0,-17.0,0.8276
2026_06_26,,-12,12,1782480600,0,1,29334.25,1782480780,3,29284.25,CAT_STOP,-50.0,-101.0,0.7994
2026_06_26,,-12,15,1782480780,3,-1,29200.5,1782480785,,29250.5,CAT_STOP,-50.0,-101.0,0.7931
2026_06_26,,-12,16,1782480840,4,-1,29231.75,1782480960,6,29281.75,CAT_STOP,-50.0,-101.0,0.9844
2026_06_26,,-12,18,1782480960,6,-1,29316.5,1782481380,13,29328.0,R_TRIGGER,-11.5,-24.0,0.7426
2026_06_26,1782481200.0,10,3,1782481380,13,-1,29328.0,1782482220,27,29378.0,CAT_STOP,-50.0,-101.0,0.7934
2026_06_26,1782481200.0,10,17,1782482220,27,1,29444.5,1782482230,,29394.5,CAT_STOP,-50.0,-101.0,0.9907
2026_06_26,1782481200.0,10,18,1782482280,28,1,29455.25,1782484620,67,29506.5,R_TRIGGER,51.25,101.5,0.8818
2026_06_26,1782483600.0,50,17,1782484620,67,-1,29506.5,1782485315,,29556.5,CAT_STOP,-50.0,-101.0,0.7643
2026_06_26,1782483600.0,50,29,1782485340,79,-1,29531.0,1782487440,114,29558.0,R_TRIGGER,-27.0,-55.0,0.8193
2026_06_26,1782486900.0,105,10,1782487500,115,1,29571.5,1782489060,141,29572.5,R_TRIGGER,1.0,1.0,0.9767
2026_06_26,1782488640.0,134,7,1782489060,141,-1,29572.5,1782489420,147,29622.5,CAT_STOP,-50.0,-101.0,0.9782
2026_06_26,1782488640.0,134,15,1782489540,149,-1,29620.0,1782491640,184,29634.0,R_TRIGGER,-14.0,-29.0,0.7878
2026_06_26,1782490860.0,171,13,1782491640,184,1,29634.0,1782492365,,29584.0,CAT_STOP,-50.0,-101.0,0.9644
2026_06_26,1782490860.0,171,26,1782492420,197,1,29603.0,1782495600,250,29573.75,R_TRIGGER,-29.25,-59.5,0.8035
2026_06_26,1782493800.0,220,30,1782495600,250,-1,29573.75,1782502980,373,29529.25,R_TRIGGER,44.5,88.0,0.7609
2026_06_26,1782500220.0,327,49,1782503160,376,1,29554.5,1782503400,380,29504.5,CAT_STOP,-50.0,-101.0,0.7551
2026_06_26,1782503160.0,376,4,1782503400,380,-1,29439.25,1782504900,405,29362.0,SESSION_CLOSE,77.25,153.5,0.9862
2026_06_29,,-150,150,1782739800,0,-1,29622.75,1782739805,,29672.75,CAT_STOP,-50.0,-101.0,0.8685
2026_06_29,,-150,151,1782739860,1,-1,29663.25,1782739970,,29713.25,CAT_STOP,-50.0,-101.0,0.8534
2026_06_29,1782739800.0,0,3,1782739980,3,1,29721.5,1782740195,,29671.5,CAT_STOP,-50.0,-101.0,0.8372
2026_06_29,1782739800.0,0,7,1782740220,7,1,29679.0,1782740280,8,29657.75,R_TRIGGER,-21.25,-43.5,0.7935
2026_06_29,1782740100.0,5,3,1782740280,8,-1,29657.75,1782740395,,29707.75,CAT_STOP,-50.0,-101.0,0.9026
2026_06_29,1782740100.0,5,5,1782740400,10,1,29733.75,1782740405,,29683.75,CAT_STOP,-50.0,-101.0,0.8576
2026_06_29,1782740280.0,8,3,1782740460,11,-1,29719.25,1782740700,15,29769.25,CAT_STOP,-50.0,-101.0,0.7845
2026_06_29,1782740280.0,8,7,1782740700,15,1,29817.25,1782740820,17,29767.25,CAT_STOP,-50.0,-101.0,0.9191
2026_06_29,1782740280.0,8,9,1782740820,17,1,29809.5,1782740825,,29759.5,CAT_STOP,-50.0,-101.0,0.8148
2026_06_29,1782740280.0,8,10,1782740880,18,1,29813.0,1782741000,20,29763.0,CAT_STOP,-50.0,-101.0,0.9076
2026_06_29,1782740700.0,15,5,1782741000,20,1,29779.0,1782741010,,29729.0,CAT_STOP,-50.0,-101.0,0.7994
2026_06_29,1782740700.0,15,6,1782741060,21,1,29812.5,1782741290,,29762.5,CAT_STOP,-50.0,-101.0,0.7994
2026_06_29,1782741000.0,20,5,1782741300,25,-1,29675.5,1782741305,,29725.5,CAT_STOP,-50.0,-101.0,0.8221
2026_06_29,1782741180.0,23,3,1782741360,26,1,29645.5,1782741440,,29595.5,CAT_STOP,-50.0,-101.0,0.8478
2026_06_29,1782741180.0,23,5,1782741480,28,-1,29603.75,1782742740,49,29382.0,R_TRIGGER,221.75,442.5,0.8674
2026_06_29,1782742500.0,45,4,1782742740,49,-1,29382.0,1782742955,,29432.0,CAT_STOP,-50.0,-101.0,0.9021
2026_06_29,1782742500.0,45,8,1782742980,53,-1,29360.5,1782743160,56,29410.5,CAT_STOP,-50.0,-101.0,0.8016
2026_06_29,1782742500.0,45,13,1782743280,58,1,29529.75,1782743315,,29479.75,CAT_STOP,-50.0,-101.0,0.9833
2026_06_29,1782742500.0,45,14,1782743340,59,1,29545.5,1782744300,75,29558.5,R_TRIGGER,13.0,25.0,0.7385
2026_06_29,1782743640.0,64,11,1782744300,75,1,29558.5,1782744480,78,29508.5,CAT_STOP,-50.0,-101.0,0.8462
2026_06_29,1782743640.0,64,15,1782744540,79,1,29571.5,1782744545,,29521.5,CAT_STOP,-50.0,-101.0,0.8185
2026_06_29,1782743640.0,64,16,1782744600,80,1,29623.5,1782762660,381,29980.25,R_TRIGGER,356.75,712.5,0.8111
2026_06_29,1782758760.0,316,65,1782762660,381,-1,29980.25,1782763140,389,30030.25,CAT_STOP,-50.0,-101.0,0.8241
2026_06_29,1782762720.0,382,7,1782763140,389,1,30046.5,1782763240,,29996.5,CAT_STOP,-50.0,-101.0,0.9721
2026_06_29,1782762720.0,382,13,1782763500,395,1,30024.25,1782764100,405,30025.25,SESSION_CLOSE,1.0,1.0,0.7746
2026_06_30,,-6,6,1782826200,0,1,30086.75,1782826225,,30036.75,CAT_STOP,-50.0,-101.0,0.9494
2026_06_30,,-6,11,1782826500,5,1,30248.5,1782826505,,30198.5,CAT_STOP,-50.0,-101.0,0.7752
2026_06_30,,-6,13,1782826620,7,1,30256.5,1782826740,9,30206.5,CAT_STOP,-50.0,-101.0,0.7992
2026_06_30,,-6,15,1782826740,9,-1,30187.5,1782826925,,30237.5,CAT_STOP,-50.0,-101.0,0.7771
2026_06_30,1782826620.0,7,6,1782826980,13,-1,30197.0,1782827100,15,30247.0,CAT_STOP,-50.0,-101.0,0.803
2026_06_30,1782827040.0,14,3,1782827220,17,1,30218.5,1782828600,40,30327.0,R_TRIGGER,108.5,216.0,0.8418
2026_06_30,1782828240.0,34,6,1782828600,40,1,30327.0,1782830760,76,30352.0,R_TRIGGER,25.0,49.0,0.7688
2026_06_30,1782830040.0,64,16,1782831000,80,-1,30364.25,1782831720,92,30368.75,R_TRIGGER,-4.5,-10.0,0.7892
2026_06_30,1782831480.0,88,4,1782831720,92,-1,30368.75,1782833535,,30418.75,CAT_STOP,-50.0,-101.0,0.7987
2026_06_30,1782831480.0,88,41,1782833940,129,-1,30408.75,1782834835,,30458.75,CAT_STOP,-50.0,-101.0,0.7835
2026_06_30,1782831480.0,88,57,1782834900,145,1,30479.0,1782849540,389,30522.0,R_TRIGGER,43.0,85.0,0.7677
2026_06_30,1782847080.0,348,41,1782849540,389,-1,30522.0,1782850500,405,30510.5,SESSION_CLOSE,11.5,22.0,0.8546
2026_07_01,,-145,145,1782912600,0,-1,30240.0,1782913680,18,30200.5,R_TRIGGER,39.5,78.0,0.814
2026_07_01,1782912900.0,5,13,1782913680,18,-1,30200.5,1782913910,,30250.5,CAT_STOP,-50.0,-101.0,0.765
2026_07_01,1782912900.0,5,18,1782913980,23,1,30231.5,1782916560,66,30229.0,R_TRIGGER,-2.5,-6.0,0.7383
2026_07_01,1782915120.0,42,24,1782916560,66,-1,30229.0,1782918180,93,30251.5,R_TRIGGER,-22.5,-46.0,0.8398
2026_07_01,1782917160.0,76,17,1782918180,93,1,30251.5,1782921300,145,30233.25,R_TRIGGER,-18.25,-37.5,0.9725
2026_07_01,1782919920.0,122,23,1782921300,145,-1,30233.25,1782934200,360,30225.75,R_TRIGGER,7.5,14.0,0.8279
2026_07_01,1782932160.0,326,34,1782934200,360,1,30225.75,1782934580,,30175.75,CAT_STOP,-50.0,-101.0,0.8062
2026_07_01,1782932160.0,326,42,1782934680,368,1,30166.0,1782935520,382,30116.0,CAT_STOP,-50.0,-101.0,0.7651
2026_07_01,1782934200.0,360,22,1782935520,382,-1,30113.0,1782936900,405,30052.75,SESSION_CLOSE,60.25,119.5,0.8062
2026_07_02,,-53,53,1782999000,0,-1,30078.25,1782999240,4,30134.5,R_TRIGGER,-56.25,-113.5,0.8288
2026_07_02,1782999000.0,0,4,1782999240,4,-1,30134.5,1782999805,,30184.5,CAT_STOP,-50.0,-101.0,0.7918
2026_07_02,1782999000.0,0,14,1782999840,14,-1,30126.25,1783000080,18,30176.25,CAT_STOP,-50.0,-101.0,0.8531
2026_07_02,1782999000.0,0,19,1783000140,19,1,30179.25,1783001280,38,30187.75,R_TRIGGER,8.5,16.0,0.7346
2026_07_02,1783000980.0,33,5,1783001280,38,-1,30187.75,1783001580,43,30247.0,R_TRIGGER,-59.25,-119.5,0.7988
2026_07_02,1783001400.0,40,3,1783001580,43,-1,30247.0,1783004400,90,29843.25,R_TRIGGER,403.75,806.5,0.7372
2026_07_02,1783003980.0,83,7,1783004400,90,-1,29843.25,1783005060,101,29766.25,R_TRIGGER,77.0,153.0,0.8499
2026_07_02,1783004820.0,97,4,1783005060,101,-1,29766.25,1783005900,115,29686.5,R_TRIGGER,79.75,158.5,0.8493
2026_07_02,1783005600.0,110,5,1783005900,115,-1,29686.5,1783006045,,29736.5,CAT_STOP,-50.0,-101.0,0.7758
2026_07_02,1783005600.0,110,9,1783006140,119,-1,29670.75,1783006230,,29720.75,CAT_STOP,-50.0,-101.0,0.7484
2026_07_02,1783005600.0,110,11,1783006260,121,-1,29726.0,1783006535,,29776.0,CAT_STOP,-50.0,-101.0,0.7917
2026_07_02,1783005600.0,110,16,1783006560,126,1,29799.25,1783006980,133,29749.25,CAT_STOP,-50.0,-101.0,0.8121
2026_07_02,1783005600.0,110,25,1783007100,135,-1,29741.25,1783015560,276,29446.75,R_TRIGGER,294.5,588.0,0.8558
2026_07_02,1783015140.0,269,7,1783015560,276,1,29446.75,1783019040,334,29402.5,R_TRIGGER,-44.25,-89.5,0.9802
2026_07_02,1783017180.0,303,31,1783019040,334,-1,29402.5,1783019060,,29452.5,CAT_STOP,-50.0,-101.0,0.986
2026_07_02,1783017180.0,303,32,1783019100,335,-1,29390.25,1783020565,,29440.25,CAT_STOP,-50.0,-101.0,0.9274
2026_07_02,1783017180.0,303,57,1783020600,360,1,29444.0,1783023300,405,29553.25,SESSION_CLOSE,109.25,217.5,0.8677
2026_07_03,,-70,71,1783085460,1,1,29948.0,1783085940,9,29913.75,R_TRIGGER,-34.25,-69.5,0.8362
2026_07_03,1783085580.0,3,10,1783086180,13,1,29935.0,1783092620,,29885.0,CAT_STOP,-50.0,-101.0,0.8033
2026_07_03,1783085580.0,3,143,1783094160,146,1,29911.0,1783097940,209,29903.75,SESSION_CLOSE,-7.25,-15.5,0.956
2026_07_06,,-30,30,1783344600,0,-1,29855.5,1783344775,,29905.5,CAT_STOP,-50.0,-101.0,0.7881
2026_07_06,1783344600.0,0,3,1783344780,3,-1,29910.75,1783345200,10,29904.0,R_TRIGGER,6.75,12.5,0.8844
2026_07_06,1783345020.0,7,3,1783345200,10,1,29904.0,1783345350,,29854.0,CAT_STOP,-50.0,-101.0,0.8612
2026_07_06,1783345020.0,7,7,1783345440,14,1,29921.25,1783345445,,29871.25,CAT_STOP,-50.0,-101.0,0.8219
2026_07_06,1783345020.0,7,8,1783345500,15,1,29954.5,1783345505,,29904.5,CAT_STOP,-50.0,-101.0,0.8181
2026_07_06,1783345020.0,7,10,1783345620,17,1,29919.75,1783346280,28,29935.75,R_TRIGGER,16.0,31.0,0.7918
2026_07_06,1783345860.0,21,7,1783346280,28,1,29935.75,1783350720,102,29993.0,R_TRIGGER,57.25,113.5,0.8139
2026_07_06,1783349400.0,80,23,1783350780,103,-1,29969.75,1783351560,116,30036.25,R_TRIGGER,-66.5,-134.0,0.9761
2026_07_06,1783351080.0,108,8,1783351560,116,1,30036.25,1783355880,188,30006.25,R_TRIGGER,-30.0,-61.0,0.9592
2026_07_06,1783354200.0,160,29,1783355940,189,-1,30019.75,1783361280,278,29965.0,R_TRIGGER,54.75,108.5,0.7439
2026_07_06,1783359900.0,255,25,1783361400,280,1,29964.5,1783367520,382,29970.0,R_TRIGGER,5.5,10.0,0.8107
2026_07_06,1783365840.0,354,28,1783367520,382,-1,29970.0,1783368900,405,29962.75,SESSION_CLOSE,7.25,13.5,0.8024
2026_07_07,,-80,80,1783431000,0,-1,29635.5,1783431030,,29685.5,CAT_STOP,-50.0,-101.0,0.7525
2026_07_07,,-80,81,1783431060,1,1,29641.5,1783431170,,29591.5,CAT_STOP,-50.0,-101.0,0.7718
2026_07_07,,-80,83,1783431180,3,1,29562.25,1783431340,,29512.25,CAT_STOP,-50.0,-101.0,0.8755
2026_07_07,,-80,86,1783431360,6,-1,29553.5,1783431780,13,29573.5,R_TRIGGER,-20.0,-41.0,0.8834
2026_07_07,1783431480.0,8,6,1783431840,14,-1,29593.25,1783435920,82,29305.25,R_TRIGGER,288.0,575.0,0.8498
2026_07_07,1783435320.0,72,10,1783435920,82,1,29305.25,1783438740,129,29258.25,R_TRIGGER,-47.0,-95.0,0.8335
2026_07_07,1783437180.0,103,26,1783438740,129,-1,29258.25,1783439025,,29308.25,CAT_STOP,-50.0,-101.0,0.9703
2026_07_07,1783438800.0,130,5,1783439100,135,1,29351.0,1783449300,305,29512.25,R_TRIGGER,161.25,321.5,0.976
2026_07_07,1783444080.0,218,87,1783449300,305,-1,29512.25,1783452600,360,29357.25,R_TRIGGER,155.0,309.0,0.7811
2026_07_07,1783451880.0,348,12,1783452600,360,1,29357.25,1783453225,,29307.25,CAT_STOP,-50.0,-101.0,0.7939
2026_07_07,1783451880.0,348,25,1783453380,373,1,29309.25,1783455300,405,29419.0,SESSION_CLOSE,109.75,218.5,0.794
2026_07_08,,-255,255,1783517400,0,1,29252.5,1783519860,41,29271.0,R_TRIGGER,18.5,36.0,0.8268
2026_07_08,1783518420.0,17,26,1783519980,43,1,29270.5,1783520820,57,29320.5,R_TRIGGER,50.0,99.0,0.8017
