timestamp,git_hash,mode,total_pnl,profit_factor,gross_profit,gross_loss,trades,win_rate,avg_pnl,correct_dir_pct,counter_trend_pct,reversed_pct,avg_capture_pct,avg_target_capture_pct,too_early_pct,too_late_pct,avg_hold_min,worst_dip,max_dd,halflife,giveback_pct,wrong_dir_pnl,scalp_pnl,left_on_table
2026-03-08 08:16,8a82c22,IS,85277.00,4.14,112446.50,27169.50,7597,79.0,11.22,52.5,35.0,20.0,8.3,0.0,19.7,46.3,3.1,395.50,679.00,42.9,55,17067.50,41691.50,843810.50
2026-03-08 08:24,8a82c22,OOS,21887.00,4.31,28506.50,6619.50,1730,77.7,12.65,57.1,30.6,19.7,8.5,0.0,13.5,54.1,2.7,267.00,294.00,47.2,55,4143.00,9790.50,216473.50
2026-03-08 09:50,c37ff9e,IS,85670.0,4.16,112760.5,27090.5,7568,79.0,11.32,52.3,35.0,20.0,8.5,2.9,19.7,46.4,3.3,0,0,42.9,55,17612.5,42006.5,836395.0
2026-03-08 09:55,c37ff9e,OOS,21748.5,4.32,28306.5,6558.0,1730,77.9,12.57,57.3,30.8,20.0,8.4,3.6,13.7,54.0,2.7,-267.0,294.0,42.9,55,4142.0,9511.5,217311.0
2026-03-08 10:50,bc9ef49,IS,87989.0,4.16,115798.5,27809.5,7792,79.0,11.29,51.8,35.4,20.0,8.3,2.9,20.4,46.0,3.2,0,0,42.9,55,18065.0,44967.5,871169.0
2026-03-08 10:55,bc9ef49,OOS,22201.0,4.32,28880.5,6679.5,1768,77.4,12.56,56.7,30.7,20.6,8.1,3.6,13.7,54.0,2.7,-267.0,294.0,42.9,55,4115.5,10094.0,223442.0
2026-03-08 11:01,bc9ef49,OOS,22442.0,4.38,29090.5,6648.5,1776,77.4,12.64,56.4,30.9,20.4,8.3,3.4,13.2,54.1,2.7,-267.0,390.0,42.9,55,4386.0,10139.0,223259.5
2026-03-08 11:37,66b0091,IS,86685.0,4.1,114626.5,27941.5,7704,78.8,11.25,51.8,35.3,20.2,8.4,2.9,19.4,46.7,3.3,0,0,51.9,55,18173.5,44062.0,863688.0
2026-03-08 11:43,66b0091,OOS,22333.0,4.4,28906.5,6573.5,1743,77.5,12.81,56.3,30.9,20.3,8.3,3.7,12.1,55.9,2.8,-267.0,294.0,51.9,55,4115.0,10251.0,215332.0
2026-03-08 11:48,66b0091,OOS,22383.0,4.43,28917.0,6534.0,1750,77.5,12.79,56.1,31.1,20.0,8.4,3.4,11.7,56.2,2.8,-267.0,394.5,51.9,55,4385.5,10154.0,215892.5
2026-03-08 12:38,681bb2b,IS,86701.5,4.1,114626.5,27925.0,7705,78.8,11.25,51.8,35.3,20.2,8.4,2.9,19.4,46.7,3.3,0,0,51.9,55,18174.5,44062.0,863688.0
2026-03-08 12:43,681bb2b,OOS,22301.0,4.38,28898.0,6597.0,1743,77.5,12.79,56.3,30.9,20.4,8.3,3.7,12.1,55.8,2.8,-267.0,294.0,51.9,55,4115.0,10251.0,215162.0
2026-03-08 12:49,681bb2b,OOS,22383.0,4.43,28917.0,6534.0,1750,77.5,12.79,56.1,31.1,20.0,8.4,3.4,11.7,56.2,2.8,-267.0,394.5,51.9,55,4385.5,10154.0,215892.5
2026-03-08 16:54,8b923cb,IS,86701.5,4.1,114626.5,27925.0,7705,78.8,11.25,51.8,35.3,20.2,8.4,2.9,19.4,46.7,3.3,0,0,51.9,55,18174.5,44062.0,863688.0
2026-03-08 17:00,8b923cb,OOS,22301.0,4.38,28898.0,6597.0,1743,77.5,12.79,56.3,30.9,20.4,8.3,3.7,12.1,55.8,2.8,-267.0,294.0,51.9,55,4115.0,10251.0,215162.0
2026-03-08 17:05,8b923cb,OOS,22383.0,4.43,28917.0,6534.0,1750,77.5,12.79,56.1,31.1,20.0,8.4,3.4,11.7,56.2,2.8,-267.0,394.5,51.9,55,4385.5,10154.0,215892.5
2026-03-08 17:43,ab62a4b,OOS,22234.5,3.92,29860.5,7626.0,1943,78.2,11.44,58.1,29.8,19.6,7.3,3.0,21.9,47.5,2.3,-267.0,294.0,24.2,55,4510.0,10888.0,254773.5
2026-03-08 19:58,b2be6e1,IS,87880.0,4.18,115506.0,27626.0,7780,79.2,11.3,51.9,35.4,19.8,8.3,2.9,20.5,46.3,3.3,0,0,42.9,55,17745.5,44656.0,876142.0
2026-03-08 20:04,b2be6e1,OOS,22458.5,4.38,29096.5,6638.0,1769,77.4,12.7,56.7,30.8,20.7,8.1,3.6,13.7,53.8,2.7,-267.0,294.0,42.9,55,4047.5,10316.0,222686.0
2026-03-08 20:10,b2be6e1,OOS,22427.5,4.37,29089.0,6661.5,1775,77.3,12.64,56.5,30.8,20.5,8.3,3.4,13.2,54.0,2.7,-267.0,394.5,42.9,55,4386.0,10134.5,223053.0
2026-03-08 23:25,589a1c1,IS,82194.5,3.03,122639.5,40445.0,11881,56.0,6.92,52.5,24.6,43.1,4.8,1.5,22.0,25.7,1.6,0,0,26.6,55,21287.5,48320.0,1054520.0
2026-03-08 23:32,589a1c1,OOS,21871.0,2.99,32857.5,10986.5,2983,58.1,7.33,57.9,22.5,40.8,4.4,1.8,24.1,27.8,0.9,-100.0,476.0,26.6,55,5390.5,12259.0,305741.0
2026-03-08 23:38,589a1c1,OOS,22232.0,3.1,32806.5,10574.5,2977,58.3,7.47,57.9,22.4,40.4,4.5,1.7,24.0,27.9,0.9,-107.0,223.0,26.6,55,4966.0,12173.0,305639.0
2026-03-09 01:10,7c12e70,IS,79179.0,3.28,113962.0,34783.0,12650,68.3,6.26,52.7,30.8,32.2,4.3,1.4,22.0,37.8,1.5,0,0,60,55,18260.0,44358.0,1316125.0
2026-03-09 01:15,7c12e70,OOS,20966.0,3.13,30832.0,9866.0,3168,67.9,6.62,58.0,26.7,31.6,3.9,1.6,22.6,39.7,0.9,-117.5,485.0,60,55,4941.0,11432.0,367487.0
2026-03-09 01:21,7c12e70,OOS,21510.5,3.27,30973.5,9463.0,3179,68.3,6.77,58.1,26.8,31.3,4.0,1.5,22.4,39.9,0.9,-107.0,231.5,60,55,4522.0,11493.5,368089.0
2026-03-09 06:43,fb3fadc,IS,-44.5,0.66,86.5,131.0,7,57.1,-6.36,28.6,28.6,50.0,1.8,0.7,50.0,0.0,1.5,0,0,20,70,124.5,56.5,406.0
2026-03-09 06:50,fb3fadc,IS,-44.5,0.66,86.5,131.0,7,57.1,-6.36,28.6,28.6,50.0,1.8,0.7,50.0,0.0,1.5,0,0,20,70,124.5,56.5,406.0
2026-03-09 06:56,fb3fadc,OOS,20946.0,3.12,30809.5,9863.5,3167,68.0,6.61,58.0,26.6,31.5,3.9,1.6,22.6,39.7,0.9,-118.5,485.0,35.4,55,4962.5,11408.5,367598.0
2026-03-09 07:01,fb3fadc,OOS,21511.5,3.28,30965.0,9453.5,3178,68.3,6.77,58.1,26.8,31.2,4.0,1.5,22.4,40.0,0.9,-107.0,229.0,54.0,55,4524.5,11489.5,368179.5
2026-03-09 12:08,b5d3f2a,IS,76539.0,4.08,101395.0,24856.0,10046,69.7,7.62,51.9,32.1,30.9,5.5,1.8,16.2,42.5,2.1,0,0,60,55,12969.0,35582.5,1001360.5
2026-03-09 12:15,b5d3f2a,OOS,21042.0,4.26,27487.0,6445.0,2379,68.5,8.84,57.9,27.1,30.9,5.1,2.2,13.1,46.4,1.4,-99.5,236.5,60,55,3178.0,9663.5,265744.5
2026-03-09 12:22,b5d3f2a,OOS,21033.5,4.33,27349.5,6316.0,2361,68.9,8.91,57.3,27.6,30.4,5.3,2.1,13.1,46.6,1.5,-73.5,236.5,60,55,3195.5,9543.0,263378.0
2026-03-09 13:11,f700c03,IS,76765.5,4.62,97971.5,21206.0,8462,69.6,9.07,51.1,32.4,30.8,6.5,2.1,9.7,47.2,3.4,0,0,60,55,11251.5,29912.5,815175.0
2026-03-09 13:17,f700c03,OOS,18460.5,4.36,23951.0,5490.5,2024,69.2,9.12,56.8,28.2,30.3,5.5,2.6,5.9,53.0,2.6,-171.0,319.0,60,55,2770.0,6529.0,220704.5
2026-03-09 13:23,f700c03,OOS,18772.5,4.5,24140.0,5367.5,2028,69.4,9.26,56.2,28.5,29.8,5.7,2.7,6.1,53.3,2.6,-161.0,257.0,60,55,2799.5,6653.5,220974.5
2026-03-09 14:28,f700c03,IS,78037.5,3.33,111497.5,33460.0,12040,68.0,6.48,52.3,30.8,32.2,4.5,1.5,20.4,39.4,1.7,0,0,60,55,17713.5,43461.5,1256949.5
2026-03-09 14:35,f700c03,OOS,19693.5,3.04,29326.0,9632.5,3045,67.6,6.47,57.4,26.8,31.7,4.0,1.6,21.3,40.9,1.0,-111.5,457.5,60,55,4931.5,10370.5,346893.5
2026-03-09 14:41,f700c03,OOS,20216.0,3.21,29350.0,9134.0,3050,68.0,6.63,57.4,26.9,31.2,4.1,1.5,20.9,41.5,1.0,-107.0,229.0,60,55,4493.0,10405.0,347874.5
2026-03-09 19:52,f700c03,IS,78238.5,3.33,111846.5,33608.0,12002,67.9,6.52,52.2,30.9,32.3,4.5,1.5,20.3,39.4,1.7,0,0,60,55,17733.5,43571.5,1247405.5
2026-03-09 19:59,f700c03,OOS,19725.0,3.04,29402.5,9677.5,3037,67.5,6.49,57.4,26.8,31.8,4.0,1.4,21.0,41.0,1.0,-111.5,457.5,60,55,4953.5,10460.5,345108.0
2026-03-09 20:05,f700c03,OOS,20280.5,3.21,29462.5,9182.0,3045,67.9,6.66,57.4,26.9,31.4,4.1,1.3,20.7,41.4,1.0,-107.0,229.0,60,55,4515.0,10495.0,346566.0
2026-03-09 21:33,f700c03,IS,83820.5,12.6,91045.5,7225.0,7773,97.9,10.78,52.2,44.8,3.1,7.9,2.5,18.5,65.5,3.4,0,0,60,55,5606.0,29230.5,1134902.0
2026-03-09 21:40,f700c03,OOS,21479.0,16.72,22845.0,1366.0,1858,98.4,11.56,55.5,41.9,1.8,6.6,2.7,14.9,72.2,2.4,-48.0,190.0,60,55,931.0,6945.5,288425.5
2026-03-09 21:46,f700c03,OOS,21378.0,14.74,22934.0,1556.0,1881,98.5,11.37,55.3,42.2,1.7,6.6,2.5,14.8,72.4,2.4,-48.0,196.5,60,55,1162.5,6912.0,287750.5
2026-03-09 22:57,f700c03,IS,84684.5,13.25,91595.0,6910.5,7844,97.9,10.8,52.3,44.6,3.1,7.9,2.5,18.5,65.5,2.7,0,0,60,55,5238.5,29287.0,1140546.5
2026-03-09 23:03,f700c03,OOS,19137.0,16.15,20400.0,1263.0,1696,98.5,11.28,56.1,41.3,1.6,6.7,2.7,15.1,71.9,2.4,-48.0,190.0,60,55,828.0,5934.5,254366.5
2026-03-09 23:09,f700c03,OOS,19120.5,13.78,20617.0,1496.5,1719,98.4,11.12,56.0,41.4,1.5,6.8,2.5,15.1,72.1,2.5,-48.0,196.5,60,55,1103.0,5978.0,254205.0
2026-03-10 09:13,578f461,IS,76.5,1.61,201.0,124.5,4,75.0,19.12,25.0,25.0,0.0,13.0,5.1,100.0,0.0,5.6,0,0,20,70,124.5,145.5,367.5
2026-03-10 09:54,578f461,IS,76.5,1.61,201.0,124.5,4,75.0,19.12,25.0,25.0,0.0,13.0,5.1,100.0,0.0,5.6,0,0,20,70,124.5,145.5,367.5
2026-03-10 10:35,578f461,IS,84597.0,13.24,91507.5,6910.5,7844,97.9,10.78,52.3,44.6,3.1,7.9,2.5,18.4,65.6,2.7,0,0,60,55,5238.5,29288.0,1139771.5
2026-03-10 10:43,578f461,OOS,19026.5,16.53,20251.5,1225.0,1709,98.5,11.13,56.1,41.3,1.5,6.7,2.6,15.3,71.8,2.4,-48.0,153.5,60,55,828.0,5860.0,256484.0
2026-03-10 10:50,578f461,OOS,19070.5,13.74,20567.0,1496.5,1728,98.4,11.04,56.0,41.4,1.4,6.7,2.5,15.1,72.0,2.4,-48.0,196.5,60,55,1103.0,6014.0,255522.5
2026-03-10 10:57,578f461,IS,76.5,1.61,201.0,124.5,4,75.0,19.12,25.0,25.0,0.0,13.0,5.1,100.0,0.0,5.6,0,0,20,70,124.5,145.5,367.5
2026-03-10 11:03,578f461,OOS,18737.0,14.79,20096.0,1359.0,1704,98.5,11.0,56.6,40.8,1.5,6.7,2.6,15.1,72.1,2.4,-48.0,196.5,60,55,1016.0,5786.0,260617.5
2026-03-10 11:10,578f461,OOS,18931.0,14.97,20286.5,1355.5,1714,98.5,11.04,56.1,41.5,1.5,6.6,2.5,14.9,72.4,2.4,-48.0,196.5,60,55,1016.0,5937.0,258348.5
2026-03-10 11:38,578f461,IS,76.5,1.61,201.0,124.5,4,75.0,19.12,25.0,25.0,0.0,13.0,5.1,100.0,0.0,5.6,0,0,20,70,124.5,145.5,367.5
2026-03-10 11:53,578f461,IS,84597.0,13.24,91507.5,6910.5,7844,97.9,10.78,52.3,44.6,3.1,7.9,2.5,18.4,65.6,2.7,0,0,60,55,5238.5,29288.0,1139771.5
2026-03-10 12:00,578f461,OOS,19065.5,16.1,20328.5,1263.0,1692,98.5,11.27,56.1,41.2,1.6,6.8,2.7,15.1,71.9,2.4,-48.0,190.0,60,55,828.0,5804.5,253069.5
2026-03-10 12:06,578f461,OOS,19060.0,13.74,20556.5,1496.5,1712,98.4,11.13,56.3,41.1,1.5,6.8,2.5,15.2,71.9,2.5,-48.0,196.5,60,55,1103.0,5845.5,254530.5
2026-03-10 12:22,578f461,IS,76.5,1.61,201.0,124.5,4,75.0,19.12,25.0,25.0,0.0,13.0,5.1,100.0,0.0,5.6,0,0,20,70,124.5,145.5,367.5
2026-03-10 12:28,578f461,OOS,18737.5,14.79,20096.5,1359.0,1705,98.5,10.99,56.6,40.8,1.5,6.7,2.6,15.1,72.1,2.4,-48.0,196.5,60,55,1016.0,5786.0,260925.0
2026-03-10 12:34,578f461,OOS,18931.5,14.97,20287.0,1355.5,1715,98.5,11.04,56.1,41.5,1.5,6.6,2.5,14.9,72.5,2.4,-48.0,196.5,60,55,1016.0,5937.0,258656.0
2026-03-10 13:42,578f461,IS,84110.5,13.3,90950.0,6839.5,7866,97.9,10.69,52.3,44.7,3.0,7.8,2.5,18.5,65.6,2.7,0,0,60,55,5186.5,28888.5,1144196.0
2026-03-10 13:48,578f461,OOS,19066.0,16.1,20329.0,1263.0,1692,98.5,11.27,56.2,41.1,1.6,6.8,2.7,15.0,71.9,2.4,-48.0,190.0,60,55,828.0,5804.0,253191.5
2026-03-10 13:54,578f461,OOS,19018.5,13.39,20553.0,1534.5,1706,98.4,11.15,56.2,41.2,1.6,6.8,2.5,15.1,71.8,2.5,-48.0,196.5,60,55,1103.0,5846.0,253273.5
2026-03-10 15:25,578f461,IS,82535.0,11.52,90379.0,7844.0,7976,97.7,10.35,52.2,44.5,2.9,7.9,2.5,18.3,66.2,2.7,0,0,60,55,5653.5,29138.0,1160355.5
2026-03-10 15:32,578f461,OOS,18849.0,12.12,20543.5,1694.5,1767,98.5,10.67,56.5,40.9,1.8,7.0,2.5,15.9,70.9,2.5,-178.0,213.0,60,55,1258.0,5859.5,258649.5
2026-03-10 15:38,578f461,OOS,18732.5,12.05,20427.0,1694.5,1766,98.5,10.61,56.5,40.9,1.8,7.0,2.5,15.9,70.9,2.5,-178.0,334.5,60,55,1258.0,5739.5,258683.5
2026-03-10 22:44,578f461,IS,86222.0,7.06,100447.5,14225.5,10334,93.7,8.34,52.4,42.5,6.9,6.2,2.1,27.1,56.7,1.4,0,0,60,55,9146.5,39506.0,1446895.5
2026-03-11 23:17,1e10d71,IS,82171.0,11.13,90279.5,8108.5,7985,97.6,10.29,52.4,44.2,3.0,7.9,2.6,18.2,66.1,2.7,0,0,60,55,5812.5,28985.5,1155597.0
2026-03-11 23:24,531bbe1,OOS,18994.5,12.33,20671.5,1677.0,1755,98.4,10.82,56.0,41.5,1.9,7.0,2.2,15.5,71.3,2.5,-178.0,198.0,60,55,1195.5,5914.5,253506.0
2026-03-11 23:30,531bbe1,OOS,18877.5,12.26,20554.5,1677.0,1754,98.4,10.76,55.9,41.5,1.9,7.1,2.2,15.5,71.3,2.5,-178.0,198.0,60,55,1195.5,5794.0,253540.5
2026-03-12 07:38,9bddb95,IS,39736.0,12.12,43310.5,3574.5,3298,96.6,12.05,54.4,42.6,4.4,7.1,4.1,18.6,64.3,2.6,0,0,60,55,2331.0,13469.0,490237.0
2026-03-12 07:42,9bddb95,OOS,8184.5,999.0,8184.5,0,644,100.0,12.71,0.0,0.0,0,0,0,0,0,2.7,0.0,0.0,60,55,0,0,0
2026-03-12 07:46,9bddb95,OOS,8200.0,999.0,8200.0,0,643,100.0,12.75,0.0,0.0,0,0,0,0,0,2.7,0.0,0.0,60,55,0,0,0
2026-03-12 11:54,a19ea83,OOS,6550.5,999.0,6550.5,0,537,100.0,12.2,0.0,0.0,0,0,0,0,0,2.7,0.0,0.0,20,55,0,0,0
2026-03-12 11:59,a19ea83,OOS,6550.5,999.0,6550.5,0,537,100.0,12.2,0.0,0.0,0,0,0,0,0,2.7,0.0,0.0,20,55,0,0,0
2026-03-12 12:06,a19ea83,OOS,6550.5,999.0,6550.5,0,537,100.0,12.2,0.0,0.0,0,0,0,0,0,2.7,0.0,0.0,20,55,0,0,0
2026-03-12 12:13,a19ea83,OOS,6550.5,999.0,6550.5,0,537,100.0,12.2,0.0,0.0,0,0,0,0,0,2.7,0.0,0.0,20,55,0,0,0
2026-03-12 12:48,a19ea83,OOS,8182.0,999.0,8182.0,0,644,100.0,12.7,0.0,0.0,0,0,0,0,0,2.7,0.0,0.0,20,55,0,0,0
2026-03-12 13:02,a19ea83,OOS,8182.0,999.0,8182.0,0,644,100.0,12.7,0.0,0.0,0,0,0,0,0,2.7,0.0,0.0,20,55,0,0,0
2026-03-12 13:13,a19ea83,OOS,8182.0,999.0,8182.0,0,644,100.0,12.7,0.0,0.0,0,0,0,0,0,2.7,0.0,0.0,20,55,0,0,0
2026-03-12 13:21,a19ea83,OOS,8182.0,999.0,8182.0,0,644,100.0,12.7,0.0,0.0,0,0,0,0,0,2.7,0.0,0.0,20,55,0,0,0
2026-03-12 14:56,a19ea83,OOS,8712.0,999.0,8712.0,0,625,100.0,13.94,0.0,0.0,0,0,0,0,0,3.6,0.0,0.0,20,55,0,0,0
2026-03-12 15:10,77a579f,OOS,8712.0,999.0,8712.0,0,625,100.0,13.94,0.0,0.0,0,0,0,0,0,3.6,0.0,0.0,20,55,0,0,0
2026-03-12 15:44,a4371b6,OOS,8712.0,999.0,8712.0,0,625,100.0,13.94,0.0,0.0,0,0,0,0,0,3.6,0.0,0.0,20,55,0,0,0
2026-03-12 16:06,21cf0a0,OOS,8712.0,999.0,8712.0,0,625,100.0,13.94,0.0,0.0,0,0,0,0,0,3.6,0.0,0.0,20,55,0,0,0
2026-03-12 17:34,5c7a755,IS,39325.0,12.71,42683.5,3358.5,3067,96.6,12.82,53.9,43.2,4.5,7.3,4.4,15.7,66.9,3.2,0,0,60,55,2185.0,11364.0,443626.5
2026-03-12 17:38,5c7a755,OOS,8737.0,999.0,8737.0,0,625,100.0,13.98,0.0,0.0,0,0,0,0,0,3.6,0.0,0.0,60,55,0,0,0
2026-03-12 17:43,5c7a755,OOS,8740.0,999.0,8740.0,0,625,100.0,13.98,0.0,0.0,0,0,0,0,0,3.6,0.0,0.0,60,55,0,0,0
2026-03-12 17:47,5c7a755,OOS,8613.5,999.0,8613.5,0,624,100.0,13.8,0.0,0.0,0,0,0,0,0,3.6,0.0,0.0,60,55,0,0,0
2026-03-12 20:08,aeded4e,OOS,1846.0,2.89,2825.0,979.0,646,93.5,2.86,0.0,0.0,0,0,0,0,0,2.4,-92.5,192.0,40.0,10,0,0,0
2026-03-12 20:12,aeded4e,OOS,1704.5,2.74,2683.5,979.0,648,93.5,2.63,0.0,0.0,0,0,0,0,0,2.4,-92.5,209.5,40.0,10,0,0,0
2026-03-12 20:17,aeded4e,OOS,1708.0,2.74,2687.0,979.0,648,93.5,2.64,0.0,0.0,0,0,0,0,0,2.4,-92.5,209.5,40.0,10,0,0,0
2026-03-12 20:29,aeded4e,OOS,1846.0,2.89,2825.0,979.0,646,93.5,2.86,0.0,0.0,0,0,0,0,0,2.4,-92.5,192.0,40.0,10,0,0,0
2026-03-12 20:33,aeded4e,OOS,1704.5,2.74,2683.5,979.0,648,93.5,2.63,0.0,0.0,0,0,0,0,0,2.4,-92.5,209.5,40.0,10,0,0,0
2026-03-12 20:37,aeded4e,OOS,1708.0,2.74,2687.0,979.0,648,93.5,2.64,0.0,0.0,0,0,0,0,0,2.4,-92.5,209.5,40.0,10,0,0,0
2026-03-12 20:45,aeded4e,OOS,1846.0,2.89,2825.0,979.0,646,93.5,2.86,0.0,0.0,0,0,0,0,0,2.4,-92.5,192.0,40.0,10,0,0,0
2026-03-12 20:50,d1420c6,OOS,1704.5,2.74,2683.5,979.0,648,93.5,2.63,0.0,0.0,0,0,0,0,0,2.4,-92.5,209.5,40.0,10,0,0,0
2026-03-12 20:55,d1420c6,OOS,1708.5,2.75,2687.5,979.0,648,93.5,2.64,0.0,0.0,0,0,0,0,0,2.4,-92.5,209.5,40.0,10,0,0,0
2026-03-12 22:43,4ee317c,IS,32013.0,5.29,39477.5,7464.5,3730,81.8,8.58,55.6,34.2,17.3,5.0,1.0,31.0,42.0,1.0,0,0,30.0,10,3533.0,14707.5,508166.5
2026-03-12 22:47,4ee317c,OOS,874.5,1.46,2793.5,1919.0,695,74.5,1.26,0.0,0.0,0,0,0,0,0,1.0,-148.5,354.5,30.0,10,0,0,0
2026-03-12 22:52,4ee317c,OOS,897.0,1.47,2807.5,1910.5,697,74.5,1.29,0.0,0.0,0,0,0,0,0,1.0,-148.5,341.5,31.9,10,0,0,0
2026-03-12 22:56,4ee317c,OOS,970.5,1.51,2860.5,1890.0,695,74.5,1.4,0.0,0.0,0,0,0,0,0,1.0,-148.5,341.5,32.7,10,0,0,0
2026-03-12 23:04,4ee317c,OOS,931.5,1.49,2839.0,1907.5,692,74.1,1.35,0.0,0.0,0,0,0,0,0,0.9,-148.5,341.0,40.0,10,0,0,0
2026-03-12 23:09,4ee317c,OOS,968.5,1.51,2880.5,1912.0,696,74.4,1.39,0.0,0.0,0,0,0,0,0,0.9,-148.5,336.0,40.0,10,0,0,0
2026-03-12 23:13,4ee317c,OOS,1048.5,1.56,2925.0,1876.5,694,74.5,1.51,0.0,0.0,0,0,0,0,0,1.0,-148.5,311.5,40.0,10,0,0,0
2026-03-12 23:25,5f32c6d,OOS,1614.0,1.65,4089.5,2475.5,968,76.3,1.67,0.0,0.0,0,0,0,0,0,0.9,-130.0,264.0,40.0,10,0,0,0
2026-03-12 23:30,5f32c6d,OOS,1624.0,1.67,4060.0,2436.0,970,76.1,1.67,0.0,0.0,0,0,0,0,0,1.0,-136.0,264.0,40.0,10,0,0,0
2026-03-12 23:34,5f32c6d,OOS,1657.0,1.69,4068.5,2411.5,971,76.1,1.71,0.0,0.0,0,0,0,0,0,1.0,-136.0,264.0,40.0,10,0,0,0
2026-03-13 04:05,5f32c6d,IS,32013.0,5.29,39477.5,7464.5,3730,81.8,8.58,55.6,34.2,17.3,5.0,1.0,31.0,42.0,1.0,0,0,30.0,10,3533.0,14707.5,508166.5
2026-03-13 04:11,5f32c6d,OOS,1570.5,1.63,4047.0,2476.5,973,76.4,1.61,0.0,0.0,0,0,0,0,0,1.0,-130.0,264.0,30.0,10,0,0,0
2026-03-13 04:15,5f32c6d,OOS,1600.0,1.65,4044.5,2444.5,972,76.0,1.65,0.0,0.0,0,0,0,0,0,1.0,-130.0,264.0,31.0,10,0,0,0
2026-03-13 04:20,5f32c6d,OOS,1601.5,1.65,4051.5,2450.0,972,76.1,1.65,0.0,0.0,0,0,0,0,0,1.0,-136.0,264.0,31.0,10,0,0,0
2026-03-13 12:15,cf1bb9a,IS,37.5,7.25,43.5,6.0,7,42.9,5.36,42.9,14.3,33.3,0.0,0.4,0.0,66.7,1.1,0,0,40.0,10,4.5,41.0,1582.5
2026-03-13 12:21,cf1bb9a,OOS,74.5,2.03,147.0,72.5,57,73.7,1.31,0.0,0.0,0,0,0,0,0,1.3,-18.0,33.5,40.0,10,0,0,0
2026-03-13 12:25,cf1bb9a,OOS,61.0,1.84,133.5,72.5,57,75.4,1.07,0.0,0.0,0,0,0,0,0,1.3,-18.0,35.5,40.0,10,0,0,0
2026-03-13 12:30,cf1bb9a,OOS,61.0,1.84,133.5,72.5,57,75.4,1.07,0.0,0.0,0,0,0,0,0,1.3,-18.0,35.5,40.0,10,0,0,0
2026-03-13 16:41,cf1bb9a,IS,31999.0,5.35,39355.0,7356.0,3713,82.5,8.62,55.5,34.5,16.7,5.1,1.0,31.3,42.4,1.0,0,0,30.0,10,3681.0,14716.0,509954.0
2026-03-13 16:45,cf1bb9a,OOS,1579.5,1.64,4049.0,2469.5,967,76.8,1.63,0.0,0.0,0,0,0,0,0,1.1,-149.0,334.0,31.0,10,0,0,0
2026-03-13 16:50,cf1bb9a,OOS,1597.5,1.65,4054.5,2457.0,967,76.7,1.65,0.0,0.0,0,0,0,0,0,1.1,-149.0,334.0,31.9,10,0,0,0
2026-03-13 16:54,cf1bb9a,OOS,1591.5,1.64,4061.0,2469.5,967,76.6,1.65,0.0,0.0,0,0,0,0,0,1.1,-149.0,334.0,31.9,10,0,0,0
2026-03-13 22:23,cda742a,IS,10222.0,6.17,12198.0,1976.0,1175,83.3,8.7,52.0,39.2,16.0,9.8,3.2,28.2,37.5,1.1,0,0,30.0,10,1281.0,3939.0,87370.5
2026-03-13 22:28,cda742a,OOS,96.0,1.04,2754.5,2658.5,990,75.4,0.1,0.0,0.0,0,0,0,0,0,1.0,-459.5,584.0,31.9,10,0,0,0
2026-03-13 22:33,cda742a,OOS,68.0,1.03,2775.5,2707.5,991,75.4,0.07,0.0,0.0,0,0,0,0,0,1.0,-459.5,580.0,33.4,10,0,0,0
2026-03-13 22:37,cda742a,OOS,133.5,1.05,2791.5,2658.0,992,75.5,0.13,0.0,0.0,0,0,0,0,0,1.0,-459.5,573.5,35.2,10,0,0,0
2026-03-14 06:30,cda742a,OOS,2858.5,1.69,6988.5,4130.0,1668,78.7,1.71,0.0,0.0,0,0,0,0,0,1.2,-183.5,234.0,40.0,10,0,0,0
2026-03-14 06:35,cda742a,OOS,2998.5,1.73,7125.0,4126.5,1673,78.8,1.79,0.0,0.0,0,0,0,0,0,1.2,-183.5,234.0,40.0,10,0,0,0
2026-03-14 06:39,cda742a,OOS,2920.5,1.71,7051.5,4131.0,1676,78.8,1.74,0.0,0.0,0,0,0,0,0,1.2,-183.5,234.0,40.0,10,0,0,0
2026-03-14 14:20,cd709cd,IS,51240.5,5.47,62700.5,11460.0,6146,81.7,8.34,53.4,36.3,18.6,5.7,0.9,33.4,38.0,1.0,0,0,30.0,10,5645.0,25519.5,721337.5
2026-03-14 14:28,cd709cd,OOS,3390.5,1.91,7124.5,3734.0,1659,79.5,2.04,0.0,0.0,0,0,0,0,0,1.0,-165.5,196.5,31.0,10,0,0,0
2026-03-14 14:34,cd709cd,OOS,3420.5,1.92,7133.0,3712.5,1657,79.5,2.06,0.0,0.0,0,0,0,0,0,1.0,-165.5,196.5,31.0,10,0,0,0
2026-03-14 14:40,cd709cd,OOS,3413.5,1.92,7126.0,3712.5,1656,79.5,2.06,0.0,0.0,0,0,0,0,0,1.0,-165.5,196.5,31.0,10,0,0,0
2026-03-14 15:17,cd709cd,IS,0.0,999.0,0,0,0,0,0,0,0,0,0,0,0,0,0,0,0,40.0,10,0,0,0
2026-03-14 15:23,cd709cd,OOS,790.0,1.53,2281.5,1491.5,461,56.0,1.71,0.0,0.0,0,0,0,0,0,0.7,-105.5,340.5,40.0,10,0,0,0
2026-03-14 15:29,cd709cd,OOS,785.5,1.53,2254.0,1468.5,454,55.5,1.73,0.0,0.0,0,0,0,0,0,0.7,-105.5,340.0,40.0,10,0,0,0
2026-03-14 15:35,cd709cd,OOS,778.5,1.53,2247.0,1468.5,454,55.5,1.71,0.0,0.0,0,0,0,0,0,0.7,-105.5,347.0,40.0,10,0,0,0
2026-03-14 15:49,cd709cd,IS,0.0,999.0,0,0,0,0,0,0,0,0,0,0,0,0,0,0,0,40.0,10,0,0,0
2026-03-14 15:54,cd709cd,OOS,790.0,1.53,2281.5,1491.5,461,56.0,1.71,0.0,0.0,0,0,0,0,0,0.7,-105.5,340.5,40.0,10,0,0,0
2026-03-14 16:00,cd709cd,OOS,785.5,1.53,2254.0,1468.5,454,55.5,1.73,0.0,0.0,0,0,0,0,0,0.7,-105.5,340.0,40.0,10,0,0,0
2026-03-14 16:05,cd709cd,OOS,778.5,1.53,2247.0,1468.5,454,55.5,1.71,0.0,0.0,0,0,0,0,0,0.7,-105.5,347.0,40.0,10,0,0,0
2026-03-14 17:16,cd709cd,IS,55517.0,4.82,70031.5,14514.5,8017,81.4,6.92,53.8,36.6,19.7,5.3,1.2,33.2,37.4,1.0,0,0,30.0,10,7596.5,27191.5,795564.0
2026-03-14 17:23,cd709cd,OOS,3824.5,1.89,8102.0,4277.5,1984,79.3,1.93,0.0,0.0,0,0,0,0,0,1.0,-215.5,260.5,32.7,10,0,0,0
2026-03-14 17:30,cd709cd,OOS,3870.5,1.91,8136.5,4266.0,1984,79.3,1.95,0.0,0.0,0,0,0,0,0,1.0,-215.5,260.5,33.4,10,0,0,0
2026-03-14 17:36,cd709cd,OOS,3849.0,1.9,8115.0,4266.0,1984,79.3,1.94,0.0,0.0,0,0,0,0,0,1.0,-215.5,260.5,34.1,10,0,0,0
2026-03-14 19:10,cd709cd,OOS,3862.0,1.91,8116.5,4254.5,1977,79.4,1.95,0.0,0.0,0,0,0,0,0,1.0,-215.5,260.5,40.0,10,0,0,0
2026-03-14 20:09,cd709cd,IS,53293.0,9.72,59406.0,6113.0,5050,97.0,10.55,53.1,43.9,3.4,8.5,2.0,18.5,63.7,2.3,0,0,30.0,10,4702.5,21302.0,589620.5
2026-03-14 20:16,cd709cd,OOS,4945.5,2.91,7541.5,2596.0,1802,94.6,2.74,0.0,0.0,0,0,0,0,0,1.9,-140.5,147.5,30.0,10,0,0,0
2026-03-14 20:22,cd709cd,OOS,4942.0,2.9,7538.0,2596.0,1801,94.6,2.74,0.0,0.0,0,0,0,0,0,1.9,-140.5,147.5,30.0,10,0,0,0
2026-03-14 20:29,cd709cd,OOS,4948.5,2.91,7544.5,2596.0,1801,94.6,2.75,0.0,0.0,0,0,0,0,0,1.9,-140.5,147.5,30.0,10,0,0,0
2026-03-15 06:48,cd709cd,IS,60637.08,8.78,68426.08,7789.0,7119,97.1,8.52,54.0,43.3,3.7,6.6,1.7,32.1,56.7,1.2,0,0,30.0,10,5797.5,28292.4,862840.95
2026-03-15 06:55,cd709cd,OOS,8950.43,4.2,11744.43,2794.0,1896,94.5,4.72,0.0,0.0,0,0,0,0,0,1.3,-152.2,172.95,30.0,10,0,0,0
2026-03-15 07:01,cd709cd,OOS,8950.43,4.2,11744.43,2794.0,1896,94.5,4.72,0.0,0.0,0,0,0,0,0,1.3,-152.2,172.95,31.0,10,0,0,0
2026-03-15 07:08,cd709cd,OOS,8949.43,4.2,11743.43,2794.0,1895,94.5,4.72,0.0,0.0,0,0,0,0,0,1.3,-152.2,172.95,31.9,10,0,0,0
2026-03-15 08:44,3e3407e,IS,186.3,11.35,204.3,18.0,24,87.5,7.76,29.2,45.8,57.1,1.3,0.7,28.6,14.3,0.4,0,0,40.0,10,0,133.3,500.35
2026-03-15 08:44,3e3407e,OOS,25.28,1.18,165.28,140.0,67,79.1,0.38,0.0,0.0,0,0,0,0,0,1.2,-18.32,69.07,40.0,10,0,0,0
2026-03-15 08:49,3e3407e,IS,0.0,999.0,0,0,0,0,0,0,0,0,0,0,0,0,0,0,0,40.0,10,0,0,0
2026-03-15 08:49,3e3407e,OOS,26.25,1.19,161.25,135.0,65,78.5,0.4,0.0,0.0,0,0,0,0,0,1.3,-14.5,41.25,40.0,10,0,0,0
2026-03-15 08:50,3e3407e,IS,186.3,11.35,204.3,18.0,24,87.5,7.76,29.2,45.8,57.1,1.3,0.7,28.6,14.3,0.4,0,0,40.0,10,0,133.3,500.35
2026-03-15 08:58,3e3407e,IS,186.3,11.35,204.3,18.0,24,87.5,7.76,29.2,45.8,57.1,1.3,0.7,28.6,14.3,0.4,0,0,40.0,10,0,133.3,500.35
2026-03-15 08:59,3e3407e,IS,186.3,11.35,204.3,18.0,24,87.5,7.76,29.2,45.8,57.1,1.3,0.7,28.6,14.3,0.4,0,0,40.0,10,0,133.3,500.35
2026-03-15 11:18,215682b,IS,59761.48,4.79,75512.48,15751.0,9253,83.2,6.46,54.1,37.3,18.0,4.9,1.1,36.4,39.0,0.7,0,0,30.0,10,8493.5,31651.3,952568.82
2026-03-15 11:25,215682b,OOS,5747.07,2.35,10019.07,4272.0,2034,80.1,2.83,0.0,0.0,0,0,0,0,0,0.9,-143.7,174.7,32.7,10,0,0,0
2026-03-15 11:30,215682b,OOS,5747.57,2.35,10019.57,4272.0,2034,80.1,2.83,0.0,0.0,0,0,0,0,0,0.9,-143.7,174.7,34.1,10,0,0,0
2026-03-15 11:36,215682b,OOS,5735.32,2.34,10019.32,4284.0,2034,80.0,2.82,0.0,0.0,0,0,0,0,0,0.9,-143.7,174.7,35.7,10,0,0,0
2026-03-15 13:10,b2b5343,IS,59850.98,4.82,75512.48,15661.5,9253,83.2,6.47,54.1,37.3,18.0,4.9,1.2,36.4,39.0,0.7,0,0,30.0,10,8404.0,31651.3,952568.82
2026-03-15 13:17,b2b5343,OOS,5747.07,2.35,10019.07,4272.0,2034,80.1,2.83,0.0,0.0,0,0,0,0,0,0.9,-143.7,174.7,32.7,10,0,0,0
2026-03-15 13:22,b2b5343,OOS,5747.57,2.35,10019.57,4272.0,2034,80.1,2.83,0.0,0.0,0,0,0,0,0,0.9,-143.7,174.7,34.1,10,0,0,0
2026-03-15 18:10,b2b5343,IS,59850.98,4.82,75512.48,15661.5,9253,83.2,6.47,54.1,37.3,18.0,4.9,1.2,36.4,39.0,0.7,0,0,30.0,10,8404.0,31651.3,952568.82
2026-03-15 18:17,b2b5343,OOS,5747.07,2.35,10019.07,4272.0,2034,80.1,2.83,0.0,0.0,0,0,0,0,0,0.9,-143.7,174.7,32.7,10,0,0,0
2026-03-15 18:23,b2b5343,OOS,5747.57,2.35,10019.57,4272.0,2034,80.1,2.83,0.0,0.0,0,0,0,0,0,0.9,-143.7,174.7,34.1,10,0,0,0
2026-03-15 20:45,8996cac,IS,52045.05,2.68,83006.05,30961.0,6551,65.9,7.94,54.3,28.2,32.7,6.6,1.7,37.2,15.9,1.7,0,0,30.0,10,18600.5,32447.83,536377.47
2026-03-15 20:51,8996cac,OOS,2478.9,1.21,14335.9,11857.0,1815,53.2,1.37,0.0,0.0,0,0,0,0,0,2.2,-330.0,706.35,31.0,10,0,0,0
2026-03-15 20:58,8996cac,OOS,2560.55,1.22,14383.05,11822.5,1811,53.3,1.41,0.0,0.0,0,0,0,0,0,2.2,-330.0,729.2,31.0,10,0,0,0
2026-03-15 21:51,8996cac,IS,52177.2,2.7,82907.2,30730.0,6541,66.0,7.98,54.1,28.4,32.7,6.6,1.7,37.2,15.8,1.7,0,0,31.0,10,18444.0,32481.58,532162.97
2026-03-15 21:58,8996cac,OOS,2501.9,1.21,14375.4,11873.5,1818,53.4,1.38,0.0,0.0,0,0,0,0,0,2.2,-330.0,706.35,31.9,10,0,0,0
2026-03-15 22:04,8996cac,OOS,2538.05,1.21,14397.55,11859.5,1814,53.5,1.4,0.0,0.0,0,0,0,0,0,2.2,-330.0,731.2,32.7,10,0,0,0
2026-03-16 07:12,6ca76fc,IS,52406.2,2.71,83011.2,30605.0,6546,65.9,8.01,54.1,28.3,32.7,6.6,1.9,37.2,15.9,1.7,0,0,30.0,10,18230.5,32474.58,531868.97
2026-03-16 07:18,6ca76fc,OOS,2462.4,1.21,14353.9,11891.5,1819,53.2,1.35,0.0,0.0,0,0,0,0,0,2.2,-282.5,750.85,31.0,10,0,0,0
2026-03-16 07:24,6ca76fc,OOS,2518.05,1.21,14390.55,11872.5,1815,53.4,1.39,0.0,0.0,0,0,0,0,0,2.2,-282.5,775.7,31.9,10,0,0,0
2026-03-16 09:27,bca684f,IS,50509.57,2.61,81812.07,31302.5,8255,47.1,6.12,53.6,20.0,51.0,4.8,1.3,27.3,10.3,1.0,0,0,31.9,10,15726.0,31681.15,494915.52
2026-03-16 09:34,bca684f,OOS,512.8,1.06,9417.3,8904.5,2003,29.3,0.26,0.0,0.0,0,0,0,0,0,0.9,-300.2,515.95,33.4,10,0,0,0
2026-03-16 09:40,bca684f,OOS,539.55,1.06,9470.55,8931.0,2010,29.4,0.27,0.0,0.0,0,0,0,0,0,0.9,-300.2,517.45,34.7,10,0,0,0
2026-03-16 10:45,589666e,IS,53034.12,2.78,82876.62,29842.5,6518,66.4,8.14,54.2,28.4,32.1,6.8,2.0,37.9,15.9,1.7,0,0,30.0,10,18090.0,32357.1,536175.57
2026-03-16 10:53,589666e,OOS,4929.62,1.43,16520.12,11590.5,1813,55.2,2.72,0.0,0.0,0,0,0,0,0,2.3,-332.2,643.35,31.0,10,0,0,0
2026-03-16 10:59,589666e,OOS,4715.78,1.4,16405.78,11690.0,1816,54.6,2.6,0.0,0.0,0,0,0,0,0,2.4,-303.2,673.2,31.9,10,0,0,0
2026-03-16 14:11,1c1f555,IS,52804.57,2.77,82636.07,29831.5,5836,66.9,9.05,54.1,28.4,31.3,7.3,2.2,35.7,17.4,2.0,0,0,30.0,10,18123.0,32346.68,487300.7
2026-03-16 14:19,40a8840,OOS,5519.38,1.49,16780.88,11261.5,1705,58.4,3.24,0.0,0.0,0,0,0,0,0,3.1,-375.0,1048.6,31.0,10,0,0,0
2026-03-16 14:26,4ac3a0f,OOS,5563.03,1.5,16788.53,11225.5,1707,58.7,3.26,0.0,0.0,0,0,0,0,0,3.1,-375.0,1004.45,31.9,10,0,0,0
2026-03-16 16:38,84fc88b,IS,50189.65,2.75,78910.65,28721.0,4355,65.9,11.52,53.9,27.2,30.4,9.9,3.0,29.5,18.6,4.5,0,0,31.0,10,18750.0,28007.83,366246.37
2026-03-16 16:46,84fc88b,OOS,8508.28,1.74,20011.78,11503.5,1385,57.8,6.14,0.0,0.0,0,0,0,0,0,7.4,-398.0,1348.2,31.0,10,0,0,0
2026-03-16 16:53,84fc88b,OOS,8500.62,1.75,19877.12,11376.5,1379,57.7,6.16,0.0,0.0,0,0,0,0,0,7.2,-398.0,1377.35,31.0,10,0,0,0
2026-03-16 18:39,e352dfe,IS,49758.4,2.73,78557.9,28799.5,4351,65.7,11.44,53.9,27.1,30.5,9.9,3.0,29.5,18.6,4.5,0,0,30.0,10,18819.5,27769.08,362900.12
2026-03-16 18:48,e352dfe,OOS,6906.53,1.61,18235.03,11328.5,1381,57.8,5.0,0.0,0.0,0,0,0,0,0,7.4,-398.0,1349.2,30.0,10,0,0,0
2026-03-16 18:55,e352dfe,OOS,6638.88,1.58,18032.88,11394.0,1379,57.5,4.81,0.0,0.0,0,0,0,0,0,7.2,-398.0,1374.35,30.0,10,0,0,0
2026-03-17 06:28,e18749a,IS,50414.42,2.79,78642.42,28228.0,4528,67.2,11.13,53.4,28.4,29.6,10.0,2.9,30.9,18.3,3.6,0,0,30.0,10,18323.0,28872.93,378121.95
2026-03-17 06:37,e18749a,OOS,5552.7,1.46,17518.2,11965.5,1582,58.5,3.51,0.0,0.0,0,0,0,0,0,5.3,-383.0,715.0,30.0,10,0,0,0
2026-03-17 11:02,5fec583,IS,51177.2,2.85,78783.2,27606.0,4781,70.3,10.7,53.8,29.8,27.1,9.1,2.6,32.8,21.4,3.2,0,0,31.0,10,17660.0,30061.38,428511.83
2026-03-17 11:11,5fec583,OOS,6739.8,1.51,19918.3,13178.5,1691,66.4,3.99,0.0,0.0,0,0,0,0,0,6.3,-654.5,1284.75,31.0,10,0,0,0
2026-03-17 14:03,d812c96,IS,51202.7,2.85,78815.2,27612.5,4781,70.3,10.71,53.9,29.8,27.1,9.1,2.6,32.9,21.4,3.2,0,0,31.0,10,17663.0,30082.38,428575.83
2026-03-17 14:12,d812c96,OOS,6739.8,1.51,19918.3,13178.5,1691,66.4,3.99,0.0,0.0,0,0,0,0,0,6.3,-654.5,1284.75,31.0,10,0,0,0
2026-03-17 15:49,bfda778,IS,51217.2,2.86,78819.2,27602.0,4780,70.3,10.71,53.9,29.8,27.1,9.1,2.6,32.8,21.5,3.2,0,0,31.0,10,17652.5,30075.38,428832.33
2026-03-17 15:58,bfda778,OOS,6739.8,1.51,19918.3,13178.5,1691,66.4,3.99,0.0,0.0,0,0,0,0,0,6.3,-654.5,1284.75,31.0,10,0,0,0
2026-03-17 17:05,594dea6,IS,1634.4,2.54,2692.9,1058.5,143,67.1,11.43,54.5,25.2,24.4,14.6,1.5,25.6,24.4,3.2,0,0,40.0,10,592.5,589.15,11957.25
2026-03-17 17:07,594dea6,IS,1634.4,2.54,2692.9,1058.5,143,67.1,11.43,54.5,25.2,24.4,14.6,1.5,25.6,24.4,3.2,0,0,40.0,10,592.5,589.15,11957.25
2026-03-17 17:15,8b06ce8,IS,1634.4,2.54,2692.9,1058.5,143,67.1,11.43,54.5,25.2,24.4,14.6,1.5,25.6,24.4,3.2,0,0,40.0,10,592.5,589.15,11957.25
2026-03-17 17:23,d0c250c,IS,1634.4,2.54,2692.9,1058.5,143,67.1,11.43,54.5,25.2,24.4,14.6,1.5,25.6,24.4,3.2,0,0,40.0,10,592.5,589.15,11957.25
2026-03-17 17:48,884f8c7,IS,1634.4,2.54,2692.9,1058.5,143,67.1,11.43,54.5,25.2,24.4,14.6,1.5,25.6,24.4,3.2,0,0,40.0,10,592.5,589.15,11957.25
2026-03-17 18:00,d6db9d3,IS,1634.4,2.54,2692.9,1058.5,143,67.1,11.43,54.5,25.2,24.4,14.6,1.5,25.6,24.4,3.2,0,0,40.0,10,592.5,589.15,11957.25
2026-03-17 18:07,1ee78a2,IS,3218.65,2.77,5036.15,1817.5,407,71.5,7.91,19.2,8.1,25.6,14.3,1.4,25.6,23.1,2.1,0,0,40.0,10,516.5,547.65,11001.25
2026-03-17 19:23,c3fa5d5,IS,109332.48,2.92,166129.98,56797.5,14898,72.9,7.34,16.9,9.3,27.2,9.0,2.6,32.7,21.7,2.1,0,0,31.0,10,17213.5,29461.38,419416.58
2026-03-17 19:33,c3fa5d5,OOS,6739.8,1.51,19918.3,13178.5,1691,66.4,3.99,0.0,0.0,0,0,0,0,0,6.3,-654.5,1284.75,31.0,10,0,0,0
2026-03-17 20:09,562e060,OOS,6639.3,1.5,19822.3,13183.0,1682,66.3,3.95,0.0,0.0,0,0,0,0,0,6.4,-654.5,1287.75,40.0,10,0,0,0
2026-03-17 20:26,6e09568,OOS,40295.48,2.1,76879.98,36584.5,5087,62.2,7.92,0.0,0.0,0,0,0,0,0,4.7,-895.5,3063.5,40.0,10,0,0,0
2026-03-17 21:02,25e2ada,OOS,50513.6,2.2,92694.1,42180.5,5891,62.7,8.57,0.0,0.0,0,0,0,0,0,4.4,-884.5,2730.53,40.0,10,0,0,0
2026-03-17 21:29,dabd748,OOS,39656.43,2.08,76292.43,36636.0,5086,62.2,7.8,0.0,0.0,0,0,0,0,0,4.7,-895.5,3070.75,40.0,10,0,0,0
2026-03-17 21:46,dabd748,OOS,39656.43,2.08,76292.43,36636.0,5086,62.2,7.8,0.0,0.0,0,0,0,0,0,4.7,-895.5,3070.75,40.0,10,0,0,0
2026-03-17 21:59,7d8ee3c,OOS,6373.65,1.48,19635.65,13262.0,1682,66.3,3.79,0.0,0.0,0,0,0,0,0,6.4,-662.53,1287.75,40.0,10,0,0,0
2026-03-18 06:22,59381cb,IS,-127.6,0.97,3771.9,3899.5,521,56.6,-0.24,0.0,0.0,0,0,0,0,0,4.3,0,0,40.0,10,0,0,0
2026-03-18 06:31,2908bce,IS,69.05,1.02,4068.55,3999.5,544,57.7,0.13,0.0,0.0,0,0,0,0,0,4.2,0,0,40.0,10,0,0,0
2026-03-18 06:48,93dfcb6,IS,2354.97,1.53,6760.97,4406.0,807,63.8,2.92,0.0,0.0,0,0,0,0,0,3.0,0,0,40.0,10,0,0,0
2026-03-18 08:16,2a40578,IS,86131.54,1.64,220449.04,134317.5,26339,64.5,3.27,0.0,0.0,0,0,0,0,0,2.7,0,0,40.0,10,0,0,0
2026-03-18 08:28,2a40578,OOS,41696.81,2.23,75570.31,33873.5,5066,63.8,8.23,0.0,0.0,0,0,0,0,0,4.5,-589.0,1763.25,40.0,10,0,0,0
2026-03-18 09:58,d87e26c,IS,92328.56,1.64,236703.56,144375.0,28500,64.4,3.24,0.0,0.0,0,0,0,0,0,2.7,0,0,40.0,10,0,0,0
2026-03-18 10:12,d87e26c,OOS,41743.14,2.23,75765.14,34022.0,5088,63.7,8.2,0.0,0.0,0,0,0,0,0,4.4,-589.0,1815.25,40.0,10,0,0,0
2026-03-19 09:22,6d7259c,IS,10999.1,1.33,43867.1,32868.0,8068,58.5,1.36,0.0,0.0,0,0,0,0,0,1.5,0,0,40.0,10,0,0,0
2026-03-19 09:27,6d7259c3,OOS,6142.5,1.28,28330.5,22188.0,3488,64.9,1.76,0.0,0.0,0,0,0,0,0,1.4,-8927.83,9524.3,40.0,10,0,0,0
2026-03-19 10:39,5eca81a3,IS,-382.3,0.69,837.2,1219.5,181,44.2,-2.11,0.0,0.0,0,0,0,0,0,2.2,0,0,40.0,10,0,0,0
2026-03-19 10:43,5eca81a3,OOS,-122.85,0.98,6803.15,6926.0,202,55.9,-0.61,0.0,0.0,0,0,0,0,0,19.9,-1305.5,3627.0,40.0,10,0,0,0
2026-03-19 10:51,5eca81a3,IS,-382.3,0.69,837.2,1219.5,181,44.2,-2.11,0.0,0.0,0,0,0,0,0,2.2,0,0,40.0,10,0,0,0
2026-03-19 10:56,5eca81a3,OOS,-122.85,0.98,6803.15,6926.0,202,55.9,-0.61,0.0,0.0,0,0,0,0,0,19.9,-1305.5,3627.0,40.0,10,0,0,0
2026-03-19 11:03,5eca81a3,IS,1058.4,2.19,1944.9,886.5,153,63.4,6.92,0.0,0.0,0,0,0,0,0,1.7,0,0,40.0,10,0,0,0
2026-03-19 12:25,9a4460cf,IS,1942.87,1.24,10126.87,8184.0,2010,56.8,0.97,0.0,0.0,0,0,0,0,0,1.6,0,0,40.0,10,0,0,0
2026-03-19 12:30,9a4460cf,OOS,4192.63,2.12,7921.13,3728.5,850,65.4,4.93,0.0,0.0,0,0,0,0,0,1.4,-96.0,158.95,40.0,10,0,0,0
2026-03-19 12:45,fc83eb99,OOS,14335.85,2.05,28011.35,13675.5,3362,66.6,4.26,0.0,0.0,0,0,0,0,0,1.4,-534.03,1174.0,40.0,10,0,0,0
2026-03-19 13:32,fc83eb99,OOS,14335.85,2.05,28011.35,13675.5,3362,66.6,4.26,0.0,0.0,0,0,0,0,0,1.4,-534.03,1174.0,40.0,10,0,0,0
2026-03-19 13:43,047ed5f1,OOS,13822.35,1.97,28011.35,14189.0,3369,66.4,4.1,0.0,0.0,0,0,0,0,0,1.4,-1047.53,1687.5,40.0,10,0,0,0
2026-03-19 22:28,0c153d3e,IS,114799.43,2.47,192712.92,77913.5,22525,66.1,5.1,0.0,0.0,0,0,0,0,0,1.2,0,0,40.0,10,0,0,0
2026-03-19 22:33,0c153d3e,OOS,18596.95,2.06,36119.45,17522.5,4375,65.5,4.25,0.0,0.0,0,0,0,0,0,1.3,-1047.53,1687.5,40.0,10,0,0,0
2026-03-20 05:39,84adeb2f,OOS,22619.03,2.18,41721.03,19102.0,4644,66.8,4.87,0.0,0.0,0,0,0,0,0,1.5,-1047.53,1687.5,40.0,10,0,0,0
2026-03-20 05:46,c0e37f53,OOS,22619.03,2.18,41721.03,19102.0,4644,66.8,4.87,0.0,0.0,0,0,0,0,0,1.5,-1047.53,1687.5,40.0,10,0,0,0
2026-03-20 06:00,c7400a81,OOS,22619.03,2.18,41721.03,19102.0,4644,66.8,4.87,0.0,0.0,0,0,0,0,0,1.5,-1047.53,1687.5,40.0,10,0,0,0
2026-03-20 15:36,5ad8a1d2,OOS,22812.13,2.13,42974.13,20162.0,4810,66.3,4.74,0.0,0.0,0,0,0,0,0,1.5,-1047.53,1687.5,40.0,10,0,0,0
2026-03-20 17:13,5ad8a1d2,OOS,21532.98,2.04,42202.98,20670.0,4713,66.9,4.57,0.0,0.0,0,0,0,0,0,1.7,-1047.53,1687.5,40.0,10,0,0,0
2026-03-20 18:45,a2d42645,OOS,21642.93,2.09,41490.43,19847.5,4637,67.1,4.67,0.0,0.0,0,0,0,0,0,1.7,-1047.53,1672.5,40.0,10,0,0,0
2026-03-20 19:38,a2d42645,IS,209733.93,2.45,354408.92,144675.0,34446,70.4,6.09,0.0,0.0,0,0,0,0,0,2.0,0,0,40.0,10,0,0,0
2026-03-20 19:44,a2d42645,OOS,21630.93,2.09,41490.43,19859.5,4636,67.1,4.67,0.0,0.0,0,0,0,0,0,1.7,-1047.53,1672.5,40.0,10,0,0,0
2026-03-20 21:51,4cef561e,IS,209733.93,2.45,354408.92,144675.0,34446,70.4,6.09,0.0,0.0,0,0,0,0,0,2.0,0,0,40.0,10,0,0,0
2026-03-20 21:57,4cef561e,OOS,21630.93,2.09,41490.43,19859.5,4636,67.1,4.67,0.0,0.0,0,0,0,0,0,1.7,-1047.53,1672.5,40.0,10,0,0,0
2026-03-21 04:25,506393e7,IS,114328.28,2.53,189083.77,74755.5,21779,66.6,5.25,0.0,0.0,0,0,0,0,0,1.2,0,0,40.0,10,0,0,0
2026-03-21 04:31,506393e7,OOS,16409.47,1.98,33189.97,16780.5,3957,65.4,4.15,0.0,0.0,0,0,0,0,0,1.4,-1047.53,1672.5,40.0,10,0,0,0
2026-03-21 05:47,fd7361ef,IS,136041.48,2.48,227984.47,91943.0,26135,65.0,5.21,0.0,0.0,0,0,0,0,0,1.3,0,0,40.0,10,0,0,0
2026-03-21 05:53,fd7361ef,OOS,16669.35,1.98,33759.85,17090.5,3976,64.7,4.19,0.0,0.0,0,0,0,0,0,1.5,-1006.58,1672.5,40.0,10,0,0,0
