feature,split,day,side,start_ts,duration_min,peak_value,fwd_ret,fwd_mfe,fwd_mae,tod_hour,dow
L3_15m_hurst_12,IS,2025_01_03,below_lower,1735862400,14.92,0.3809526100735695,75.25,77.5,-6.75,0,Fri
L3_15m_hurst_12,IS,2025_01_03,below_lower,1735888500,14.92,0.3428935566595647,44.0,47.5,-1.75,7,Fri
L3_15m_hurst_12,IS,2025_01_06,above_upper,1736134200,14.92,0.8701914370627432,11.5,12.75,-2.0,3,Mon
L3_15m_hurst_12,IS,2025_01_06,above_upper,1736190900,29.92,0.8427289722396517,-10.5,19.75,-52.5,19,Mon
L3_15m_hurst_12,IS,2025_01_06,above_upper,1736193600,29.92,0.9746240782845058,106.5,106.5,-1.5,20,Mon
L3_15m_hurst_12,IS,2025_01_07,above_upper,1736211600,74.92,0.9434799897053371,9.75,13.25,-11.5,1,Tue
L3_15m_hurst_12,IS,2025_01_07,above_upper,1736235900,134.92,1.0,44.75,44.75,-5.5,7,Tue
L3_15m_hurst_12,IS,2025_01_07,above_upper,1736246700,14.92,0.8442258428839992,-27.75,5.25,-38.25,10,Tue
L3_15m_hurst_12,IS,2025_01_07,above_upper,1736256600,29.92,0.876794693595195,41.75,48.25,-10.75,13,Tue
L3_15m_hurst_12,IS,2025_01_08,below_lower,1736358300,149.92,0.261086573168254,130.0,159.75,-21.25,17,Wed
L3_15m_hurst_12,IS,2025_01_09,below_lower,1736386200,89.92,0.22042483567693313,14.75,20.5,-13.0,1,Thu
L3_15m_hurst_12,IS,2025_01_09,below_lower,1736394300,194.92,0.25030491698745005,-32.0,0.0,-43.25,3,Thu
L3_15m_hurst_12,IS,2025_01_09,below_lower,1736407800,179.92,0.249713929227097,6.5,6.5,-57.0,7,Thu
L3_15m_hurst_12,IS,2025_01_10,below_lower,1736472600,29.92,0.33532284789194966,23.5,27.25,-5.75,1,Fri
L3_15m_hurst_12,IS,2025_01_10,below_lower,1736480700,14.92,0.3717471809084247,-1.5,18.75,-12.25,3,Fri
L3_15m_hurst_12,IS,2025_01_10,below_lower,1736483405,29.75,0.27017064570774224,24.25,30.0,-2.5,4,Fri
L3_15m_hurst_12,IS,2025_01_10,below_lower,1736491500,104.92,0.2892227029947207,17.25,29.25,-28.25,6,Fri
L3_15m_hurst_12,IS,2025_01_13,above_upper,1736790300,14.92,0.8557019815276797,44.5,83.0,0.0,17,Mon
L3_15m_hurst_12,IS,2025_01_14,below_lower,1736850600,44.92,0.3246359753982618,-19.0,25.75,-22.75,10,Tue
L3_15m_hurst_12,IS,2025_01_15,below_lower,1736899200,44.75,0.3635448931404867,8.5,10.75,-8.5,0,Wed
L3_15m_hurst_12,IS,2025_01_15,below_lower,1736902800,44.58,0.35785143829792293,-2.25,7.5,-13.75,1,Wed
L3_15m_hurst_12,IS,2025_01_15,below_lower,1736975700,14.92,0.3661781285796716,10.25,11.25,-3.5,21,Wed
L3_15m_hurst_12,IS,2025_01_17,below_lower,1737107100,14.83,0.3517337428011698,-2.75,12.75,-14.75,9,Fri
L3_15m_hurst_12,IS,2025_01_20,above_upper,1737333900,14.92,0.8703528357528048,21.0,35.0,-4.5,0,Mon
L3_15m_hurst_12,IS,2025_01_20,above_upper,1737338400,29.92,0.8573002493255379,-7.25,4.75,-15.25,2,Mon
L3_15m_hurst_12,IS,2025_01_20,above_upper,1737344700,14.83,0.8416705650389813,-2.0,9.0,-7.0,3,Mon
L3_15m_hurst_12,IS,2025_01_20,above_upper,1737351000,14.92,0.8471491521304166,17.5,17.5,-1.5,5,Mon
L3_15m_hurst_12,IS,2025_01_21,below_lower,1737488700,59.92,0.28222010105250345,-0.25,38.0,-19.25,19,Tue
L3_15m_hurst_12,IS,2025_01_22,below_lower,1737540900,14.92,0.34917913718318855,26.75,31.25,-3.5,10,Wed
L3_15m_hurst_12,IS,2025_01_22,below_lower,1737542700,29.92,0.36688441388906956,8.5,17.25,-2.75,10,Wed
L3_15m_hurst_12,IS,2025_01_22,below_lower,1737558900,29.92,0.36102656940472594,-23.0,12.5,-37.25,15,Wed
L3_15m_hurst_12,IS,2025_01_22,below_lower,1737571500,14.92,0.3782332535719046,-27.5,8.0,-34.25,18,Wed
L3_15m_hurst_12,IS,2025_01_23,above_upper,1737594000,14.92,0.8524024533501531,-3.0,15.5,-5.25,1,Thu
L3_15m_hurst_12,IS,2025_01_23,above_upper,1737607505,14.83,0.876898857226738,-0.25,8.25,-5.25,4,Thu
L3_15m_hurst_12,IS,2025_01_23,above_upper,1737636300,29.92,0.8603208044013846,-4.25,19.75,-17.5,12,Thu
L3_15m_hurst_12,IS,2025_01_23,above_upper,1737639000,149.92,1.0,-17.5,16.75,-22.75,13,Thu
L3_15m_hurst_12,IS,2025_01_23,above_upper,1737648900,14.92,0.8800009547115893,1.0,30.75,-25.25,16,Thu
L3_15m_hurst_12,IS,2025_01_23,above_upper,1737650700,29.92,0.9098748682491411,-41.25,14.5,-55.0,16,Thu
L3_15m_hurst_12,IS,2025_01_24,below_lower,1737726300,14.92,0.37422368073332307,53.5,53.5,-2.0,13,Fri
L3_15m_hurst_12,IS,2025_01_24,below_lower,1737728100,29.92,0.3602902374878435,-18.25,43.25,-32.5,14,Fri
L3_15m_hurst_12,IS,2025_01_24,below_lower,1737732600,29.92,0.3564891874181641,17.5,21.0,-25.5,15,Fri
L3_15m_hurst_12,IS,2025_01_24,below_lower,1737736200,29.92,0.35999876177494605,-38.0,21.5,-43.25,16,Fri
L3_15m_hurst_12,IS,2025_01_24,above_upper,1737746100,14.92,0.8650635293663459,29.0,37.25,-9.0,19,Fri
L3_15m_hurst_12,IS,2025_01_27,above_upper,1737960300,14.92,0.8424360003095195,-28.25,37.25,-52.75,6,Mon
L3_15m_hurst_12,IS,2025_01_27,above_upper,1737962100,44.92,0.8876588069386503,-106.5,0.0,-113.0,7,Mon
L3_15m_hurst_12,IS,2025_01_27,above_upper,1737984600,59.92,1.0,-56.25,5.5,-57.25,13,Mon
L3_15m_hurst_12,IS,2025_01_27,above_upper,1737991800,29.92,0.851012594962726,-150.25,58.0,-158.25,15,Mon
L3_15m_hurst_12,IS,2025_01_27,above_upper,1738003500,74.92,0.9270686525933787,-34.25,58.75,-52.5,18,Mon
L3_15m_hurst_12,IS,2025_01_27,above_upper,1738009800,14.92,0.8608505330438591,127.75,139.0,-14.5,20,Mon
L3_15m_hurst_12,IS,2025_01_28,above_upper,1738024200,29.92,0.9230215662558852,15.5,29.5,-21.5,0,Tue
L3_15m_hurst_12,IS,2025_01_28,above_upper,1738026900,44.92,0.8832790285526789,-29.5,10.25,-89.75,1,Tue
L3_15m_hurst_12,IS,2025_01_28,below_lower,1738069200,89.92,0.34839254829796124,-8.5,49.25,-25.0,13,Tue
L3_15m_hurst_12,IS,2025_01_28,below_lower,1738079100,14.92,0.35628205870356533,-1.25,49.25,-39.5,15,Tue
L3_15m_hurst_12,IS,2025_01_28,below_lower,1738080900,14.92,0.34230439886639,82.0,89.0,-60.75,16,Tue
L3_15m_hurst_12,IS,2025_01_28,below_lower,1738082700,14.92,0.3330486361466021,111.25,134.75,-26.5,16,Tue
L3_15m_hurst_12,IS,2025_01_29,above_upper,1738149300,29.92,0.8556212627432814,7.25,30.5,-10.25,11,Wed
L3_15m_hurst_12,IS,2025_01_30,below_lower,1738214110,14.67,0.34568885256749066,-2.5,11.25,-8.5,5,Thu
L3_15m_hurst_12,IS,2025_01_30,below_lower,1738225800,29.92,0.3101559078287527,-28.75,7.5,-34.0,8,Thu
L3_15m_hurst_12,IS,2025_01_31,below_lower,1738298700,14.92,0.37738455192894654,7.25,15.0,-6.25,4,Fri
L3_15m_hurst_12,IS,2025_01_31,below_lower,1738305900,29.92,0.3764441238536895,18.0,38.5,-11.25,6,Fri
L3_15m_hurst_12,IS,2025_01_31,below_lower,1738329300,14.92,0.3388235583463747,-20.75,26.5,-23.25,13,Fri
L3_15m_hurst_12,IS,2025_01_31,below_lower,1738335600,119.92,0.2869628904602725,67.5,85.5,0.0,15,Fri
L3_15m_hurst_12,IS,2025_01_31,below_lower,1738343700,44.92,0.3418074375162745,-2.0,29.5,-16.5,17,Fri
L3_15m_hurst_12,IS,2025_01_31,above_upper,1738354500,104.92,0.984229185716943,-9.75,62.0,-38.25,20,Fri
L3_15m_hurst_12,IS,2025_02_03,below_lower,1738618200,104.92,0.3452176091461496,83.0,83.0,-15.5,21,Mon
L3_15m_hurst_12,IS,2025_02_04,below_lower,1738628100,44.92,0.358647199648174,-35.75,15.25,-43.25,0,Tue
L3_15m_hurst_12,IS,2025_02_04,below_lower,1738643400,14.92,0.37929912258437337,-142.25,0.0,-229.25,4,Tue
L3_15m_hurst_12,IS,2025_02_04,below_lower,1738682100,29.92,0.34678908376658324,27.75,49.75,-12.25,15,Tue
L3_15m_hurst_12,IS,2025_02_05,above_upper,1738765800,44.92,0.8839489771994271,33.75,53.5,-46.5,14,Wed
L3_15m_hurst_12,IS,2025_02_05,above_upper,1738769400,14.92,0.8535285880617864,40.5,49.0,-33.25,15,Wed
L3_15m_hurst_12,IS,2025_02_06,above_upper,1738842300,14.92,0.8516370708575272,4.75,10.25,-35.5,11,Thu
L3_15m_hurst_12,IS,2025_02_06,above_upper,1738844100,14.92,0.8598401386610008,49.5,57.0,-5.5,12,Thu
L3_15m_hurst_12,IS,2025_02_06,below_lower,1738868400,14.92,0.3746403658227475,-66.5,16.75,-98.5,19,Thu
L3_15m_hurst_12,IS,2025_02_06,below_lower,1738870200,89.92,0.3547307895505152,6.25,6.25,-77.0,19,Thu
L3_15m_hurst_12,IS,2025_02_06,below_lower,1738876500,14.92,0.25882617035925914,2.25,53.5,-9.0,21,Thu
L3_15m_hurst_12,IS,2025_02_06,below_lower,1738878300,104.92,0.3430955909449227,-23.75,6.0,-23.75,21,Thu
L3_15m_hurst_12,IS,2025_02_07,below_lower,1738937700,14.92,0.34058170292546125,-166.0,79.25,-196.0,14,Fri
L3_15m_hurst_12,IS,2025_02_07,below_lower,1738940400,14.92,0.34028036657044025,-160.75,0.0,-252.25,15,Fri
L3_15m_hurst_12,IS,2025_02_10,above_upper,1739178900,14.92,0.885704886062979,5.0,9.75,-16.0,9,Mon
L3_15m_hurst_12,IS,2025_02_10,above_upper,1739180700,44.83,0.9181594206458925,29.75,32.75,-11.25,9,Mon
L3_15m_hurst_12,IS,2025_02_10,above_upper,1739187000,29.83,0.9107521724641928,-7.5,7.5,-14.75,11,Mon
L3_15m_hurst_12,IS,2025_02_10,above_upper,1739198700,14.92,0.8496494504861276,84.25,94.25,-39.0,14,Mon
L3_15m_hurst_12,IS,2025_02_12,below_lower,1739344500,14.83,0.3384331804443547,17.25,31.25,-5.0,7,Wed
L3_15m_hurst_12,IS,2025_02_17,below_lower,1739775600,14.92,0.3141153064033926,-33.75,3.75,-34.5,7,Mon
L3_15m_hurst_12,IS,2025_02_17,below_lower,1739793600,14.92,0.3775457025552425,3.75,14.25,-3.0,12,Mon
L3_15m_hurst_12,IS,2025_02_19,above_upper,1739926800,59.92,0.9601245950518368,-7.75,4.5,-9.5,1,Wed
L3_15m_hurst_12,IS,2025_02_19,above_upper,1739993400,44.92,0.925740297079761,-49.25,27.25,-63.75,19,Wed
L3_15m_hurst_12,IS,2025_02_21,below_lower,1740126600,29.92,0.36305101260993566,15.0,22.0,-5.0,8,Fri
L3_15m_hurst_12,IS,2025_02_21,above_upper,1740162600,14.92,0.8797781479948769,-112.0,53.75,-120.25,18,Fri
L3_15m_hurst_12,IS,2025_02_21,above_upper,1740166200,149.92,1.0,21.75,39.25,-11.75,19,Fri
L3_15m_hurst_12,IS,2025_02_24,above_upper,1740355200,434.92,1.0,-5.5,29.0,-11.25,0,Mon
L3_15m_hurst_12,IS,2025_02_24,above_upper,1740384900,44.92,0.9620544654225482,63.75,84.75,-22.0,8,Mon
L3_15m_hurst_12,IS,2025_02_24,above_upper,1740400200,44.92,0.9155070087977434,24.5,28.25,-12.75,12,Mon
L3_15m_hurst_12,IS,2025_02_24,above_upper,1740411900,14.92,0.8610517910809842,124.25,139.0,-33.0,15,Mon
L3_15m_hurst_12,IS,2025_02_25,above_upper,1740463200,14.08,0.8545387047761556,-19.0,9.0,-26.0,6,Tue
L3_15m_hurst_12,IS,2025_02_26,above_upper,1740531600,14.83,0.8477178926965633,-29.25,2.75,-34.75,1,Wed
L3_15m_hurst_12,IS,2025_02_26,below_lower,1740552300,14.92,0.33675912567428024,21.25,32.5,-8.25,6,Wed
L3_15m_hurst_12,IS,2025_02_26,below_lower,1740585600,14.92,0.3687193539883061,-9.25,47.75,-18.0,16,Wed
L3_15m_hurst_12,IS,2025_02_26,below_lower,1740592800,14.92,0.29266276581839323,-161.75,5.5,-168.75,18,Wed
L3_15m_hurst_12,IS,2025_02_27,above_upper,1740678300,44.92,0.900758586013871,68.5,105.5,-11.25,17,Thu
L3_15m_hurst_12,IS,2025_02_28,above_upper,1740724200,14.92,0.8673830968884757,-55.25,2.0,-56.25,6,Fri
L3_15m_hurst_12,IS,2025_02_28,above_upper,1740749400,14.92,0.8568158289752004,-13.75,76.5,-18.75,13,Fri
L3_15m_hurst_12,IS,2025_02_28,above_upper,1740751200,29.92,0.9033174007908585,-19.5,36.0,-142.0,14,Fri
L3_15m_hurst_12,IS,2025_02_28,above_upper,1740753900,29.92,0.9671590006387661,91.5,166.25,-65.25,14,Fri
L3_15m_hurst_12,IS,2025_02_28,above_upper,1740765600,29.92,0.8761574516657161,0.5,117.5,-59.75,18,Fri
L3_15m_hurst_12,IS,2025_02_28,above_upper,1740769200,14.92,0.8523499352618363,160.5,171.25,0.0,19,Fri
L3_15m_hurst_12,IS,2025_03_04,above_upper,1741061700,59.92,0.9555883033975561,-2.0,47.0,-55.25,4,Tue
L3_15m_hurst_12,IS,2025_03_04,above_upper,1741066200,44.92,0.9399822874509164,-13.0,3.5,-52.5,5,Tue
L3_15m_hurst_12,IS,2025_03_04,above_upper,1741070700,29.92,0.8815775208825759,-36.5,31.25,-64.0,6,Tue
L3_15m_hurst_12,IS,2025_03_04,above_upper,1741075200,44.92,0.9295212289071709,24.0,67.75,-24.5,8,Tue
L3_15m_hurst_12,IS,2025_03_04,above_upper,1741119300,14.92,0.8648178644762947,-182.25,73.5,-332.25,20,Tue
L3_15m_hurst_12,IS,2025_03_05,above_upper,1741189500,14.92,0.849756212963264,-168.0,27.0,-185.5,15,Wed
L3_15m_hurst_12,IS,2025_03_05,above_upper,1741192200,14.92,0.8416988455253733,195.25,195.25,-62.75,16,Wed
L3_15m_hurst_12,IS,2025_03_05,above_upper,1741194000,29.92,0.8866386100728749,216.0,220.5,-21.0,17,Wed
L3_15m_hurst_12,IS,2025_03_06,above_upper,1741261500,29.92,0.8834346452971894,-39.75,15.25,-57.25,11,Thu
L3_15m_hurst_12,IS,2025_03_07,above_upper,1741321800,29.92,0.899321914981846,12.25,20.5,-3.5,4,Fri
L3_15m_hurst_12,IS,2025_03_07,above_upper,1741324500,14.83,0.8737933666833292,-33.5,15.5,-51.25,5,Fri
L3_15m_hurst_12,IS,2025_03_07,above_upper,1741365000,59.92,0.8735771171798151,-24.25,10.25,-108.75,16,Fri
L3_15m_hurst_12,IS,2025_03_07,above_upper,1741375800,14.92,0.9063353248892148,-31.0,19.75,-87.25,19,Fri
L3_15m_hurst_12,IS,2025_03_07,above_upper,1741378500,14.92,0.872622613848164,-9.75,64.25,-114.75,20,Fri
L3_15m_hurst_12,IS,2025_03_10,above_upper,1741634100,14.92,0.8933265724302285,124.0,209.25,0.0,19,Mon
L3_15m_hurst_12,IS,2025_03_11,above_upper,1741690800,14.92,1.0,47.75,56.0,-49.5,11,Tue
L3_15m_hurst_12,IS,2025_03_11,above_upper,1741695300,89.92,0.8883245739478992,-16.25,52.75,-34.25,12,Tue
L3_15m_hurst_12,IS,2025_03_11,above_upper,1741702500,14.92,0.9073735672462443,38.0,54.5,-184.5,14,Tue
L3_15m_hurst_12,IS,2025_03_11,below_lower,1741716900,134.92,0.3006268136276264,96.75,204.75,-24.0,18,Tue
L3_15m_hurst_12,IS,2025_03_12,below_lower,1741766400,29.92,0.3666435339739789,78.25,84.25,-28.25,8,Wed
L3_15m_hurst_12,IS,2025_03_12,below_lower,1741796100,29.92,0.35594851153019186,-16.25,45.75,-77.25,16,Wed
L3_15m_hurst_12,IS,2025_03_13,below_lower,1741828500,74.92,0.3433851113064795,2.75,20.25,-28.0,1,Thu
L3_15m_hurst_12,IS,2025_03_13,above_upper,1741847400,14.92,0.9055675314890399,60.75,70.5,-13.25,6,Thu
L3_15m_hurst_12,IS,2025_03_13,below_lower,1741865400,44.92,0.3330571012040696,13.5,17.75,-62.0,11,Thu
L3_15m_hurst_12,IS,2025_03_13,below_lower,1741872600,14.92,0.32964340480598936,-69.0,16.0,-229.25,13,Thu
L3_15m_hurst_12,IS,2025_03_14,above_upper,1741923900,14.92,0.854504590441322,-10.5,7.0,-19.75,3,Fri
L3_15m_hurst_12,IS,2025_03_14,above_upper,1741936500,14.92,0.8429833537387332,30.25,37.75,-11.75,7,Fri
L3_15m_hurst_12,IS,2025_03_14,below_lower,1741969800,59.92,0.31623321966701434,35.25,87.5,-11.25,16,Fri
L3_15m_hurst_12,IS,2025_03_14,below_lower,1741979700,14.92,0.3299459992029524,-49.25,31.25,-60.75,19,Fri
L3_15m_hurst_12,IS,2025_03_17,below_lower,1742240700,14.92,0.37434372805049776,-90.25,4.75,-113.25,19,Mon
L3_15m_hurst_12,IS,2025_03_18,above_upper,1742274000,14.92,0.9037740827551278,20.5,26.0,-0.25,5,Tue
L3_15m_hurst_12,IS,2025_03_18,above_upper,1742275800,14.92,0.8846636953571466,33.75,37.0,-4.5,5,Tue
L3_15m_hurst_12,IS,2025_03_19,below_lower,1742351410,14.75,0.3713933337109269,-7.5,9.0,-17.5,2,Wed
L3_15m_hurst_12,IS,2025_03_19,below_lower,1742393700,59.92,0.3482428910918576,-18.0,8.25,-90.75,14,Wed
L3_15m_hurst_12,IS,2025_03_19,below_lower,1742403600,14.92,0.30912179931998096,-48.0,13.0,-78.25,17,Wed
L3_15m_hurst_12,IS,2025_03_19,below_lower,1742405400,14.92,0.3708896184405737,79.0,117.5,-15.0,17,Wed
L3_15m_hurst_12,IS,2025_03_19,below_lower,1742408100,14.92,0.34632870551170497,191.0,230.25,-45.0,18,Wed
L3_15m_hurst_12,IS,2025_03_19,below_lower,1742409900,14.92,0.3775292571574206,77.75,169.5,-26.5,18,Wed
L3_15m_hurst_12,IS,2025_03_20,below_lower,1742488200,14.92,0.3597469756083464,-52.0,63.25,-52.0,16,Thu
L3_15m_hurst_12,IS,2025_04_01,below_lower,1743537600,14.92,0.32994706189471046,-13.0,9.0,-37.5,20,Tue
L3_15m_hurst_12,IS,2025_04_02,above_upper,1743577200,29.92,0.8509901057496326,-41.5,15.75,-51.5,7,Wed
L3_15m_hurst_12,IS,2025_04_02,above_upper,1743611400,74.92,0.9880736554452622,59.5,117.5,-33.25,16,Wed
L3_15m_hurst_12,IS,2025_04_03,above_upper,1743654600,14.92,0.8414663930142823,-23.25,36.75,-26.0,4,Thu
L3_15m_hurst_12,IS,2025_04_03,above_upper,1743656400,44.92,0.9390868018237932,-78.75,19.5,-83.0,5,Thu
L3_15m_hurst_12,IS,2025_04_03,above_upper,1743663600,14.92,0.8455571603215297,26.25,63.5,-33.5,7,Thu
L3_15m_hurst_12,IS,2025_04_03,above_upper,1743666300,44.92,0.8653766850210236,63.0,93.75,-27.5,7,Thu
L3_15m_hurst_12,IS,2025_04_04,below_lower,1743744600,104.92,0.29345160871915765,75.5,95.75,-6.0,5,Fri
L3_15m_hurst_12,IS,2025_04_04,below_lower,1743751800,59.92,0.3608049933864506,3.75,27.5,-62.0,7,Fri
L3_15m_hurst_12,IS,2025_04_04,below_lower,1743795000,14.92,0.37515641365567237,-303.75,134.75,-341.75,19,Fri
L3_15m_hurst_12,IS,2025_04_07,below_lower,1744014600,74.92,0.31469181817978636,-31.25,99.75,-106.0,8,Mon
L3_15m_hurst_12,IS,2025_04_07,below_lower,1744050600,14.92,0.36134471096921644,-178.0,131.0,-218.5,18,Mon
L3_15m_hurst_12,IS,2025_04_07,below_lower,1744053300,29.92,0.34320047188871095,229.25,262.5,-63.5,19,Mon
L3_15m_hurst_12,IS,2025_04_07,below_lower,1744056000,14.92,0.37542979555153166,83.0,171.75,-1.5,20,Mon
L3_15m_hurst_12,IS,2025_04_08,below_lower,1744070400,14.92,0.37372953564195216,-49.75,105.5,-49.75,0,Tue
L3_15m_hurst_12,IS,2025_04_08,below_lower,1744101000,14.92,0.3772219061730858,27.75,92.25,-0.5,8,Tue
L3_15m_hurst_12,IS,2025_04_08,below_lower,1744123500,89.92,0.18707975090647233,-147.75,19.5,-257.75,14,Tue
L3_15m_hurst_12,IS,2025_04_08,above_upper,1744137900,209.92,1.0,-440.0,73.0,-442.25,18,Tue
L3_15m_hurst_12,IS,2025_04_09,above_upper,1744157700,119.92,0.9394326466354029,54.5,63.0,-31.0,0,Wed
L3_15m_hurst_12,IS,2025_04_09,above_upper,1744184700,29.92,0.8862819539947455,-120.75,24.0,-265.0,7,Wed
L3_15m_hurst_12,IS,2025_04_10,above_upper,1744298100,29.92,0.8446261877151034,-404.0,9.0,-425.75,15,Thu
L3_15m_hurst_12,IS,2025_04_10,above_upper,1744310700,14.92,0.8711680429372844,-385.0,0.0,-413.0,18,Thu
L3_15m_hurst_12,IS,2025_04_11,below_lower,1744392600,14.92,0.34600455766497956,118.5,219.0,-52.25,17,Fri
L3_15m_hurst_12,IS,2025_04_14,below_lower,1744623000,59.92,0.32698606850113066,2.5,18.5,-45.5,9,Mon
L3_15m_hurst_12,IS,2025_04_14,below_lower,1744649100,14.92,0.36908686197168966,-26.0,40.25,-97.0,16,Mon
L3_15m_hurst_12,IS,2025_04_14,below_lower,1744662600,29.92,0.3419965716758419,36.5,62.25,-1.5,20,Mon
L3_15m_hurst_12,IS,2025_04_15,below_lower,1744754400,14.92,0.3773813871361551,22.5,59.0,-14.5,22,Tue
L3_15m_hurst_12,IS,2025_04_16,below_lower,1744769700,59.92,0.3093184689563484,14.0,14.25,-20.0,2,Wed
L3_15m_hurst_12,IS,2025_04_16,below_lower,1744781400,29.92,0.3616286494792745,35.0,46.5,-21.75,5,Wed
L3_15m_hurst_12,IS,2025_04_16,below_lower,1744785000,44.92,0.3739374460477999,0.5,51.0,-3.5,6,Wed
L3_15m_hurst_12,IS,2025_04_16,below_lower,1744788600,14.92,0.3316721226944719,116.0,169.5,-49.25,7,Wed
L3_15m_hurst_12,IS,2025_04_16,below_lower,1744790400,29.92,0.33606402854906686,206.0,334.0,-3.5,8,Wed
L3_15m_hurst_12,IS,2025_04_16,below_lower,1744821000,14.92,0.3636356785145416,-50.0,22.5,-64.75,16,Wed
L3_15m_hurst_12,IS,2025_04_16,below_lower,1744840800,14.92,0.3748466411232233,11.75,28.25,-26.75,22,Wed
L3_15m_hurst_12,IS,2025_04_17,above_upper,1744862400,59.83,0.8783962724842683,-2.5,6.0,-10.25,4,Thu
L3_15m_hurst_12,IS,2025_04_17,above_upper,1744869600,29.92,0.922635241962855,16.0,51.25,-17.25,6,Thu
L3_15m_hurst_12,IS,2025_04_17,above_upper,1744875000,59.92,0.9005281217885762,-35.5,0.5,-51.75,7,Thu
L3_15m_hurst_12,IS,2025_04_17,above_upper,1744903800,59.92,0.9044475576889338,99.25,120.25,-21.0,15,Thu
L3_15m_hurst_12,IS,2025_04_17,above_upper,1744909200,29.92,0.9248028880546489,-14.0,25.5,-92.5,17,Thu
L3_15m_hurst_12,IS,2025_04_21,below_lower,1745198100,44.92,0.34445506314543023,26.25,40.0,-15.75,1,Mon
L3_15m_hurst_12,IS,2025_04_21,below_lower,1745201700,14.92,0.36996471489650695,-77.0,5.75,-109.0,2,Mon
L3_15m_hurst_12,IS,2025_04_21,below_lower,1745208000,89.83,0.2391045813414742,-1.0,24.0,-7.75,4,Mon
L3_15m_hurst_12,IS,2025_04_21,below_lower,1745214305,14.83,0.3646719489210033,-41.75,9.75,-46.75,5,Mon
L3_15m_hurst_12,IS,2025_04_21,below_lower,1745217900,134.92,0.2895681695157686,-27.75,23.0,-46.0,6,Mon
L3_15m_hurst_12,IS,2025_04_21,below_lower,1745227800,14.92,0.3788983699864324,-12.25,23.25,-18.5,9,Mon
L3_15m_hurst_12,IS,2025_04_21,below_lower,1745235000,164.92,0.28133172757897446,8.75,10.0,-35.25,11,Mon
L3_15m_hurst_12,IS,2025_04_21,below_lower,1745245800,59.92,0.2733478015872356,-57.0,67.75,-59.75,14,Mon
L3_15m_hurst_12,IS,2025_04_22,above_upper,1745280900,14.92,0.8598769454642423,-1.5,6.25,-39.25,0,Tue
L3_15m_hurst_12,IS,2025_04_22,above_upper,1745287200,44.92,0.9244682537581856,0.5,17.5,-17.0,2,Tue
L3_15m_hurst_12,IS,2025_04_22,above_upper,1745295300,29.92,0.8606849028886202,6.75,27.0,-13.0,4,Tue
L3_15m_hurst_12,IS,2025_04_22,above_upper,1745298000,14.92,0.841361260331865,4.75,30.5,-9.25,5,Tue
L3_15m_hurst_12,IS,2025_04_22,above_upper,1745321400,59.92,0.9777791243117367,12.25,12.25,-35.5,11,Tue
L3_15m_hurst_12,IS,2025_04_22,below_lower,1745346600,14.92,0.340496397818903,-93.25,47.0,-93.25,18,Tue
L3_15m_hurst_12,IS,2025_04_23,below_lower,1745370000,29.92,0.37032863021223333,-55.5,23.75,-76.5,1,Wed
L3_15m_hurst_12,IS,2025_04_23,below_lower,1745409600,14.92,0.36668056697617696,96.75,103.5,-8.25,12,Wed
L3_15m_hurst_12,IS,2025_04_23,below_lower,1745412300,29.92,0.30540844635031145,92.75,147.75,-54.0,12,Wed
L3_15m_hurst_12,IS,2025_04_24,above_upper,1745514000,59.92,0.9391525291448194,10.0,16.5,-49.75,17,Thu
L3_15m_hurst_12,IS,2025_04_25,above_upper,1745541000,14.92,0.8487168743744772,-24.25,34.0,-24.25,0,Fri
L3_15m_hurst_12,IS,2025_04_25,above_upper,1745545500,44.92,0.9335692960395751,-76.0,0.75,-81.25,1,Fri
L3_15m_hurst_12,IS,2025_04_25,above_upper,1745550900,14.92,0.8731247149531912,113.0,116.75,0.0,3,Fri
L3_15m_hurst_12,IS,2025_04_25,above_upper,1745576100,14.92,0.8960142891798888,-69.5,32.5,-143.75,10,Fri
L3_15m_hurst_12,IS,2025_04_25,above_upper,1745586900,14.92,0.8577590745818782,113.5,124.75,-42.5,13,Fri
L3_15m_hurst_12,IS,2025_04_25,below_lower,1745604000,14.92,0.3649609818238147,76.5,104.5,-7.25,18,Fri
L3_15m_hurst_12,IS,2025_04_28,below_lower,1745822700,59.83,0.3031643935987707,-9.25,29.0,-10.5,6,Mon
L3_15m_hurst_12,IS,2025_04_28,below_lower,1745827200,74.83,0.34108660588284134,34.5,35.0,-25.75,8,Mon
L3_15m_hurst_12,IS,2025_04_28,below_lower,1745839800,44.92,0.3330003549429004,6.75,24.25,-35.5,11,Mon
L3_15m_hurst_12,IS,2025_04_30,above_upper,1745983800,14.92,0.8608024357193802,17.0,30.0,-1.75,3,Wed
L3_15m_hurst_12,IS,2025_05_01,above_upper,1746057600,89.92,0.917777607495096,28.25,33.75,-5.5,0,Thu
L3_15m_hurst_12,IS,2025_05_01,above_upper,1746068400,284.92,1.0,45.25,49.25,-5.25,3,Thu
L3_15m_hurst_12,IS,2025_05_01,above_upper,1746088200,14.92,0.9102415624219241,33.25,34.5,-16.25,8,Thu
L3_15m_hurst_12,IS,2025_05_01,above_upper,1746090000,14.92,0.8461533791991861,30.75,41.25,-7.5,9,Thu
L3_15m_hurst_12,IS,2025_05_01,above_upper,1746102600,14.92,0.9172663933286228,2.5,18.25,-35.25,12,Thu
L3_15m_hurst_12,IS,2025_05_01,above_upper,1746127800,14.92,0.8709204041223909,-182.25,1.0,-262.0,19,Thu
L3_15m_hurst_12,IS,2025_05_05,above_upper,1746421200,29.83,0.8582283725710566,26.25,31.75,0.0,5,Mon
L3_15m_hurst_12,IS,2025_05_05,above_upper,1746423900,14.92,0.8428047047800986,33.25,43.0,-7.25,5,Mon
L3_15m_hurst_12,IS,2025_05_05,above_upper,1746449100,29.92,0.8652289934463852,41.25,68.75,-5.25,12,Mon
L3_15m_hurst_12,IS,2025_05_05,above_upper,1746466200,14.92,0.8546306097126685,30.5,39.25,-3.0,17,Mon
L3_15m_hurst_12,IS,2025_05_05,above_upper,1746468900,14.92,0.8569966391160162,-40.25,20.25,-47.75,18,Mon
L3_15m_hurst_12,IS,2025_05_05,above_upper,1746471600,14.92,0.9139607356215846,-82.25,4.25,-100.5,19,Mon
L3_15m_hurst_12,IS,2025_05_06,above_upper,1746491400,14.92,0.9473400327611134,-17.0,6.0,-24.0,0,Tue
L3_15m_hurst_12,IS,2025_05_06,above_upper,1746495000,119.92,0.9682538307831495,-38.5,1.0,-45.75,1,Tue
L3_15m_hurst_12,IS,2025_05_06,above_upper,1746527400,44.92,0.8876528025083344,-21.5,39.5,-31.25,10,Tue
L3_15m_hurst_12,IS,2025_05_06,above_upper,1746538200,29.92,0.9368503008776451,112.25,118.75,-44.0,13,Tue
L3_15m_hurst_12,IS,2025_05_06,above_upper,1746548100,14.92,0.8538993473919588,-101.75,0.0,-143.5,16,Tue
L3_15m_hurst_12,IS,2025_05_07,below_lower,1746586800,29.92,0.31027009379814585,4.75,23.25,-5.0,3,Wed
L3_15m_hurst_12,IS,2025_05_07,below_lower,1746598500,14.92,0.35887155755893535,-2.5,5.25,-36.75,6,Wed
L3_15m_hurst_12,IS,2025_05_07,below_lower,1746628200,14.92,0.3795928621404034,-166.25,3.0,-182.5,14,Wed
L3_15m_hurst_12,IS,2025_05_07,below_lower,1746631800,14.92,0.3756587301808696,4.25,48.75,-17.25,15,Wed
L3_15m_hurst_12,IS,2025_05_07,below_lower,1746633600,29.92,0.3282109360134844,54.0,59.25,-37.25,16,Wed
L3_15m_hurst_12,IS,2025_05_07,below_lower,1746636300,14.92,0.3765907794379388,-11.0,50.0,-14.5,16,Wed
L3_15m_hurst_12,IS,2025_05_07,below_lower,1746641700,14.92,0.3510782114229242,157.75,199.75,-19.75,18,Wed
L3_15m_hurst_12,IS,2025_05_07,below_lower,1746645300,29.92,0.338070467911925,117.75,186.0,-94.25,19,Wed
L3_15m_hurst_12,IS,2025_05_08,above_upper,1746716400,29.92,0.8836522257542194,268.25,307.0,-11.5,15,Thu
L3_15m_hurst_12,IS,2025_05_08,below_lower,1746726300,14.92,0.35266827221956915,27.25,32.75,-48.5,17,Thu
L3_15m_hurst_12,IS,2025_05_12,below_lower,1747070100,104.92,0.2979976802006062,-6.25,12.0,-29.5,17,Mon
L3_15m_hurst_12,IS,2025_05_13,below_lower,1747097100,14.92,0.3779432873542184,-1.75,16.5,-14.25,0,Tue
L3_15m_hurst_12,IS,2025_05_13,below_lower,1747099800,14.92,0.34147775773792904,-11.0,15.75,-18.5,1,Tue
L3_15m_hurst_12,IS,2025_05_13,below_lower,1747117800,14.92,0.3709537997580091,-7.5,17.0,-31.25,6,Tue
L3_15m_hurst_12,IS,2025_05_13,above_upper,1747153800,149.92,1.0,15.75,35.75,-15.0,16,Tue
L3_15m_hurst_12,IS,2025_05_13,above_upper,1747164600,269.92,1.0,-64.25,20.75,-72.0,19,Tue
L3_15m_hurst_12,IS,2025_05_14,above_upper,1747180800,419.92,1.0,-25.25,5.75,-29.75,0,Wed
L3_15m_hurst_12,IS,2025_05_14,above_upper,1747206900,134.92,0.9290785578566526,-70.25,0.5,-90.5,7,Wed
L3_15m_hurst_12,IS,2025_05_14,above_upper,1747215900,29.92,0.9263703639537366,31.25,34.75,-12.75,9,Wed
L3_15m_hurst_12,IS,2025_05_14,above_upper,1747232100,14.92,0.8479420186298661,15.5,38.0,-38.75,14,Wed
L3_15m_hurst_12,IS,2025_05_14,below_lower,1747242900,14.92,0.35135221588628573,15.5,29.75,-62.0,17,Wed
L3_15m_hurst_12,IS,2025_05_14,below_lower,1747245600,29.92,0.24176881972711767,1.75,32.5,-28.75,18,Wed
L3_15m_hurst_12,IS,2025_05_14,below_lower,1747248300,74.92,0.29629738633416347,-35.5,6.25,-43.5,18,Wed
L3_15m_hurst_12,IS,2025_05_14,below_lower,1747253700,14.92,0.2977222380386485,-31.0,9.25,-31.0,20,Wed
L3_15m_hurst_12,IS,2025_05_14,below_lower,1747261800,89.92,0.3135830009621732,-19.25,7.0,-20.75,22,Wed
L3_15m_hurst_12,IS,2025_05_15,below_lower,1747267200,29.92,0.3695949900451324,6.0,14.5,-7.75,0,Thu
L3_15m_hurst_12,IS,2025_05_15,below_lower,1747270800,119.75,0.23636818495524636,-7.75,16.25,-14.5,1,Thu
L3_15m_hurst_12,IS,2025_05_15,below_lower,1747278900,119.92,0.3117899484861729,-16.75,5.5,-19.25,3,Thu
L3_15m_hurst_12,IS,2025_05_15,below_lower,1747287900,89.92,0.3153908592215279,19.75,37.75,-10.0,5,Thu
L3_15m_hurst_12,IS,2025_05_15,above_upper,1747299600,29.92,0.90354382222062,41.75,48.5,-20.5,9,Thu
L3_15m_hurst_12,IS,2025_05_16,above_upper,1747377000,29.92,0.8940866989293006,34.5,34.5,-19.75,6,Fri
L3_15m_hurst_12,IS,2025_05_16,below_lower,1747386900,14.92,0.3743554317941304,-24.5,9.0,-27.0,9,Fri
L3_15m_hurst_12,IS,2025_05_19,below_lower,1747612800,44.92,0.31610326435910907,-78.0,0.0,-115.0,0,Mon
L3_15m_hurst_12,IS,2025_05_19,below_lower,1747638000,29.92,0.33239757502598233,2.25,35.75,-25.5,7,Mon
L3_15m_hurst_12,IS,2025_05_19,below_lower,1747647900,14.75,0.3606113444417423,22.5,23.5,-40.0,9,Mon
L3_15m_hurst_12,IS,2025_05_19,below_lower,1747649700,14.92,0.35281172038292447,42.75,67.75,-0.5,10,Mon
L3_15m_hurst_12,IS,2025_05_19,above_upper,1747673100,44.92,0.9199117823203691,69.5,91.25,-3.5,16,Mon
L3_15m_hurst_12,IS,2025_05_19,above_upper,1747692900,14.92,0.847622794383822,10.25,18.5,-11.5,22,Mon
L3_15m_hurst_12,IS,2025_05_20,above_upper,1747736100,14.92,0.8419385694539844,35.0,39.0,-7.5,10,Tue
L3_15m_hurst_12,IS,2025_05_20,below_lower,1747764000,29.92,0.3400075890057814,-79.75,12.0,-86.0,18,Tue
L3_15m_hurst_12,IS,2025_05_20,below_lower,1747767600,59.92,0.2965153939543497,98.5,100.75,-45.0,19,Tue
L3_15m_hurst_12,IS,2025_05_20,below_lower,1747772100,14.92,0.33864796733273245,8.75,37.25,-0.75,20,Tue
L3_15m_hurst_12,IS,2025_05_20,below_lower,1747773900,14.92,0.3333671344781225,-7.75,4.75,-9.25,20,Tue
L3_15m_hurst_12,IS,2025_05_20,below_lower,1747779300,104.92,0.23598873470290666,62.5,69.0,-12.25,22,Tue
L3_15m_hurst_12,IS,2025_05_21,below_lower,1747785600,59.92,0.19469665614392764,-10.0,9.75,-28.25,0,Wed
L3_15m_hurst_12,IS,2025_05_21,below_lower,1747791900,29.83,0.32949590312644533,-28.75,2.5,-36.25,1,Wed
L3_15m_hurst_12,IS,2025_05_21,below_lower,1747794600,194.92,0.18924641635382966,-1.25,23.0,-2.75,2,Wed
L3_15m_hurst_12,IS,2025_05_21,below_lower,1747807200,254.92,0.14176089393337976,-34.75,9.25,-43.5,6,Wed
L3_15m_hurst_12,IS,2025_05_21,below_lower,1747825200,164.92,0.13600898204310885,35.5,50.75,-7.25,11,Wed
L3_15m_hurst_12,IS,2025_05_22,below_lower,1747936800,44.92,0.3643498091273645,15.25,23.25,-22.75,18,Thu
L3_15m_hurst_12,IS,2025_05_23,above_upper,1748023200,14.92,0.9081421059942998,-17.25,28.25,-43.25,18,Fri
L3_15m_hurst_12,IS,2025_05_26,above_upper,1748239200,29.92,0.8740982095199976,56.25,63.0,-8.75,6,Mon
L3_15m_hurst_12,IS,2025_05_26,above_upper,1748242800,134.92,0.9458759226114025,19.75,21.25,-23.5,7,Mon
L3_15m_hurst_12,IS,2025_05_26,below_lower,1748276100,44.92,0.337848589310716,-5.25,9.0,-16.5,16,Mon
L3_15m_hurst_12,IS,2025_05_27,above_upper,1748331000,14.92,0.8638405026496275,45.25,74.0,0.0,7,Tue
L3_15m_hurst_12,IS,2025_05_27,above_upper,1748340900,44.83,0.9417793301636281,-37.5,15.5,-61.5,10,Tue
L3_15m_hurst_12,IS,2025_05_27,above_upper,1748353500,14.92,0.8475892894033064,129.0,140.5,-3.75,13,Tue
L3_15m_hurst_12,IS,2025_05_27,above_upper,1748367900,59.92,0.9271044895888513,-9.75,26.75,-15.25,17,Tue
L3_15m_hurst_12,IS,2025_05_28,above_upper,1748419200,134.92,0.9359180136355603,-13.75,10.5,-15.5,8,Wed
L3_15m_hurst_12,IS,2025_05_28,above_upper,1748439900,14.92,0.9058176640315075,-95.25,1.75,-106.25,13,Wed
L3_15m_hurst_12,IS,2025_05_29,above_upper,1748483100,14.92,0.8542951323107763,41.75,41.75,-11.75,1,Thu
L3_15m_hurst_12,IS,2025_05_29,above_upper,1748484900,14.92,0.8451673546103479,23.75,33.25,-5.5,2,Thu
L3_15m_hurst_12,IS,2025_05_29,above_upper,1748489400,14.92,0.969677088801375,-10.5,7.0,-17.5,3,Thu
L3_15m_hurst_12,IS,2025_05_29,above_upper,1748493005,74.83,0.9574740379513147,20.5,28.25,-10.0,4,Thu
L3_15m_hurst_12,IS,2025_05_29,above_upper,1748500200,14.92,0.9285702851403973,7.25,8.25,-36.0,6,Thu
L3_15m_hurst_12,IS,2025_05_29,above_upper,1748514600,14.92,0.8458681672806854,-47.75,20.25,-51.75,10,Thu
L3_15m_hurst_12,IS,2025_05_29,above_upper,1748520000,74.92,1.0,-1.5,36.75,-28.5,12,Thu
L3_15m_hurst_12,IS,2025_05_29,above_upper,1748525400,14.92,0.8411980540112894,-224.25,0.0,-291.75,13,Thu
L3_15m_hurst_12,IS,2025_05_29,above_upper,1748551500,14.92,0.8993061628480233,-28.75,0.0,-28.75,20,Thu
L3_15m_hurst_12,IS,2025_05_29,above_upper,1748556900,14.92,0.8489360188757868,-23.75,0.0,-47.0,22,Thu
L3_15m_hurst_12,IS,2025_05_30,below_lower,1748629800,14.92,0.37853642243145835,90.5,107.0,-25.0,18,Fri
L3_15m_hurst_12,IS,2025_06_01,below_lower,1748816100,44.83,0.3076601052736217,-38.0,4.5,-43.5,22,Sun
L3_15m_hurst_12,IS,2025_06_03,below_lower,1748913300,44.92,0.3713644060588084,-21.25,7.5,-21.75,1,Tue
L3_15m_hurst_12,IS,2025_06_03,above_upper,1748962800,164.92,0.9703763628820316,20.5,23.25,-8.75,15,Tue
L3_15m_hurst_12,IS,2025_06_03,above_upper,1748983500,179.83,0.8941675226776256,-14.0,0.0,-15.5,20,Tue
L3_15m_hurst_12,IS,2025_06_04,above_upper,1748995200,29.92,0.86298019370517,-5.25,21.0,-12.25,0,Wed
L3_15m_hurst_12,IS,2025_06_04,above_upper,1748998800,59.92,0.9459602189454115,-15.5,10.75,-27.0,1,Wed
L3_15m_hurst_12,IS,2025_06_04,above_upper,1749033900,14.92,0.8455630857319792,13.25,20.25,-3.25,10,Wed
L3_15m_hurst_12,IS,2025_06_04,above_upper,1749035700,14.92,0.8447630183432109,-2.75,24.5,-14.25,11,Wed
L3_15m_hurst_12,IS,2025_06_04,below_lower,1749053700,374.92,0.18528392465673593,63.0,65.25,0.0,16,Wed
L3_15m_hurst_12,IS,2025_06_04,below_lower,1749077100,44.92,0.2878433093112179,-5.75,4.5,-13.5,22,Wed
L3_15m_hurst_12,IS,2025_06_05,below_lower,1749083400,104.83,0.2430398927604098,-21.25,5.0,-28.75,0,Thu
L3_15m_hurst_12,IS,2025_06_05,below_lower,1749098700,14.58,0.3424933082291785,-17.25,0.0,-25.5,4,Thu
L3_15m_hurst_12,IS,2025_06_05,below_lower,1749107700,74.92,0.28467049120851445,56.5,72.75,-5.5,7,Thu
L3_15m_hurst_12,IS,2025_06_05,below_lower,1749113100,74.92,0.23170635666765704,-33.5,0.0,-53.25,8,Thu
L3_15m_hurst_12,IS,2025_06_05,below_lower,1749118500,29.92,0.2947340527808301,-46.25,8.75,-46.25,10,Thu
L3_15m_hurst_12,IS,2025_06_05,below_lower,1749131100,44.92,0.3067310544399849,51.25,84.0,-84.25,13,Thu
L3_15m_hurst_12,IS,2025_06_06,above_upper,1749170700,14.92,0.8495347977577209,34.75,34.75,-18.0,0,Fri
L3_15m_hurst_12,IS,2025_06_06,above_upper,1749172500,44.92,0.8969940891243388,0.75,20.5,-12.75,1,Fri
L3_15m_hurst_12,IS,2025_06_06,above_upper,1749177900,14.92,0.8741257435643612,30.5,30.5,-3.25,2,Fri
L3_15m_hurst_12,IS,2025_06_06,above_upper,1749182400,14.92,0.8472143195252793,39.5,41.0,-8.25,4,Fri
L3_15m_hurst_12,IS,2025_06_06,above_upper,1749185100,29.83,0.8690707427480137,40.5,41.0,0.0,4,Fri
L3_15m_hurst_12,IS,2025_06_06,above_upper,1749199505,14.83,0.8644975023339397,16.0,31.25,-5.0,8,Fri
L3_15m_hurst_12,IS,2025_06_06,above_upper,1749225600,29.92,0.8636056908564717,-52.75,25.25,-82.25,16,Fri
L3_15m_hurst_12,IS,2025_06_09,below_lower,1749433500,14.92,0.3809620454344539,-7.5,12.75,-24.0,1,Mon
L3_15m_hurst_12,IS,2025_06_09,below_lower,1749507305,104.83,0.29672705612381284,-9.0,5.75,-14.0,22,Mon
L3_15m_hurst_12,IS,2025_06_10,below_lower,1749513600,14.92,0.28883302223690455,33.25,40.0,-16.25,0,Tue
L3_15m_hurst_12,IS,2025_06_10,below_lower,1749515400,74.92,0.20583647575844768,105.0,105.0,-3.25,0,Tue
L3_15m_hurst_12,IS,2025_06_10,above_upper,1749551400,14.83,0.8437514134379668,-16.5,6.5,-35.25,10,Tue
L3_15m_hurst_12,IS,2025_06_11,below_lower,1749655800,149.92,0.25170677017946297,-40.5,7.0,-106.75,15,Wed
L3_15m_hurst_12,IS,2025_06_12,below_lower,1749716100,29.92,0.3535146967189315,51.75,60.25,-21.5,8,Thu
L3_15m_hurst_12,IS,2025_06_12,below_lower,1749719700,89.92,0.3537574239528573,-7.75,33.5,-28.5,9,Thu
L3_15m_hurst_12,IS,2025_06_12,above_upper,1749738600,14.92,0.8486331046684847,-5.5,54.5,-32.0,14,Thu
L3_15m_hurst_12,IS,2025_06_13,above_upper,1749794400,14.92,0.8481425246225256,37.75,41.0,-4.75,6,Fri
L3_15m_hurst_12,IS,2025_06_13,above_upper,1749800700,74.92,1.0,-39.75,14.25,-44.5,7,Fri
L3_15m_hurst_12,IS,2025_06_13,above_upper,1749813300,29.92,0.8735406459976222,4.25,34.25,-15.75,11,Fri
L3_15m_hurst_12,IS,2025_06_13,above_upper,1749816000,14.92,0.8638966841468753,-32.25,11.75,-45.75,12,Fri
L3_15m_hurst_12,IS,2025_06_13,above_upper,1749817800,29.92,0.8629328155336262,-9.5,13.75,-58.5,12,Fri
L3_15m_hurst_12,IS,2025_06_16,above_upper,1750032900,14.92,0.8603237993541499,-18.0,1.75,-40.5,0,Mon
L3_15m_hurst_12,IS,2025_06_17,below_lower,1750166105,14.83,0.36658351213249357,74.75,77.25,-19.25,13,Tue
L3_15m_hurst_12,IS,2025_06_17,above_upper,1750185000,14.92,0.856492716411572,60.0,60.0,-19.75,18,Tue
L3_15m_hurst_12,IS,2025_06_18,above_upper,1750266910,14.75,0.8945276559963513,-19.75,37.5,-86.5,17,Wed
L3_15m_hurst_12,IS,2025_06_19,below_lower,1750293035,14.33,0.37695697672017353,-29.0,15.5,-100.75,0,Thu
L3_15m_hurst_12,IS,2025_06_19,below_lower,1750296605,14.83,0.372813614068873,-1.5,13.25,-36.0,1,Thu
L3_15m_hurst_12,IS,2025_06_19,below_lower,1750302020,29.42,0.3631152120610459,39.25,40.5,-2.25,3,Thu
L3_15m_hurst_12,IS,2025_06_19,below_lower,1750312800,329.58,0.16513723190139945,10.5,24.75,-30.0,6,Thu
L3_15m_hurst_12,IS,2025_06_19,below_lower,1750338005,14.17,0.3783038157004705,-70.5,14.5,-117.5,13,Thu
L3_15m_hurst_12,IS,2025_06_19,below_lower,1750340700,134.92,0.2065894774715267,-33.25,10.0,-66.0,13,Thu
L3_15m_hurst_12,IS,2025_06_19,below_lower,1750349730,14.42,0.35130888248274994,65.0,65.0,-23.0,16,Thu
L3_15m_hurst_12,IS,2025_06_19,below_lower,1750351520,14.25,0.3512239281392065,62.0,62.0,-26.0,16,Thu
L3_15m_hurst_12,IS,2025_06_19,below_lower,1750372205,14.83,0.3490499003445339,25.25,76.0,-1.25,22,Thu
L3_15m_hurst_12,IS,2025_06_20,above_upper,1750408230,10.5,0.8487458833737961,-25.0,2.5,-45.5,8,Fri
L3_15m_hurst_12,IS,2025_07_01,above_upper,1751363100,74.92,0.9048685472466029,5.5,15.25,-11.25,9,Tue
L3_15m_hurst_12,IS,2025_07_02,above_upper,1751459400,14.92,0.8696714372223925,18.5,19.0,-53.25,12,Wed
L3_15m_hurst_12,IS,2025_07_02,above_upper,1751475600,29.92,0.9119858605260919,-13.5,3.75,-32.25,17,Wed
L3_15m_hurst_12,IS,2025_07_02,above_upper,1751486400,239.92,1.0,6.75,15.5,-12.75,20,Wed
L3_15m_hurst_12,IS,2025_07_03,above_upper,1751500800,149.92,0.9988758229533424,4.25,10.75,-6.5,0,Thu
L3_15m_hurst_12,IS,2025_07_03,above_upper,1751524200,14.92,0.8718610927969386,11.5,18.0,-2.5,6,Thu
L3_15m_hurst_12,IS,2025_07_03,above_upper,1751531400,14.92,0.8506723421757308,-17.0,1.25,-37.25,8,Thu
L3_15m_hurst_12,IS,2025_07_03,above_upper,1751537700,14.92,0.8957108499159608,20.5,24.75,-9.0,10,Thu
L3_15m_hurst_12,IS,2025_07_03,above_upper,1751549400,14.92,0.8431628487541877,117.0,117.75,-11.0,13,Thu
L3_15m_hurst_12,IS,2025_07_03,above_upper,1751561100,14.92,0.8856784230188723,-23.5,0.0,-44.0,16,Thu
L3_15m_hurst_12,IS,2025_07_04,above_upper,1751587200,89.92,1.0,-6.5,4.25,-12.75,0,Fri
L3_15m_hurst_12,IS,2025_07_04,above_upper,1751593515,29.58,0.874345470388112,-29.5,0.5,-43.0,1,Fri
L3_15m_hurst_12,IS,2025_07_04,above_upper,1751600705,44.83,0.862346995387828,-7.0,5.0,-15.5,3,Fri
L3_15m_hurst_12,IS,2025_07_04,above_upper,1751604300,134.92,0.988785388358469,-1.0,7.25,-14.75,4,Fri
L3_15m_hurst_12,IS,2025_07_04,above_upper,1751616000,29.92,0.9627051631648474,-18.25,27.0,-21.25,8,Fri
L3_15m_hurst_12,IS,2025_07_04,above_upper,1751618700,179.75,0.9809512165673531,-15.0,0.0,-47.0,8,Fri
L3_15m_hurst_12,IS,2025_07_04,above_upper,1751635800,14.92,0.8711507427045041,21.5,23.0,-21.5,13,Fri
L3_15m_hurst_12,IS,2025_07_04,above_upper,1751638500,29.92,0.8731821840774322,14.0,28.5,-1.5,14,Fri
L3_15m_hurst_12,IS,2025_07_07,below_lower,1751864405,74.83,0.252993748827361,4.5,6.5,-11.75,5,Mon
L3_15m_hurst_12,IS,2025_07_07,below_lower,1751882400,284.92,0.14434116870171884,1.5,23.0,-5.5,10,Mon
L3_15m_hurst_12,IS,2025_07_07,below_lower,1751904900,44.92,0.35726859953177365,-52.75,8.5,-112.25,16,Mon
L3_15m_hurst_12,IS,2025_07_08,below_lower,1751995800,29.92,0.3452867013311838,-1.25,25.75,-23.0,17,Tue
L3_15m_hurst_12,IS,2025_07_08,below_lower,1751998500,14.92,0.314894851410138,-54.5,2.5,-61.5,18,Tue
L3_15m_hurst_12,IS,2025_07_08,below_lower,1752002100,14.92,0.3676431782848243,22.75,27.25,-6.0,19,Tue
L3_15m_hurst_12,IS,2025_07_08,below_lower,1752006600,14.92,0.3064710324238312,-1.75,0.0,-7.25,20,Tue
L3_15m_hurst_12,IS,2025_07_08,below_lower,1752012000,29.92,0.3633967143726235,10.0,17.25,-4.25,22,Tue
L3_15m_hurst_12,IS,2025_07_09,below_lower,1752019200,179.92,0.22377362265479775,-18.5,4.5,-28.75,0,Wed
L3_15m_hurst_12,IS,2025_07_09,below_lower,1752030900,14.92,0.3743248870035849,-3.0,7.25,-9.5,3,Wed
L3_15m_hurst_12,IS,2025_07_09,below_lower,1752033600,74.75,0.27666918854035333,19.5,21.5,-2.25,4,Wed
L3_15m_hurst_12,IS,2025_07_09,below_lower,1752039005,14.83,0.3262102935130696,-6.5,13.75,-27.75,5,Wed
L3_15m_hurst_12,IS,2025_07_09,below_lower,1752041700,104.92,0.20352562569140417,22.0,45.25,-2.25,6,Wed
L3_15m_hurst_12,IS,2025_07_09,below_lower,1752048905,14.83,0.3567315824210625,22.0,22.25,-9.5,8,Wed
L3_15m_hurst_12,IS,2025_07_09,below_lower,1752051600,134.92,0.21783654055031862,32.0,49.5,-1.5,9,Wed
L3_15m_hurst_12,IS,2025_07_09,below_lower,1752060600,29.92,0.3161419521073294,3.0,12.5,-6.75,11,Wed
L3_15m_hurst_12,IS,2025_07_09,below_lower,1752064200,14.92,0.3589516255404482,44.25,44.25,-10.25,12,Wed
L3_15m_hurst_12,IS,2025_07_09,below_lower,1752066000,14.92,0.33247842033224867,156.75,160.25,-3.5,13,Wed
L3_15m_hurst_12,IS,2025_07_10,below_lower,1752164100,14.92,0.35560985577856064,26.25,41.25,-2.25,16,Thu
L3_15m_hurst_12,IS,2025_07_11,below_lower,1752203700,29.83,0.3497208692678476,15.0,16.5,-4.5,3,Fri
L3_15m_hurst_12,IS,2025_07_11,below_lower,1752207300,89.92,0.32887851793999956,-6.75,4.5,-7.5,4,Fri
L3_15m_hurst_12,IS,2025_07_14,below_lower,1752459300,29.92,0.3345418769602754,-0.5,6.25,-14.75,2,Mon
L3_15m_hurst_12,IS,2025_07_14,below_lower,1752462000,14.83,0.36529270423538257,16.25,18.0,-7.0,3,Mon
L3_15m_hurst_12,IS,2025_07_14,below_lower,1752480000,59.92,0.37214144797748344,4.25,15.75,-16.25,8,Mon
L3_15m_hurst_12,IS,2025_07_14,below_lower,1752490800,14.92,0.3532895800754239,2.75,16.0,-18.0,11,Mon
L3_15m_hurst_12,IS,2025_07_15,below_lower,1752544800,29.92,0.3341337388343397,-91.0,18.5,-103.5,2,Tue
L3_15m_hurst_12,IS,2025_07_15,below_lower,1752561000,89.92,0.24893625630158253,-7.25,4.25,-11.75,6,Tue
L3_15m_hurst_12,IS,2025_07_15,below_lower,1752601500,134.92,0.27016885857688244,9.25,38.75,-7.5,17,Tue
L3_15m_hurst_12,IS,2025_07_16,below_lower,1752653700,119.92,0.27650826344763396,10.0,29.25,-5.5,8,Wed
L3_15m_hurst_12,IS,2025_07_16,below_lower,1752665405,29.83,0.36167975924751605,58.25,58.25,-12.5,11,Wed
L3_15m_hurst_12,IS,2025_07_16,below_lower,1752696000,14.92,0.3526425249407707,-2.0,6.5,-12.0,20,Wed
L3_15m_hurst_12,IS,2025_07_16,below_lower,1752697800,14.92,0.3738338378500424,7.75,7.75,-1.5,20,Wed
L3_15m_hurst_12,IS,2025_07_16,below_lower,1752703200,29.92,0.36899476675441,-30.25,0.5,-34.25,22,Wed
L3_15m_hurst_12,IS,2025_07_17,below_lower,1752732000,149.92,0.3115400524757977,51.75,63.5,-0.5,6,Thu
L3_15m_hurst_12,IS,2025_07_17,below_lower,1752757200,29.92,0.3363123333050779,9.25,12.0,-78.25,13,Thu
L3_15m_hurst_12,IS,2025_07_21,above_upper,1753062300,14.75,0.841841172222624,-5.25,3.25,-9.25,1,Mon
L3_15m_hurst_12,IS,2025_07_21,below_lower,1753074000,29.83,0.3346366868771757,-0.75,5.75,-7.25,5,Mon
L3_15m_hurst_12,IS,2025_07_22,above_upper,1753142400,14.92,0.8530512091617606,-7.5,13.75,-9.0,0,Tue
L3_15m_hurst_12,IS,2025_07_23,below_lower,1753287300,29.92,0.3445231172159231,-12.0,7.5,-36.25,16,Wed
L3_15m_hurst_12,IS,2025_07_25,below_lower,1753402500,14.92,0.3793061957007209,-5.25,6.5,-11.0,0,Fri
L3_15m_hurst_12,IS,2025_07_25,below_lower,1753406100,14.83,0.35118060015136404,18.25,21.5,-1.5,1,Fri
L3_15m_hurst_12,IS,2025_07_25,below_lower,1753412400,14.92,0.3795952961591071,6.0,16.25,-1.0,3,Fri
L3_15m_hurst_12,IS,2025_07_25,below_lower,1753422300,14.92,0.34125594772555906,-5.0,7.0,-7.75,5,Fri
L3_15m_hurst_12,IS,2025_07_25,below_lower,1753424100,44.92,0.3588844436320608,-31.25,0.75,-34.0,6,Fri
L3_15m_hurst_12,IS,2025_07_28,above_upper,1753727400,14.92,0.8587395781419154,0.0,6.25,-16.5,18,Mon
L3_15m_hurst_12,IS,2025_07_28,above_upper,1753731000,29.92,0.8963562315431925,42.0,44.75,-7.75,19,Mon
L3_15m_hurst_12,IS,2025_07_29,above_upper,1753773300,14.92,0.9421082195258648,38.5,45.0,-0.75,7,Tue
L3_15m_hurst_12,IS,2025_07_29,above_upper,1753812900,29.92,0.8851942554985474,-9.0,13.75,-21.75,18,Tue
L3_15m_hurst_12,IS,2025_07_29,above_upper,1753817400,14.92,0.842655977807522,-8.0,1.0,-37.75,19,Tue
L3_15m_hurst_12,IS,2025_07_29,above_upper,1753820100,14.92,0.8604685441338126,2.5,3.75,-8.5,20,Tue
L3_15m_hurst_12,IS,2025_07_30,above_upper,1753834500,59.92,0.9497088611468768,-3.0,5.0,-7.5,0,Wed
L3_15m_hurst_12,IS,2025_07_30,above_upper,1753850700,14.83,0.9029029410083366,2.75,8.5,-11.5,4,Wed
L3_15m_hurst_12,IS,2025_07_30,above_upper,1753857000,14.92,0.8420911386953714,-15.5,0.0,-35.0,6,Wed
L3_15m_hurst_12,IS,2025_07_30,below_lower,1753891200,14.92,0.3054802957437467,5.0,17.75,-11.75,16,Wed
L3_15m_hurst_12,IS,2025_07_30,below_lower,1753896600,14.92,0.3274916175809077,30.25,31.0,-12.25,17,Wed
L3_15m_hurst_12,IS,2025_07_31,above_upper,1753935300,14.92,0.8488235647777769,6.5,14.75,-9.25,4,Thu
L3_15m_hurst_12,IS,2025_08_01,above_upper,1754009100,29.83,0.8572031123028577,44.75,50.0,-19.5,0,Fri
L3_15m_hurst_12,IS,2025_08_01,below_lower,1754073000,104.92,0.31287993619940746,-32.75,53.5,-39.0,18,Fri
L3_15m_hurst_12,IS,2025_08_03,below_lower,1754261100,44.92,0.3407676250963829,12.25,43.5,-2.25,22,Sun
L3_15m_hurst_12,IS,2025_08_06,above_upper,1754464500,74.92,0.9636815049540831,-11.25,6.5,-23.5,7,Wed
L3_15m_hurst_12,IS,2025_08_06,above_upper,1754491500,14.92,0.8774692947039905,79.75,85.25,-30.75,14,Wed
L3_15m_hurst_12,IS,2025_08_07,above_upper,1754552700,14.92,0.8757180869282014,52.25,77.75,-1.75,7,Thu
L3_15m_hurst_12,IS,2025_08_07,above_upper,1754586000,44.92,0.8806551794462094,-47.75,15.75,-83.25,17,Thu
L3_15m_hurst_12,IS,2025_08_07,above_upper,1754590500,74.92,1.0,35.5,62.0,-26.25,18,Thu
L3_15m_hurst_12,IS,2025_08_08,above_upper,1754640900,29.92,0.8774150556207586,15.25,15.25,-10.75,8,Fri
L3_15m_hurst_12,IS,2025_08_08,above_upper,1754651700,29.83,0.8854376884500589,-30.5,7.5,-30.5,11,Fri
L3_15m_hurst_12,IS,2025_08_08,above_upper,1754654400,14.92,0.8661857145527463,-38.75,1.0,-56.0,12,Fri
L3_15m_hurst_12,IS,2025_08_11,below_lower,1754881200,14.92,0.36228422104115204,-3.0,15.0,-6.25,3,Mon
L3_15m_hurst_12,IS,2025_08_11,below_lower,1754901900,14.92,0.35238391973434763,22.5,26.5,-9.75,8,Mon
L3_15m_hurst_12,IS,2025_08_11,below_lower,1754903700,44.92,0.35174533307187633,14.5,19.0,-1.25,9,Mon
L3_15m_hurst_12,IS,2025_08_12,above_upper,1754958600,14.92,0.8497371591118316,-18.25,9.25,-23.0,0,Tue
L3_15m_hurst_12,IS,2025_08_12,above_upper,1754973005,44.83,0.8807851822742847,-26.75,20.25,-49.25,4,Tue
L3_15m_hurst_12,IS,2025_08_14,below_lower,1755142200,14.83,0.3739095740677175,-8.0,2.75,-9.0,3,Thu
L3_15m_hurst_12,IS,2025_08_14,below_lower,1755144000,14.83,0.3261040579059986,6.0,8.75,-6.75,4,Thu
L3_15m_hurst_12,IS,2025_08_14,below_lower,1755158400,29.92,0.3353225852607695,-11.75,5.75,-14.5,8,Thu
L3_15m_hurst_12,IS,2025_08_14,below_lower,1755184500,59.92,0.3249703580020455,-63.25,15.0,-69.0,15,Thu
L3_15m_hurst_12,IS,2025_08_14,below_lower,1755190800,29.92,0.2998463964639147,14.5,34.0,-5.0,17,Thu
L3_15m_hurst_12,IS,2025_08_14,below_lower,1755193500,14.92,0.37437471597902694,-34.25,14.0,-56.25,17,Thu
L3_15m_hurst_12,IS,2025_08_14,below_lower,1755195300,104.92,0.267779176025543,18.75,28.25,-14.75,18,Thu
L3_15m_hurst_12,IS,2025_08_14,below_lower,1755202500,224.92,0.23451983776691052,5.75,21.75,0.0,20,Thu
L3_15m_hurst_12,IS,2025_08_15,below_lower,1755233100,14.83,0.3611616937090673,-1.5,0.5,-19.5,4,Fri
L3_15m_hurst_12,IS,2025_08_15,below_lower,1755234900,29.75,0.345279106713762,13.25,14.75,-6.0,5,Fri
L3_15m_hurst_12,IS,2025_08_15,below_lower,1755243000,14.83,0.3791301283409553,-12.75,5.75,-18.25,7,Fri
L3_15m_hurst_12,IS,2025_08_15,below_lower,1755247500,329.92,0.1866386848006493,-27.5,0.25,-34.5,8,Fri
L3_15m_hurst_12,IS,2025_08_15,below_lower,1755268200,14.92,0.37670649532214295,-51.0,4.75,-68.5,14,Fri
L3_15m_hurst_12,IS,2025_08_18,above_upper,1755530100,14.92,0.8415298408548988,-4.5,11.5,-30.75,15,Mon
L3_15m_hurst_12,IS,2025_08_18,above_upper,1755534600,14.92,0.8551317006780793,-0.5,8.5,-47.0,16,Mon
L3_15m_hurst_12,IS,2025_08_19,below_lower,1755599400,119.92,0.2523084866328582,-19.25,0.75,-26.0,10,Tue
L3_15m_hurst_12,IS,2025_08_20,above_upper,1755689400,14.67,0.8451744612330969,-3.0,12.0,-29.25,11,Wed
L3_15m_hurst_12,IS,2025_08_21,below_lower,1755799200,29.92,0.30803977344619243,13.75,23.5,-26.5,18,Thu
L3_15m_hurst_12,IS,2025_08_21,below_lower,1755801900,14.92,0.3493733819005724,20.5,58.5,-12.75,18,Thu
L3_15m_hurst_12,IS,2025_08_21,below_lower,1755809100,134.75,0.2922530368809076,12.0,12.0,-0.5,20,Thu
L3_15m_hurst_12,IS,2025_08_22,below_lower,1755840600,29.92,0.29344238162483055,-22.25,14.75,-30.0,5,Fri
L3_15m_hurst_12,IS,2025_08_22,below_lower,1755844200,29.92,0.31048438631325653,9.25,15.75,-87.5,6,Fri
L3_15m_hurst_12,IS,2025_08_22,below_lower,1755846900,104.83,0.32694187015766846,56.5,60.25,-8.0,7,Fri
L3_15m_hurst_12,IS,2025_08_22,below_lower,1755863100,14.92,0.36490428030854843,8.0,28.0,-1.5,11,Fri
L3_15m_hurst_12,IS,2025_08_22,below_lower,1755865800,14.92,0.3390609924355373,0.0,0.0,-31.5,12,Fri
L3_15m_hurst_12,IS,2025_08_25,below_lower,1756113300,14.92,0.3623377128781644,-2.0,8.75,-9.0,9,Mon
L3_15m_hurst_12,IS,2025_08_26,above_upper,1756200600,14.92,0.8885755359354154,21.5,21.5,-9.25,9,Tue
L3_15m_hurst_12,IS,2025_08_26,above_upper,1756202400,14.92,0.8899752967466856,17.75,30.25,-4.5,10,Tue
L3_15m_hurst_12,IS,2025_08_26,above_upper,1756204200,14.92,0.8840869677159643,-28.5,9.0,-28.5,10,Tue
L3_15m_hurst_12,IS,2025_08_27,below_lower,1756257300,14.75,0.35802403655523934,10.0,19.75,-6.75,1,Wed
L3_15m_hurst_12,IS,2025_08_27,below_lower,1756260000,14.92,0.3643627102667794,-17.25,0.0,-19.5,2,Wed
L3_15m_hurst_12,IS,2025_08_27,below_lower,1756261800,29.92,0.32571063586978277,-3.75,5.75,-6.5,2,Wed
L3_15m_hurst_12,IS,2025_08_28,below_lower,1756364400,44.83,0.34611111964593244,23.75,23.75,-6.25,7,Thu
L3_15m_hurst_12,IS,2025_08_29,below_lower,1756425600,224.92,0.1405438393884225,-0.75,6.5,-10.0,0,Fri
L3_15m_hurst_12,IS,2025_09_03,above_upper,1756875600,59.92,0.8756890546622935,-13.5,5.5,-21.0,5,Wed
L3_15m_hurst_12,IS,2025_09_03,above_upper,1756880100,14.83,0.88947065919765,16.25,32.5,-4.0,6,Wed
L3_15m_hurst_12,IS,2025_09_03,above_upper,1756896300,14.92,0.8688438003532369,12.5,23.5,-26.75,10,Wed
L3_15m_hurst_12,IS,2025_09_03,above_upper,1756900800,14.92,0.8655034870289451,3.0,25.0,-21.75,12,Wed
L3_15m_hurst_12,IS,2025_09_03,above_upper,1756902600,74.92,0.9271498012645227,-16.0,21.25,-33.25,12,Wed
L3_15m_hurst_12,IS,2025_09_03,below_lower,1756938600,44.92,0.37254449135862655,7.5,16.5,-5.0,22,Wed
L3_15m_hurst_12,IS,2025_09_04,above_upper,1757014200,29.92,0.8990655233440303,59.25,79.0,-7.25,19,Thu
L3_15m_hurst_12,IS,2025_09_05,above_upper,1757031300,29.92,0.9513419369303554,12.25,13.0,-2.75,0,Fri
L3_15m_hurst_12,IS,2025_09_05,above_upper,1757034000,14.92,0.876808631978624,4.0,9.0,-5.25,1,Fri
L3_15m_hurst_12,IS,2025_09_05,above_upper,1757042100,14.92,0.8572845614936652,10.5,14.75,-4.75,3,Fri
L3_15m_hurst_12,IS,2025_09_05,above_upper,1757048400,44.83,0.9240256219390951,18.0,25.25,-4.0,5,Fri
L3_15m_hurst_12,IS,2025_09_05,above_upper,1757052900,14.92,0.8816136624325532,-11.5,16.75,-25.5,6,Fri
L3_15m_hurst_12,IS,2025_09_05,above_upper,1757096100,29.92,0.9708913233085755,39.75,46.75,-3.0,18,Fri
L3_15m_hurst_12,IS,2025_09_07,above_upper,1757282400,44.92,0.9064055284215845,60.75,65.5,-30.0,22,Sun
L3_15m_hurst_12,IS,2025_09_08,above_upper,1757310305,89.83,0.9570457456711858,20.75,30.25,-2.5,5,Mon
L3_15m_hurst_12,IS,2025_09_08,above_upper,1757316600,29.92,0.9566896507169366,-5.0,17.5,-22.25,7,Mon
L3_15m_hurst_12,IS,2025_09_08,above_upper,1757319300,134.83,0.930159903749661,1.0,5.75,-7.5,8,Mon
L3_15m_hurst_12,IS,2025_09_08,above_upper,1757328300,14.92,0.9039458485708438,-6.75,0.5,-17.5,10,Mon
L3_15m_hurst_12,IS,2025_09_10,above_upper,1757530800,14.92,0.8584440228847022,5.5,30.25,-74.0,19,Wed
L3_15m_hurst_12,IS,2025_09_10,above_upper,1757532600,14.92,0.8458176650969704,60.25,79.75,-1.75,19,Wed
L3_15m_hurst_12,IS,2025_09_11,above_upper,1757600100,14.92,0.8677072881940796,54.75,58.25,-11.5,14,Thu
L3_15m_hurst_12,IS,2025_09_12,below_lower,1757649600,29.83,0.35074304864830896,11.0,15.75,-1.5,4,Fri
L3_15m_hurst_12,IS,2025_09_12,below_lower,1757653200,44.92,0.32140751407951573,14.5,19.0,-2.0,5,Fri
L3_15m_hurst_12,IS,2025_09_12,below_lower,1757658600,74.92,0.2633004498004715,2.0,11.75,-13.25,6,Fri
L3_15m_hurst_12,IS,2025_09_15,above_upper,1757914210,14.58,0.8517463373321741,5.5,16.5,-1.25,5,Mon
L3_15m_hurst_12,IS,2025_09_15,above_upper,1757916000,14.67,0.8662751454034906,2.75,6.25,-11.25,6,Mon
L3_15m_hurst_12,IS,2025_09_15,above_upper,1757917800,89.92,0.9631324184802099,11.0,20.5,0.0,6,Mon
L3_15m_hurst_12,IS,2025_09_15,above_upper,1757939400,14.92,0.8530015644112183,32.5,32.5,-17.0,12,Mon
L3_15m_hurst_12,IS,2025_09_15,above_upper,1757942100,14.92,0.8888734886411893,75.5,92.5,-8.75,13,Mon
L3_15m_hurst_12,IS,2025_09_15,above_upper,1757953800,44.92,0.911455447475769,-17.25,16.75,-17.25,16,Mon
L3_15m_hurst_12,IS,2025_09_15,above_upper,1757961000,14.92,0.8658052964454209,6.25,13.75,-17.5,18,Mon
L3_15m_hurst_12,IS,2025_09_16,above_upper,1757993400,29.83,0.8687896810790543,0.25,8.0,-2.0,3,Tue
L3_15m_hurst_12,IS,2025_09_16,above_upper,1758051000,29.92,0.8730912821509418,-1.5,19.0,-21.25,19,Tue
L3_15m_hurst_12,IS,2025_09_17,above_upper,1758067200,119.5,0.9507699272329877,-0.25,9.0,-9.5,0,Wed
L3_15m_hurst_12,IS,2025_09_17,above_upper,1758085200,14.08,0.8607012407650835,0.75,9.5,-11.0,5,Wed
L3_15m_hurst_12,IS,2025_09_17,below_lower,1758148200,14.92,0.34788182001047374,45.5,48.5,-2.5,22,Wed
L3_15m_hurst_12,IS,2025_09_18,below_lower,1758168000,14.75,0.3764921794745642,10.0,18.25,-3.5,4,Thu
L3_15m_hurst_12,IS,2025_09_18,below_lower,1758170740,44.25,0.32339359211420476,-31.25,7.0,-32.25,4,Thu
L3_15m_hurst_12,IS,2025_09_18,below_lower,1758205800,164.92,0.2893722251948675,-8.5,19.25,-59.5,14,Thu
L3_15m_hurst_12,IS,2025_09_18,below_lower,1758218400,74.92,0.28928710834040156,25.75,33.0,-2.5,18,Thu
L3_15m_hurst_12,IS,2025_09_18,below_lower,1758224700,29.92,0.3384901213147458,4.5,14.75,-28.5,19,Thu
L3_15m_hurst_12,IS,2025_09_18,below_lower,1758228310,14.5,0.33207664163859857,-4.0,5.25,-4.0,20,Thu
L3_15m_hurst_12,IS,2025_09_18,below_lower,1758233700,43.42,0.31457694147140103,-4.0,3.75,-25.25,22,Thu
L3_15m_hurst_12,IS,2025_09_19,below_lower,1758246300,29.92,0.32236117871737974,-8.5,0.25,-13.75,1,Fri
L3_15m_hurst_12,IS,2025_09_19,below_lower,1758249050,13.17,0.3447840658930834,27.0,28.25,-0.75,2,Fri
L3_15m_hurst_12,IS,2025_10_03,below_lower,1759491000,14.92,0.37187703183710774,-4.25,17.25,-18.0,11,Fri
L3_15m_hurst_12,IS,2025_10_03,above_upper,1759496400,14.92,0.8919197819384553,-24.0,47.0,-24.0,13,Fri
L3_15m_hurst_12,IS,2025_10_06,above_upper,1759720500,29.75,0.8882792441111075,-2.25,5.5,-25.0,3,Mon
L3_15m_hurst_12,IS,2025_10_06,above_upper,1759726800,14.92,0.8498879521868408,-13.0,1.5,-20.5,5,Mon
L3_15m_hurst_12,IS,2025_10_06,below_lower,1759781700,14.92,0.357885941433875,9.5,10.75,-2.0,20,Mon
L3_15m_hurst_12,IS,2025_10_06,below_lower,1759783500,164.92,0.2730278024463415,5.0,6.25,-3.5,20,Mon
L3_15m_hurst_12,IS,2025_10_07,below_lower,1759833900,59.92,0.31590595484616907,1.0,8.0,-11.5,10,Tue
L3_15m_hurst_12,IS,2025_10_07,above_upper,1759869900,164.83,0.9843115588891308,-1.0,10.75,-1.75,20,Tue
L3_15m_hurst_12,IS,2025_10_08,above_upper,1759895100,14.75,0.8960677921170309,-2.0,5.75,-6.25,3,Wed
L3_15m_hurst_12,IS,2025_10_08,above_upper,1759927500,14.92,0.8434080622186206,68.75,86.25,-7.25,12,Wed
L3_15m_hurst_12,IS,2025_10_09,above_upper,1759968000,14.92,0.8458200849351757,-14.5,0.0,-18.75,0,Thu
L3_15m_hurst_12,IS,2025_10_09,above_upper,1759976100,104.92,0.9542178996633838,-6.25,9.5,-20.0,2,Thu
L3_15m_hurst_12,IS,2025_10_09,above_upper,1759987800,29.92,0.9471491860362429,-11.25,7.0,-18.5,5,Thu
L3_15m_hurst_12,IS,2025_10_09,above_upper,1759990500,14.92,0.9139282812538122,-21.75,2.0,-38.25,6,Thu
L3_15m_hurst_12,IS,2025_10_09,above_upper,1759997700,59.92,1.0,6.5,12.75,-25.25,8,Thu
L3_15m_hurst_12,IS,2025_10_09,above_upper,1760002200,14.92,0.9293423673859856,-13.25,17.0,-13.25,9,Thu
L3_15m_hurst_12,IS,2025_10_09,above_upper,1760007600,29.92,0.9246513021382535,-3.5,20.5,-7.5,11,Thu
L3_15m_hurst_12,IS,2025_10_09,above_upper,1760010300,14.92,0.9104791059431819,5.0,7.25,-10.75,11,Thu
L3_15m_hurst_12,IS,2025_10_09,above_upper,1760013000,59.92,0.9132816440675647,-4.5,6.5,-13.5,12,Thu
L3_15m_hurst_12,IS,2025_10_10,above_upper,1760062500,29.92,0.9067677232857959,-15.5,6.75,-21.25,2,Fri
L3_15m_hurst_12,IS,2025_10_10,above_upper,1760119200,14.92,0.9132631139696181,-74.75,36.0,-109.0,18,Fri
L3_15m_hurst_12,IS,2025_10_10,above_upper,1760125500,74.92,0.9050854990821126,-125.25,6.0,-157.5,19,Fri
L3_15m_hurst_12,IS,2025_10_12,above_upper,1760306400,14.92,0.93216791008264,66.75,119.25,-6.75,22,Sun
L3_15m_hurst_12,IS,2025_10_13,above_upper,1760321700,29.92,0.8852430393867641,-5.75,8.0,-43.0,2,Mon
L3_15m_hurst_12,IS,2025_10_13,above_upper,1760327100,14.92,0.9071789068474083,1.5,11.25,-32.75,3,Mon
L3_15m_hurst_12,IS,2025_10_13,above_upper,1760364000,59.92,0.9470782306441609,-137.0,14.25,-153.25,14,Mon
L3_15m_hurst_12,IS,2025_10_14,below_lower,1760405400,89.92,0.32144680192460756,-3.5,26.75,-6.0,1,Tue
L3_15m_hurst_12,IS,2025_10_14,below_lower,1760411700,59.92,0.3060801719782058,-89.5,3.25,-90.75,3,Tue
L3_15m_hurst_12,IS,2025_10_15,below_lower,1760542200,74.92,0.30125200826907433,-91.5,7.25,-169.75,15,Wed
L3_15m_hurst_12,IS,2025_10_16,above_upper,1760595300,14.92,0.8612477423442325,33.25,56.75,-12.5,6,Thu
L3_15m_hurst_12,IS,2025_10_16,above_upper,1760652000,14.92,0.8607838835272514,-52.75,60.5,-54.25,22,Thu
L3_15m_hurst_12,IS,2025_10_16,above_upper,1760653805,14.83,0.8417021303255081,-84.5,9.75,-87.0,22,Thu
L3_15m_hurst_12,IS,2025_10_20,above_upper,1760982300,14.92,0.8771469762101595,-24.5,5.75,-26.5,17,Mon
L3_15m_hurst_12,IS,2025_10_21,above_upper,1761006600,14.92,0.8865855703664199,5.25,20.5,-3.5,0,Tue
L3_15m_hurst_12,IS,2025_10_21,above_upper,1761012900,44.92,0.8824823865864816,-1.75,11.5,-12.75,2,Tue
L3_15m_hurst_12,IS,2025_10_21,above_upper,1761022800,14.92,0.8808813477326632,-12.75,6.5,-32.75,5,Tue
L3_15m_hurst_12,IS,2025_10_21,above_upper,1761025500,74.92,0.9372066106285463,-13.5,5.5,-25.75,5,Tue
L3_15m_hurst_12,IS,2025_10_21,above_upper,1761030900,179.92,1.0,11.5,26.75,-0.25,7,Tue
L3_15m_hurst_12,IS,2025_10_21,above_upper,1761042600,14.92,0.8483647009454758,28.25,30.5,-7.0,10,Tue
L3_15m_hurst_12,IS,2025_10_21,above_upper,1761044400,14.92,0.869099872004677,27.0,27.0,-7.5,11,Tue
L3_15m_hurst_12,IS,2025_10_21,above_upper,1761047100,89.92,0.915632169133223,9.75,18.25,-5.5,11,Tue
L3_15m_hurst_12,IS,2025_10_22,below_lower,1761098400,284.92,0.24889180711822567,7.75,16.0,-13.0,2,Wed
L3_15m_hurst_12,IS,2025_10_22,below_lower,1761129000,224.92,0.27769123106873606,-47.5,19.0,-58.25,10,Wed
L3_15m_hurst_12,IS,2025_10_22,above_upper,1761154200,14.92,0.8557236275249855,17.0,36.25,-95.75,17,Wed
L3_15m_hurst_12,IS,2025_10_23,above_upper,1761201900,14.92,0.8499876740030246,-1.0,32.0,-24.5,6,Thu
L3_15m_hurst_12,IS,2025_10_23,above_upper,1761212700,29.92,0.8555973180149403,-2.5,21.75,-18.25,9,Thu
L3_15m_hurst_12,IS,2025_10_23,above_upper,1761219000,59.92,0.8759045126618173,-44.5,1.25,-75.25,11,Thu
L3_15m_hurst_12,IS,2025_10_23,above_upper,1761223500,14.92,0.8580845499894807,141.25,141.25,-16.0,12,Thu
L3_15m_hurst_12,IS,2025_10_23,above_upper,1761242400,14.92,0.8676193149430342,-4.75,2.75,-29.0,18,Thu
L3_15m_hurst_12,IS,2025_10_23,above_upper,1761244200,74.92,0.9069665368229755,-2.0,6.75,-20.75,18,Thu
L3_15m_hurst_12,IS,2025_10_24,above_upper,1761275700,14.92,0.8610480924948403,20.75,22.5,0.0,3,Fri
L3_15m_hurst_12,IS,2025_10_24,above_upper,1761278415,14.67,0.9146310515907982,4.5,7.25,-8.25,4,Fri
L3_15m_hurst_12,IS,2025_10_26,below_lower,1761516000,14.92,0.37889288138558097,-18.0,8.25,-41.25,22,Sun
L3_15m_hurst_12,IS,2025_10_27,below_lower,1761535800,29.92,0.36763431428706195,-2.25,4.5,-14.5,3,Mon
L3_15m_hurst_12,IS,2025_10_27,below_lower,1761538500,89.67,0.2666407258617387,15.75,20.75,-3.25,4,Mon
L3_15m_hurst_12,IS,2025_10_27,below_lower,1761564600,59.92,0.27719761814153887,4.5,11.5,-21.75,11,Mon
L3_15m_hurst_12,IS,2025_10_27,below_lower,1761575400,44.92,0.28195478530264656,33.0,35.5,-13.0,14,Mon
L3_15m_hurst_12,IS,2025_10_28,below_lower,1761611400,29.75,0.31743204110800605,-13.5,7.0,-20.5,0,Tue
L3_15m_hurst_12,IS,2025_10_28,below_lower,1761615000,29.92,0.3452345939701082,8.5,12.75,-2.0,1,Tue
L3_15m_hurst_12,IS,2025_10_28,below_lower,1761618605,14.83,0.37431945446668524,1.5,7.5,-13.25,2,Tue
L3_15m_hurst_12,IS,2025_10_28,above_upper,1761623100,14.92,0.8791121374926725,-14.0,11.0,-15.25,3,Tue
L3_15m_hurst_12,IS,2025_10_28,above_upper,1761649200,14.83,0.8671108032148304,16.0,25.25,0.0,11,Tue
L3_15m_hurst_12,IS,2025_10_28,above_upper,1761653700,29.92,0.8907286769342914,51.0,52.0,-6.5,12,Tue
L3_15m_hurst_12,IS,2025_10_28,above_upper,1761656400,14.92,0.8681562435576573,55.75,80.5,-1.0,13,Tue
L3_15m_hurst_12,IS,2025_10_28,above_upper,1761659100,14.92,0.8650479813239372,-52.0,8.0,-59.75,13,Tue
L3_15m_hurst_12,IS,2025_10_28,above_upper,1761660900,14.92,0.8523327754217418,-31.25,1.75,-60.75,14,Tue
L3_15m_hurst_12,IS,2025_10_28,above_upper,1761678000,44.92,0.965366101163261,-31.75,35.75,-34.75,19,Tue
L3_15m_hurst_12,IS,2025_10_29,above_upper,1761698700,14.92,0.896120659860467,21.25,39.75,-10.25,0,Wed
L3_15m_hurst_12,IS,2025_10_29,above_upper,1761700500,29.92,1.0,41.75,51.75,-0.5,1,Wed
L3_15m_hurst_12,IS,2025_10_30,below_lower,1761808500,14.92,0.3719179536755765,-25.75,20.25,-34.0,7,Thu
L3_15m_hurst_12,IS,2025_10_30,below_lower,1761824700,29.92,0.34697966898180016,-162.25,2.5,-171.25,11,Thu
L3_15m_hurst_12,IS,2025_10_30,below_lower,1761827400,74.92,0.25735118287382813,-42.0,19.25,-73.5,12,Thu
L3_15m_hurst_12,IS,2025_10_30,below_lower,1761853500,29.92,0.3515228489599941,218.25,223.75,-57.75,19,Thu
L3_15m_hurst_12,IS,2025_10_30,below_lower,1761857100,14.92,0.32172735091251836,37.75,37.75,-8.75,20,Thu
L3_15m_hurst_12,IS,2025_10_30,below_lower,1761863400,14.83,0.37828909799474447,-25.75,4.0,-40.5,22,Thu
L3_15m_hurst_12,IS,2025_10_31,below_lower,1761917400,14.92,0.3471565586509405,-84.5,3.75,-123.75,13,Fri
L3_15m_hurst_12,IS,2025_10_31,below_lower,1761921000,14.92,0.3704210969336052,34.75,77.0,-2.5,14,Fri
L3_15m_hurst_12,IS,2025_11_03,above_upper,1762171200,29.92,0.9464762038424346,-3.25,28.0,-9.75,12,Mon
L3_15m_hurst_12,IS,2025_11_03,above_upper,1762173905,29.83,0.9247155215368893,17.25,22.25,-24.0,12,Mon
L3_15m_hurst_12,IS,2025_11_04,above_upper,1762245900,14.92,0.8469053623360948,-68.0,4.0,-72.0,8,Tue
L3_15m_hurst_12,IS,2025_11_04,above_upper,1762290000,29.92,0.866989694166709,-12.75,14.75,-52.0,21,Tue
L3_15m_hurst_12,IS,2025_11_05,above_upper,1762322400,119.92,0.9326620571916691,52.0,71.75,-23.25,6,Wed
L3_15m_hurst_12,IS,2025_11_05,above_upper,1762330500,14.92,0.8512799534163046,-1.0,30.0,-29.75,8,Wed
L3_15m_hurst_12,IS,2025_11_05,above_upper,1762333200,119.92,0.940761051049309,4.25,36.75,-33.25,9,Wed
L3_15m_hurst_12,IS,2025_11_05,above_upper,1762349400,14.92,0.8533381243647957,-10.0,34.75,-27.75,13,Wed
L3_15m_hurst_12,IS,2025_11_05,above_upper,1762352100,14.92,0.8605019148851735,82.0,148.25,-75.0,14,Wed
L3_15m_hurst_12,IS,2025_11_05,above_upper,1762358400,74.92,0.8678616733411879,54.5,69.25,-60.0,16,Wed
L3_15m_hurst_12,IS,2025_11_05,above_upper,1762364700,29.92,0.9203505657002767,29.75,37.25,-21.25,17,Wed
L3_15m_hurst_12,IS,2025_11_06,above_upper,1762443900,134.92,0.9459681367528692,-78.0,34.0,-106.5,15,Thu
L3_15m_hurst_12,IS,2025_11_06,above_upper,1762453800,14.92,0.8806803070456348,101.25,106.5,-16.25,18,Thu
L3_15m_hurst_12,IS,2025_11_06,above_upper,1762456500,74.92,0.9035987417580225,-6.5,39.5,-40.0,19,Thu
L3_15m_hurst_12,IS,2025_11_07,above_upper,1762475400,29.92,0.8913540265745677,-77.25,25.5,-77.25,0,Fri
L3_15m_hurst_12,IS,2025_11_07,above_upper,1762534800,29.92,0.8634216404821871,106.0,119.25,-30.0,17,Fri
L3_15m_hurst_12,IS,2025_11_10,above_upper,1762732800,74.92,0.9097448197459364,6.25,14.25,-60.5,0,Mon
L3_15m_hurst_12,IS,2025_11_10,above_upper,1762739100,44.92,0.9181711140525604,59.0,62.5,0.0,1,Mon
L3_15m_hurst_12,IS,2025_11_10,above_upper,1762743600,104.92,1.0,26.75,53.5,0.0,3,Mon
L3_15m_hurst_12,IS,2025_11_10,above_upper,1762754400,14.92,0.9072381032021238,-2.25,21.25,-12.25,6,Mon
L3_15m_hurst_12,IS,2025_11_10,above_upper,1762758000,44.92,0.8984827131814649,11.75,21.25,-14.5,7,Mon
L3_15m_hurst_12,IS,2025_11_10,above_upper,1762761600,44.92,0.982797738777307,39.5,43.0,-33.0,8,Mon
L3_15m_hurst_12,IS,2025_11_10,above_upper,1762778700,14.92,0.8484608372676794,9.5,26.25,-11.75,12,Mon
L3_15m_hurst_12,IS,2025_11_10,above_upper,1762781400,29.92,0.8699274441555437,-3.75,12.0,-25.0,13,Mon
L3_15m_hurst_12,IS,2025_11_10,above_upper,1762784100,29.92,0.9417952630625563,91.5,124.5,-12.25,14,Mon
L3_15m_hurst_12,IS,2025_11_10,above_upper,1762806600,29.92,0.8875923262597771,23.75,51.5,-7.0,20,Mon
L3_15m_hurst_12,IS,2025_11_10,above_upper,1762809300,14.92,0.855135332832868,-5.25,11.25,-16.25,21,Mon
L3_15m_hurst_12,IS,2025_11_12,above_upper,1762912800,59.92,0.9281423368186454,-4.75,29.5,-19.0,2,Wed
L3_15m_hurst_12,IS,2025_11_12,above_upper,1762973100,14.92,0.8414322224921107,-22.75,14.0,-55.25,18,Wed
L3_15m_hurst_12,IS,2025_11_13,below_lower,1763021700,14.92,0.3605035137117416,-56.75,33.0,-69.0,8,Thu
L3_15m_hurst_12,IS,2025_11_13,below_lower,1763024400,14.92,0.3726405776884454,-118.25,1.75,-148.25,9,Thu
L3_15m_hurst_12,IS,2025_11_14,above_upper,1763085600,44.92,0.8686931171268806,13.0,28.75,-3.25,2,Fri
L3_15m_hurst_12,IS,2025_11_14,above_upper,1763091000,29.92,0.9378423397467793,-78.25,0.25,-81.5,3,Fri
L3_15m_hurst_12,IS,2025_11_14,above_upper,1763137800,14.92,0.8812624541410663,7.5,46.75,-64.5,16,Fri
L3_15m_hurst_12,IS,2025_11_14,above_upper,1763139600,44.92,0.9354332960273227,-42.5,51.25,-77.25,17,Fri
L3_15m_hurst_12,IS,2025_11_17,above_upper,1763337600,29.92,0.8790319254369479,54.75,67.0,-60.75,0,Mon
L3_15m_hurst_12,IS,2025_11_17,above_upper,1763350200,89.92,0.9812799500140124,39.75,40.25,-7.5,3,Mon
L3_15m_hurst_12,IS,2025_11_17,above_upper,1763387100,74.92,1.0,127.25,168.25,-71.25,13,Mon
L3_15m_hurst_12,IS,2025_11_19,below_lower,1763525700,104.92,0.2531531129231913,2.0,42.25,-18.25,4,Wed
L3_15m_hurst_12,IS,2025_11_19,below_lower,1763535600,29.92,0.3727007893523385,56.25,73.0,-17.5,7,Wed
L3_15m_hurst_12,IS,2025_11_19,below_lower,1763564400,44.92,0.3267006984207164,-131.25,95.0,-140.25,15,Wed
L3_15m_hurst_12,IS,2025_11_19,below_lower,1763568900,44.92,0.35340022106844915,-113.5,24.5,-129.5,16,Wed
L3_15m_hurst_12,IS,2025_11_20,above_upper,1763669700,14.92,0.8437075411181781,-170.75,59.25,-190.5,20,Thu
L3_15m_hurst_12,IS,2025_11_20,above_upper,1763671500,14.92,0.910865296150907,-55.25,30.0,-69.75,20,Thu
L3_15m_hurst_12,IS,2025_11_21,above_upper,1763683200,29.92,0.8769441587354504,59.0,73.75,-16.25,0,Fri
L3_15m_hurst_12,IS,2025_11_21,above_upper,1763688600,44.92,0.9513464394502243,-45.0,7.75,-66.75,1,Fri
L3_15m_hurst_12,IS,2025_11_21,above_upper,1763694000,74.92,0.9463311780700758,18.5,57.0,-13.75,3,Fri
L3_15m_hurst_12,IS,2025_11_21,above_upper,1763707500,44.92,0.9326456758107091,-19.5,27.0,-32.5,6,Fri
L3_15m_hurst_12,IS,2025_11_21,above_upper,1763711100,14.92,0.9161733360098436,6.0,25.75,-89.25,7,Fri
L3_15m_hurst_12,IS,2025_11_21,above_upper,1763712900,44.92,0.8948992494209165,16.25,44.5,-64.25,8,Fri
L3_15m_hurst_12,IS,2025_11_21,below_lower,1763746200,29.92,0.3544040492848624,-104.0,50.25,-151.75,17,Fri
L3_15m_hurst_12,IS,2025_11_24,above_upper,1764002700,14.92,0.8705491534293356,46.0,63.5,-39.5,16,Mon
L3_15m_hurst_12,IS,2025_11_25,above_upper,1764028800,29.92,0.9121209171338777,1.0,5.5,-38.75,0,Tue
L3_15m_hurst_12,IS,2025_11_25,above_upper,1764038700,14.92,0.8451510127306976,-13.25,11.5,-23.5,2,Tue
L3_15m_hurst_12,IS,2025_11_25,above_upper,1764054000,14.92,0.8475213893607696,19.5,34.0,-19.25,7,Tue
L3_15m_hurst_12,IS,2025_11_25,above_upper,1764059400,29.83,0.9436366402683468,-87.0,0.0,-91.25,8,Tue
L3_15m_hurst_12,IS,2025_11_25,above_upper,1764062100,29.92,0.8821504950150182,-13.25,1.25,-59.0,9,Tue
L3_15m_hurst_12,IS,2025_11_25,above_upper,1764066600,14.92,0.8425052417399004,4.0,36.5,-24.0,10,Tue
L3_15m_hurst_12,IS,2025_11_25,above_upper,1764077400,14.92,0.8412721361487008,-76.25,3.5,-105.75,13,Tue
L3_15m_hurst_12,IS,2025_11_27,below_lower,1764265500,14.92,0.33042294056770377,18.25,18.25,-3.5,17,Thu
L3_15m_hurst_12,IS,2025_11_28,below_lower,1764288000,29.92,0.19729228720250658,9.0,19.5,-5.75,0,Fri
L3_15m_hurst_12,IS,2025_11_28,below_lower,1764290700,29.92,0.3400993208758417,5.0,32.0,-3.75,0,Fri
L3_15m_hurst_12,IS,2025_12_01,above_upper,1764576000,14.92,0.8670849964231855,27.25,62.0,-8.0,8,Mon
L3_15m_hurst_12,IS,2025_12_01,above_upper,1764607500,119.92,0.8944902595061973,55.0,56.0,-9.5,16,Mon
L3_15m_hurst_12,IS,2025_12_03,below_lower,1764720000,29.92,0.35790129106484414,1.0,11.75,-49.0,0,Wed
L3_15m_hurst_12,IS,2025_12_03,below_lower,1764724500,44.92,0.335488573944067,17.75,19.5,-8.25,1,Wed
L3_15m_hurst_12,IS,2025_12_03,below_lower,1764729900,44.92,0.34344839837810665,22.25,24.0,-7.75,2,Wed
L3_15m_hurst_12,IS,2025_12_03,below_lower,1764739800,14.92,0.3241752152425509,-22.0,1.5,-22.0,5,Wed
L3_15m_hurst_12,IS,2025_12_03,below_lower,1764746100,29.92,0.32453001542672255,-15.75,10.0,-22.0,7,Wed
L3_15m_hurst_12,IS,2025_12_03,below_lower,1764770400,14.92,0.3706894151089235,-150.5,2.5,-227.0,14,Wed
L3_15m_hurst_12,IS,2025_12_03,below_lower,1764797400,29.92,0.3077734312742565,10.25,10.25,-5.25,21,Wed
L3_15m_hurst_12,IS,2025_12_04,below_lower,1764806400,29.92,0.37001830822318815,-13.75,16.25,-25.0,0,Thu
L3_15m_hurst_12,IS,2025_12_04,below_lower,1764837000,29.92,0.33529406937596823,34.25,38.5,0.0,8,Thu
L3_15m_hurst_12,IS,2025_12_04,below_lower,1764840600,14.92,0.36950933091916893,31.25,44.75,-1.5,9,Thu
L3_15m_hurst_12,IS,2025_12_04,below_lower,1764849600,29.92,0.3745491109956837,0.5,17.0,-2.5,12,Thu
L3_15m_hurst_12,IS,2025_12_04,below_lower,1764852300,14.92,0.3734380755094784,-26.0,6.25,-39.0,12,Thu
L3_15m_hurst_12,IS,2025_12_04,below_lower,1764854100,14.92,0.3180624960108724,85.75,90.75,-21.75,13,Thu
L3_15m_hurst_12,IS,2025_12_05,below_lower,1764894600,14.92,0.36839535152801006,30.5,34.5,-2.0,0,Fri
L3_15m_hurst_12,IS,2025_12_05,below_lower,1764896400,29.92,0.3421156179878434,26.75,28.75,-0.5,1,Fri
L3_15m_hurst_12,IS,2025_12_05,below_lower,1764904500,89.92,0.2626681727925503,25.25,28.75,-3.5,3,Fri
L3_15m_hurst_12,IS,2025_12_05,below_lower,1764918000,14.92,0.3375975982260444,13.0,16.75,-5.5,7,Fri
L3_15m_hurst_12,IS,2025_12_05,below_lower,1764946800,29.92,0.35825790254095297,-54.0,62.25,-86.25,15,Fri
L3_15m_hurst_12,IS,2025_12_05,below_lower,1764950400,29.92,0.35671461095330687,-21.0,14.0,-98.0,16,Fri
L3_15m_hurst_12,IS,2025_12_05,below_lower,1764953100,29.92,0.36982803709221335,3.5,67.25,-24.5,16,Fri
L3_15m_hurst_12,IS,2025_12_08,above_upper,1765163700,14.83,0.8464956974662227,10.5,12.0,-4.75,3,Mon
L3_15m_hurst_12,IS,2025_12_08,above_upper,1765230300,89.92,0.8487990688546245,8.0,8.0,-12.5,21,Mon
L3_15m_hurst_12,IS,2025_12_09,above_upper,1765242900,14.92,0.8738572564324268,-32.25,3.75,-48.75,1,Tue
L3_15m_hurst_12,IS,2025_12_09,above_upper,1765254600,29.83,0.9036308016631291,-25.25,3.25,-25.25,4,Tue
L3_15m_hurst_12,IS,2025_12_09,below_lower,1765295100,14.92,0.3571797228716517,-3.75,31.0,-44.75,15,Tue
L3_15m_hurst_12,IS,2025_12_09,above_upper,1765309500,29.92,0.9297648553161595,17.5,21.25,-2.5,19,Tue
L3_15m_hurst_12,IS,2025_12_09,above_upper,1765313100,29.92,0.8830699528484802,-28.75,11.5,-32.0,20,Tue
L3_15m_hurst_12,IS,2025_12_09,above_upper,1765315800,14.92,0.8888306722361423,2.75,5.75,-5.0,21,Tue
L3_15m_hurst_12,IS,2025_12_10,below_lower,1765375200,104.92,0.2853041235650252,-57.0,0.0,-109.0,14,Wed
L3_15m_hurst_12,IS,2025_12_11,above_upper,1765480500,14.92,0.8563856592245441,22.25,52.5,0.0,19,Thu
L3_15m_hurst_12,IS,2025_12_11,above_upper,1765483200,14.92,0.8538712677947788,32.5,32.5,-30.0,20,Thu
L3_15m_hurst_12,IS,2025_12_15,above_upper,1765782906,29.73,0.8759573566568103,-23.25,9.5,-25.25,7,Mon
L3_15m_hurst_12,IS,2025_12_16,below_lower,1765920600,104.9,0.3637324073015808,18.0,18.0,-8.5,21,Tue
L3_15m_hurst_12,IS,2025_12_17,below_lower,1765935913,59.75,0.2882705809067079,24.25,29.75,-24.75,1,Wed
L3_15m_hurst_12,IS,2025_12_17,below_lower,1765946700,29.9,0.358680301492127,30.25,30.25,-23.75,4,Wed
L3_15m_hurst_12,IS,2025_12_17,below_lower,1765952100,59.85,0.2567213839439778,18.25,28.25,-20.0,6,Wed
L3_15m_hurst_12,IS,2025_12_17,below_lower,1765957540,14.32,0.3597138114988097,15.5,20.75,-19.0,7,Wed
L3_15m_hurst_12,IS,2025_12_17,below_lower,1765964710,14.43,0.31794196952569104,19.75,33.0,-3.0,9,Wed
L3_15m_hurst_12,IS,2025_12_17,below_lower,1765966522,29.38,0.3565768493273065,-0.75,24.25,-10.0,10,Wed
L3_15m_hurst_12,IS,2025_12_17,below_lower,1765970118,59.67,0.3198674934317578,19.0,24.75,-6.25,11,Wed
L3_15m_hurst_12,IS,2025_12_17,below_lower,1765980002,14.9,0.37205252745171996,-131.0,14.0,-211.5,14,Wed
L3_15m_hurst_12,IS,2025_12_17,above_upper,1765997100,29.92,1.0,-7.25,14.25,-40.5,18,Wed
L3_15m_hurst_12,IS,2025_12_17,above_upper,1765999800,29.92,0.9859789099492715,17.5,41.25,-18.25,19,Wed
L3_15m_hurst_12,IS,2025_12_17,above_upper,1766006104,164.83,0.944971190839431,5.0,5.0,-50.25,21,Wed
L3_15m_hurst_12,IS,2025_12_18,above_upper,1766016000,119.67,0.9132161565531233,54.25,63.75,-29.5,0,Thu
L3_15m_hurst_12,IS,2025_12_18,above_upper,1766024100,14.75,0.9146662098071322,-51.5,30.0,-55.5,2,Thu
L3_15m_hurst_12,IS,2025_12_18,above_upper,1766025908,44.68,0.9191025226739709,-62.0,3.5,-70.75,2,Thu
L3_15m_hurst_12,IS,2025_12_18,above_upper,1766061034,74.37,0.9798092726666672,67.25,87.5,-34.75,12,Thu
L3_15m_hurst_12,IS,2025_12_18,above_upper,1766070900,14.92,0.8624035842827875,183.0,215.0,-13.75,15,Thu
L3_15m_hurst_12,IS,2025_12_18,below_lower,1766080800,14.93,0.37339850960309384,-14.0,49.25,-33.75,18,Thu
L3_15m_hurst_12,IS,2025_12_18,below_lower,1766088900,44.92,0.27442174169245964,-87.75,45.0,-87.75,20,Thu
L3_15m_hurst_12,IS,2025_12_18,below_lower,1766093409,29.83,0.35453778528458,7.75,7.75,-21.5,21,Thu
L3_15m_hurst_12,IS,2025_12_19,below_lower,1766102400,14.95,0.359085404991317,-17.5,4.25,-36.75,0,Fri
L3_15m_hurst_12,IS,2025_12_19,below_lower,1766119500,72.83,0.23218976774547012,-1.5,14.5,-16.0,4,Fri
L3_15m_hurst_12,IS,2025_12_19,below_lower,1766142055,27.82,0.340777550844998,-14.0,4.75,-38.5,11,Fri
L3_15m_hurst_12,OOS,2026_01_05,above_upper,1767578401,14.93,0.9512500579771795,7.0,17.5,-11.5,2,Mon
L3_15m_hurst_12,OOS,2026_01_05,above_upper,1767581102,29.93,0.9222717632236548,-1.5,16.75,-2.75,2,Mon
L3_15m_hurst_12,OOS,2026_01_05,above_upper,1767595505,14.85,0.8659070583649117,-27.5,19.25,-28.25,6,Mon
L3_15m_hurst_12,OOS,2026_01_05,above_upper,1767597300,14.85,0.8521981016604515,27.5,28.5,-37.5,7,Mon
L3_15m_hurst_12,OOS,2026_01_05,below_lower,1767633300,14.92,0.3766067363632934,-78.5,0.0,-79.25,17,Mon
L3_15m_hurst_12,OOS,2026_01_07,above_upper,1767804300,89.93,1.0,52.25,54.5,-1.0,16,Wed
L3_15m_hurst_12,OOS,2026_01_07,above_upper,1767816000,74.92,0.9153407274450645,-79.5,7.75,-88.25,20,Wed
L3_15m_hurst_12,OOS,2026_01_07,above_upper,1767821403,29.87,0.9167048842727251,16.0,16.0,-2.5,21,Wed
L3_15m_hurst_12,OOS,2026_01_08,above_upper,1767831300,44.9,0.8772522972279239,-3.5,19.75,-15.0,0,Thu
L3_15m_hurst_12,OOS,2026_01_08,above_upper,1767835800,74.92,0.9165046074650591,-11.75,2.75,-17.5,1,Thu
L3_15m_hurst_12,OOS,2026_01_08,above_upper,1767842101,29.92,0.8961621594188397,-6.25,3.75,-20.0,3,Thu
L3_15m_hurst_12,OOS,2026_01_08,above_upper,1767850202,29.88,0.8949609575602369,-90.5,0.0,-90.75,5,Thu
L3_15m_hurst_12,OOS,2026_01_08,above_upper,1767863701,29.95,0.8614166229317932,-34.25,0.0,-39.25,9,Thu
L3_15m_hurst_12,OOS,2026_01_08,above_upper,1767875400,14.97,0.9409313286553578,31.0,35.5,-19.75,12,Thu
L3_15m_hurst_12,OOS,2026_01_08,above_upper,1767877200,14.98,0.8652219548298633,34.25,53.25,-5.5,13,Thu
L3_15m_hurst_12,OOS,2026_01_08,below_lower,1767906000,14.92,0.37510887174053126,35.0,59.25,0.0,21,Thu
L3_15m_hurst_12,OOS,2026_01_09,below_lower,1767916800,59.98,0.2654087123695916,-7.25,21.75,-8.25,0,Fri
L3_15m_hurst_12,OOS,2026_01_09,below_lower,1767922200,29.97,0.3188375600240433,48.25,50.5,-11.0,1,Fri
L3_15m_hurst_12,OOS,2026_01_09,below_lower,1767924915,89.7,0.2904220856850966,29.75,39.75,-0.75,2,Fri
L3_15m_hurst_12,OOS,2026_01_09,below_lower,1767932100,29.93,0.3685624989513274,6.75,19.75,-11.75,4,Fri
L3_15m_hurst_12,OOS,2026_01_09,below_lower,1767956400,29.95,0.34820548340225527,10.25,35.5,-10.25,11,Fri
L3_15m_hurst_12,OOS,2026_01_09,below_lower,1767959100,14.98,0.36178051765878233,-37.75,0.0,-52.75,11,Fri
L3_15m_hurst_12,OOS,2026_01_12,above_upper,1768216500,14.97,0.8410957335709229,3.75,13.25,-18.0,11,Mon
L3_15m_hurst_12,OOS,2026_01_12,above_upper,1768218306,14.85,0.8470509317821923,27.25,30.5,-6.0,11,Mon
L3_15m_hurst_12,OOS,2026_01_12,above_upper,1768224601,29.9,0.906922448211537,32.0,32.0,-33.75,13,Mon
L3_15m_hurst_12,OOS,2026_01_12,above_upper,1768227300,29.92,0.908376703489238,163.0,180.25,-21.25,14,Mon
L3_15m_hurst_12,OOS,2026_01_12,above_upper,1768239000,59.92,0.997412923712756,29.5,35.0,-22.75,17,Mon
L3_15m_hurst_12,OOS,2026_01_12,above_upper,1768243500,14.92,1.0,24.25,33.5,-18.25,18,Mon
L3_15m_hurst_12,OOS,2026_01_12,above_upper,1768247100,59.92,0.8951984880517547,-27.5,12.0,-30.75,19,Mon
L3_15m_hurst_12,OOS,2026_01_13,above_upper,1768269600,14.97,0.863811606762455,-2.25,18.25,-4.25,2,Tue
L3_15m_hurst_12,OOS,2026_01_13,above_upper,1768276800,29.95,0.8662590957537277,2.25,8.25,-13.0,4,Tue
L3_15m_hurst_12,OOS,2026_01_13,above_upper,1768279500,209.93,1.0,26.5,34.5,-2.25,4,Tue
L3_15m_hurst_12,OOS,2026_01_13,above_upper,1768294800,119.93,0.9467466203812958,1.5,26.0,-15.5,9,Tue
L3_15m_hurst_12,OOS,2026_01_13,above_upper,1768302900,14.83,0.8428417534169338,20.5,24.0,-12.0,11,Tue
L3_15m_hurst_12,OOS,2026_01_13,below_lower,1768325400,29.92,0.3247391857400284,-94.0,7.5,-116.0,17,Tue
L3_15m_hurst_12,OOS,2026_01_13,below_lower,1768328100,14.92,0.37964169566989153,-71.25,6.5,-78.75,18,Tue
L3_15m_hurst_12,OOS,2026_01_14,below_lower,1768348800,29.87,0.33202522461044426,20.75,35.0,-3.5,0,Wed
L3_15m_hurst_12,OOS,2026_01_14,below_lower,1768364101,14.92,0.37400201741819655,-21.5,8.25,-25.75,4,Wed
L3_15m_hurst_12,OOS,2026_01_14,below_lower,1768368600,14.83,0.3584967903051365,-14.0,8.25,-26.75,5,Wed
L3_15m_hurst_12,OOS,2026_01_14,below_lower,1768374000,119.92,0.23583743676147303,-1.5,9.5,-12.25,7,Wed
L3_15m_hurst_12,OOS,2026_01_14,below_lower,1768385704,14.85,0.35168048953796227,-96.0,0.0,-118.75,10,Wed
L3_15m_hurst_12,OOS,2026_01_14,below_lower,1768387500,74.95,0.35094751659942924,-6.0,14.75,-38.75,10,Wed
L3_15m_hurst_12,OOS,2026_01_14,below_lower,1768392901,14.92,0.3682782228500933,15.75,33.5,-2.5,12,Wed
L3_15m_hurst_12,OOS,2026_01_14,below_lower,1768394700,29.92,0.344496049333749,-37.5,28.75,-37.5,12,Wed
L3_15m_hurst_12,OOS,2026_01_14,above_upper,1768422600,14.92,0.8823962376153742,53.75,90.75,-1.5,20,Wed
L3_15m_hurst_12,OOS,2026_01_15,above_upper,1768479300,14.92,0.8894224887718173,30.25,38.25,-18.75,12,Thu
L3_15m_hurst_12,OOS,2026_01_15,below_lower,1768501800,14.92,0.3605546930769835,-104.0,9.5,-105.25,18,Thu
L3_15m_hurst_12,OOS,2026_01_16,above_upper,1768528805,89.83,0.943778072957548,18.0,24.0,-7.0,2,Fri
L3_15m_hurst_12,OOS,2026_01_16,above_upper,1768538701,239.9,1.0,6.5,20.5,0.0,4,Fri
L3_15m_hurst_12,OOS,2026_01_16,above_upper,1768559400,14.92,0.8494372176027493,29.25,34.0,0.0,10,Fri
L3_15m_hurst_12,OOS,2026_01_19,below_lower,1768815000,44.93,0.3091956902979805,-18.5,8.25,-68.0,9,Mon
L3_15m_hurst_12,OOS,2026_01_19,below_lower,1768818600,14.95,0.3342998860010048,3.25,4.5,-43.75,10,Mon
L3_15m_hurst_12,OOS,2026_01_19,below_lower,1768821300,44.92,0.3557278961560428,14.75,37.0,-6.0,11,Mon
L3_15m_hurst_12,OOS,2026_01_20,above_upper,1768923900,104.92,0.9439396569307478,-31.75,39.75,-73.0,15,Tue
L3_15m_hurst_12,OOS,2026_01_21,above_upper,1769011200,14.92,0.8568851217173489,-241.5,20.5,-247.75,16,Wed
L3_15m_hurst_12,OOS,2026_01_22,below_lower,1769078700,14.92,0.37212123139989295,-10.75,24.75,-20.5,10,Thu
L3_15m_hurst_12,OOS,2026_01_22,above_upper,1769105700,14.92,0.909203379538772,7.5,16.0,-26.75,18,Thu
L3_15m_hurst_12,OOS,2026_01_23,below_lower,1769157900,14.93,0.37035627814957695,-64.5,14.0,-67.25,8,Fri
L3_15m_hurst_12,OOS,2026_01_23,below_lower,1769160600,14.92,0.37368767027064664,-41.0,0.0,-62.0,9,Fri
L3_15m_hurst_12,OOS,2026_01_28,below_lower,1769597100,44.92,0.31519279366180347,4.5,11.0,-22.0,10,Wed
L3_15m_hurst_12,OOS,2026_01_28,above_upper,1769619600,14.92,0.8434252012875643,22.75,48.25,-3.5,17,Wed
L3_15m_hurst_12,OOS,2026_01_28,above_upper,1769621400,29.92,0.9174349076768065,38.0,45.25,-13.25,17,Wed
L3_15m_hurst_12,OOS,2026_01_29,below_lower,1769663700,14.83,0.35193353936809896,45.25,47.5,0.0,5,Thu
L3_15m_hurst_12,OOS,2026_01_29,above_upper,1769713200,89.92,0.8892102656385888,8.0,59.0,-14.25,19,Thu
L3_15m_hurst_12,OOS,2026_01_30,above_upper,1769731200,44.95,0.9347347591969366,-39.0,20.5,-60.0,0,Fri
L3_15m_hurst_12,OOS,2026_01_30,above_upper,1769734800,14.83,0.8452093118340672,-78.0,0.25,-132.5,1,Fri
L3_15m_hurst_12,OOS,2026_01_30,above_upper,1769740201,29.9,0.9041696594629576,98.25,134.75,-15.25,2,Fri
L3_15m_hurst_12,OOS,2026_01_30,above_upper,1769790600,44.92,0.8810034998434172,-9.5,63.75,-105.0,16,Fri
L3_15m_hurst_12,OOS,2026_02_02,below_lower,1769998500,44.95,0.3672223240911822,-76.25,27.75,-99.75,2,Mon
L3_15m_hurst_12,OOS,2026_02_02,below_lower,1770005700,14.98,0.3732825995116777,60.75,126.25,0.0,4,Mon
L3_15m_hurst_12,OOS,2026_02_02,below_lower,1770007500,104.92,0.2899087685228072,-115.75,3.5,-121.25,4,Mon
L3_15m_hurst_12,OOS,2026_02_02,below_lower,1770015600,59.92,0.30252367530548,117.0,117.0,0.0,7,Mon
L3_15m_hurst_12,OOS,2026_02_02,above_upper,1770056100,14.92,0.8632317007184679,3.5,22.75,-27.0,18,Mon
L3_15m_hurst_12,OOS,2026_02_03,above_upper,1770084000,29.85,0.91256748136103,-31.75,0.75,-57.5,2,Tue
L3_15m_hurst_12,OOS,2026_02_03,above_upper,1770104701,14.9,0.8590205546719317,-23.25,17.0,-29.25,7,Tue
L3_15m_hurst_12,OOS,2026_02_03,above_upper,1770107400,14.95,0.8501725702393087,-36.0,4.5,-45.0,8,Tue
L3_15m_hurst_12,OOS,2026_02_03,above_upper,1770140700,14.92,0.8453374359147345,-68.25,67.0,-74.0,17,Tue
L3_15m_hurst_12,OOS,2026_02_03,above_upper,1770142500,224.92,1.0,-21.75,21.75,-123.0,18,Tue
L3_15m_hurst_12,OOS,2026_02_04,above_upper,1770165003,104.78,0.9679642041102566,34.25,42.0,-33.25,0,Wed
L3_15m_hurst_12,OOS,2026_02_04,above_upper,1770172204,14.85,0.9117392248875218,1.75,14.0,-21.5,2,Wed
L3_15m_hurst_12,OOS,2026_02_04,above_upper,1770174001,119.95,0.9165156992550091,20.75,37.0,-12.0,3,Wed
L3_15m_hurst_12,OOS,2026_02_04,above_upper,1770183000,179.93,1.0,26.5,32.5,-21.75,5,Wed
L3_15m_hurst_12,OOS,2026_02_04,above_upper,1770197400,44.67,0.8963129730455235,60.5,61.5,-28.0,9,Wed
L3_15m_hurst_12,OOS,2026_02_04,above_upper,1770223500,134.92,1.0,-121.5,75.25,-175.5,16,Wed
L3_15m_hurst_12,OOS,2026_02_05,above_upper,1770264000,44.92,0.8994467945014589,62.5,73.25,-35.0,4,Thu
L3_15m_hurst_12,OOS,2026_02_06,below_lower,1770339600,74.92,0.2936011240566301,121.25,123.5,-68.5,1,Fri
L3_15m_hurst_12,OOS,2026_02_06,below_lower,1770348600,29.77,0.35113154516553197,-31.0,25.75,-49.5,3,Fri
L3_15m_hurst_12,OOS,2026_02_09,below_lower,1770595200,179.92,0.21932768246319517,-27.5,60.0,-27.5,0,Mon
L3_15m_hurst_12,OOS,2026_02_09,above_upper,1770642900,29.92,0.8506924823115296,-63.0,19.25,-79.5,13,Mon
L3_15m_hurst_12,OOS,2026_02_09,above_upper,1770653700,104.92,1.0,78.25,85.75,-14.5,16,Mon
L3_15m_hurst_12,OOS,2026_02_10,above_upper,1770684300,14.93,0.8577707749267419,17.25,24.25,-15.75,0,Tue
L3_15m_hurst_12,OOS,2026_02_10,above_upper,1770687000,14.92,0.8813683143472782,9.25,40.25,-10.5,1,Tue
L3_15m_hurst_12,OOS,2026_02_10,above_upper,1770689700,14.92,0.854919426862097,-37.5,9.25,-39.75,2,Tue
L3_15m_hurst_12,OOS,2026_02_10,above_upper,1770692400,14.92,0.9323582958205731,-3.25,8.75,-24.75,3,Tue
L3_15m_hurst_12,OOS,2026_02_10,above_upper,1770694200,29.92,0.8639247743192163,31.25,34.5,-1.5,3,Tue
L3_15m_hurst_12,OOS,2026_02_10,above_upper,1770736500,14.92,0.8568209247917677,-15.0,52.25,-34.25,15,Tue
L3_15m_hurst_12,OOS,2026_02_10,below_lower,1770741900,29.92,0.298874895731208,36.5,42.0,-32.5,16,Tue
L3_15m_hurst_12,OOS,2026_02_10,below_lower,1770744600,134.92,0.2462802728666254,-73.25,26.5,-78.5,17,Tue
L3_15m_hurst_12,OOS,2026_02_11,below_lower,1770768000,14.97,0.36679815502522173,17.5,21.5,-7.75,0,Wed
L3_15m_hurst_12,OOS,2026_02_11,below_lower,1770770700,14.93,0.3713922320125962,24.25,26.75,-3.0,0,Wed
L3_15m_hurst_12,OOS,2026_02_11,below_lower,1770772500,14.92,0.3161692112732702,7.75,15.25,-9.75,1,Wed
L3_15m_hurst_12,OOS,2026_02_11,below_lower,1770810300,29.92,0.30761322538907615,23.5,50.0,-15.0,11,Wed
L3_15m_hurst_12,OOS,2026_02_12,above_upper,1770911100,14.92,0.8417146734126818,-201.75,29.0,-281.25,15,Thu
L3_15m_hurst_12,OOS,2026_02_12,above_upper,1770922800,89.92,1.0,-1.75,35.0,-59.25,19,Thu
L3_15m_hurst_12,OOS,2026_02_13,above_upper,1770940800,149.92,1.0,-79.0,43.0,-109.75,0,Fri
L3_15m_hurst_12,OOS,2026_02_13,above_upper,1770952500,59.92,0.8904189416835026,-31.0,4.25,-57.5,3,Fri
L3_15m_hurst_12,OOS,2026_02_13,above_upper,1770975900,14.92,0.9065185003585269,-27.25,17.5,-36.25,9,Fri
L3_15m_hurst_12,OOS,2026_02_13,above_upper,1770978600,14.92,0.8746573932380328,-122.0,1.0,-139.25,10,Fri
L3_15m_hurst_12,OOS,2026_02_16,above_upper,1771250400,14.92,0.8618260760282492,-67.5,1.75,-147.75,14,Mon
L3_15m_hurst_12,OOS,2026_02_17,below_lower,1771326000,14.93,0.37659024144575987,11.75,30.25,-33.0,11,Tue
L3_15m_hurst_12,OOS,2026_02_17,below_lower,1771332300,134.92,0.23851737277647136,-4.75,13.25,-89.0,12,Tue
L3_15m_hurst_12,OOS,2026_02_17,below_lower,1771344000,14.92,0.3573930245014718,159.0,189.75,-7.5,16,Tue
L3_15m_hurst_12,OOS,2026_02_17,below_lower,1771353000,14.92,0.3243684043361255,72.25,99.75,-17.25,18,Tue
L3_15m_hurst_12,OOS,2026_02_18,below_lower,1771383600,29.92,0.3698412867434383,34.75,39.5,-22.0,3,Wed
L3_15m_hurst_12,OOS,2026_02_18,below_lower,1771388100,164.92,0.23294782889582433,27.75,33.75,-9.25,4,Wed
L3_15m_hurst_12,OOS,2026_02_18,below_lower,1771427700,29.92,0.32769057874867136,55.75,71.5,-21.25,15,Wed
L3_15m_hurst_12,OOS,2026_02_19,above_upper,1771506000,14.92,0.8457793598893851,-14.75,8.25,-61.75,13,Thu
L3_15m_hurst_12,OOS,2026_02_19,above_upper,1771526700,14.92,0.8461600449287598,-13.75,60.75,-30.25,18,Thu
L3_15m_hurst_12,OOS,2026_02_19,below_lower,1771537500,14.92,0.3646875104426921,10.25,10.25,-0.75,21,Thu
L3_15m_hurst_12,OOS,2026_02_20,below_lower,1771585200,14.92,0.3389099981389567,-66.75,6.0,-82.0,11,Fri
L3_15m_hurst_12,OOS,2026_02_20,above_upper,1771590600,14.92,0.8644864020298288,51.25,55.0,-15.75,12,Fri
L3_15m_hurst_12,OOS,2026_02_23,below_lower,1771821000,14.92,0.37030184356228857,-5.0,6.75,-24.25,4,Mon
L3_15m_hurst_12,OOS,2026_02_23,below_lower,1771862400,14.92,0.37611616708965057,-13.5,40.75,-77.5,16,Mon
L3_15m_hurst_12,OOS,2026_02_24,above_upper,1771901100,14.92,0.8413816504353806,12.25,22.25,-1.25,2,Tue
L3_15m_hurst_12,OOS,2026_02_26,above_upper,1772091900,29.92,0.8567073542995404,-2.75,33.75,-13.0,7,Thu
L3_15m_hurst_12,OOS,2026_02_26,above_upper,1772095500,14.92,0.9280015423189746,39.0,42.75,-9.25,8,Thu
L3_15m_hurst_12,OOS,2026_02_26,above_upper,1772142300,14.92,0.8840602273771165,-29.25,3.0,-29.25,21,Thu
L3_15m_hurst_12,OOS,2026_02_27,above_upper,1772154000,14.92,0.9225400414176164,6.5,24.5,-20.5,1,Fri
L3_15m_hurst_12,OOS,2026_02_27,above_upper,1772157600,29.92,0.8717087044821856,34.75,34.75,-11.25,2,Fri
L3_15m_hurst_12,OOS,2026_02_27,above_upper,1772163000,14.92,0.8436360979867676,11.75,20.0,-12.75,3,Fri
L3_15m_hurst_12,OOS,2026_02_27,above_upper,1772167500,29.92,0.8639405556014829,25.25,28.5,-10.5,4,Fri
L3_15m_hurst_12,OOS,2026_02_27,above_upper,1772185500,29.92,0.8582286721660647,1.0,14.25,-64.5,9,Fri
L3_15m_hurst_12,OOS,2026_02_27,above_upper,1772196300,44.92,0.8860138856221267,-87.75,11.0,-132.75,12,Fri
L3_15m_hurst_12,OOS,2026_02_27,above_upper,1772200800,59.92,0.9094489698610542,-4.25,58.75,-94.0,14,Fri
L3_15m_hurst_12,OOS,2026_02_27,below_lower,1772208000,14.92,0.34448869765712004,-5.0,37.0,-47.75,16,Fri
L3_15m_hurst_12,OOS,2026_02_27,below_lower,1772210700,14.92,0.3678161999303562,0.0,103.75,-31.25,16,Fri
L3_15m_hurst_12,OOS,2026_03_02,below_lower,1772418600,14.93,0.3617758283366756,11.75,37.0,-11.25,2,Mon
L3_15m_hurst_12,OOS,2026_03_02,below_lower,1772420400,14.92,0.37900038578975226,-28.75,14.25,-33.25,3,Mon
L3_15m_hurst_12,OOS,2026_03_02,below_lower,1772444700,44.92,0.3611676077747783,45.25,47.5,-24.0,9,Mon
L3_15m_hurst_12,OOS,2026_03_03,above_upper,1772497800,29.92,0.86079697349317,-18.25,17.0,-37.75,0,Tue
L3_15m_hurst_12,OOS,2026_03_03,above_upper,1772514000,29.92,0.8815748797356122,-38.0,18.5,-59.5,5,Tue
L3_15m_hurst_12,OOS,2026_03_03,above_upper,1772536500,14.92,0.8952920460607132,123.25,141.75,-54.5,11,Tue
L3_15m_hurst_12,OOS,2026_03_04,above_upper,1772582400,29.92,0.8894312424105401,37.25,92.0,-30.25,0,Wed
L3_15m_hurst_12,OOS,2026_03_04,above_upper,1772586000,194.92,1.0,-69.75,24.25,-111.0,1,Wed
L3_15m_hurst_12,OOS,2026_03_05,below_lower,1772728200,59.92,0.28349626155135754,-40.25,145.5,-47.0,16,Thu
L3_15m_hurst_12,OOS,2026_03_09,below_lower,1773025200,74.92,0.3287712815353636,19.75,46.0,-6.25,3,Mon
L3_15m_hurst_12,OOS,2026_03_09,above_upper,1773063900,14.92,0.853170357069063,163.0,165.0,-54.0,13,Mon
L3_15m_hurst_12,OOS,2026_03_11,below_lower,1773249300,44.92,0.2960078566764811,-88.25,24.5,-116.0,17,Wed
L3_15m_hurst_12,OOS,2026_03_11,below_lower,1773269100,29.92,0.35925799006664655,-96.5,20.75,-96.5,22,Wed
L3_15m_hurst_12,OOS,2026_03_12,below_lower,1773283500,59.92,0.2893667010929341,-22.25,26.0,-33.75,2,Thu
L3_15m_hurst_12,OOS,2026_03_12,below_lower,1773288000,14.93,0.36917720387290054,-12.0,21.25,-19.5,4,Thu
L3_15m_hurst_12,OOS,2026_03_12,below_lower,1773290700,14.92,0.3738705326508755,61.25,65.0,-1.5,4,Thu
L3_15m_hurst_12,OOS,2026_03_12,above_upper,1773326700,59.92,0.9181045437240233,35.5,67.5,-77.75,14,Thu
L3_15m_hurst_12,OOS,2026_03_13,below_lower,1773387900,29.92,0.3492942179826285,9.25,21.5,-62.0,7,Fri
L3_15m_hurst_12,OOS,2026_03_15,above_upper,1773612900,29.92,0.8605652412608603,142.25,184.75,-12.0,22,Sun
L3_15m_hurst_12,OOS,2026_03_16,above_upper,1773656100,14.92,0.850718588950498,64.0,81.75,-6.25,10,Mon
L3_15m_hurst_12,OOS,2026_03_16,above_upper,1773663300,14.93,0.8838218367681915,-4.5,23.25,-14.75,12,Mon
L3_15m_hurst_12,OOS,2026_03_16,above_upper,1773666000,14.93,0.8497139564069601,62.75,78.25,-35.0,13,Mon
L3_15m_hurst_12,OOS,2026_03_17,below_lower,1773711003,14.87,0.372810996791572,-2.0,21.0,-14.25,1,Tue
L3_15m_hurst_12,OOS,2026_03_17,above_upper,1773774000,29.97,0.8472893913998298,6.75,23.5,-20.0,19,Tue
L3_15m_hurst_12,OOS,2026_03_18,above_upper,1773827100,14.98,0.8533086748135167,-8.0,9.25,-23.0,9,Wed
L3_15m_hurst_12,OOS,2026_03_18,above_upper,1773828900,44.92,0.9293811830538713,-17.25,15.25,-34.75,10,Wed
L3_15m_hurst_12,OOS,2026_03_18,above_upper,1773832500,14.92,0.9026569946481008,-112.75,12.25,-132.0,11,Wed
L3_15m_hurst_12,OOS,2026_03_19,above_upper,1773890102,29.67,0.8712892979700272,-67.5,0.0,-73.5,3,Thu
L3_15m_hurst_12,OOS,2026_03_19,above_upper,1773908108,29.78,0.8849726246163158,-13.25,8.5,-76.75,8,Thu
L3_15m_hurst_12,OOS,2026_03_19,above_upper,1773925200,14.92,0.8898123294619726,51.75,71.5,-119.75,13,Thu
L3_15m_hurst_12,OOS,2026_03_20,below_lower,1773992701,149.97,0.2827738297720488,-34.25,16.25,-40.5,7,Fri
L3_15m_hurst_12,OOS,2026_03_20,below_lower,1774005300,74.9,0.34322052431357636,21.75,50.25,-37.25,11,Fri
