day,ts,i,box_lo,box_hi,esc_buf,box_pt,flips,ambient_pt,box_ambient_ratio,mid_px,mod,escaped,escape_lag_s,escape_dir,escape_px,mag_5m,mag_15m,mag_30m
2024_01_16,1705420403,43470,17026.0,17033.5,3.75,7.5,30.0,12.5,0.6,17031.5,653.3833333333333,True,207,-1,17021.0,54.75,58.75,11.25
2024_01_23,1706035467,48280,17468.5,17471.5,1.5,3.0,30.0,5.25,0.5714285714285714,17470.5,824.45,True,54,1,17473.25,8.75,12.5,1.75
2024_02_02,1706903316,52878,17765.25,17770.0,2.375,4.75,30.0,8.0,0.59375,17766.0,888.6,True,113,-1,17762.25,5.25,5.75,2.5
2024_02_09,1707507804,45625,18063.0,18065.25,1.125,2.25,30.0,4.0,0.5625,18063.75,883.4,True,30,-1,18061.5,-4.25,3.75,20.75
2024_02_20,1708442912,42941,17522.25,17531.5,4.625,9.25,32.0,16.5,0.5606060606060606,17526.25,628.5333333333333,True,6,-1,17516.25,16.0,-2.25,-56.75
2024_02_28,1709141042,43379,17937.75,17941.5,1.875,3.75,33.0,6.25,0.6,17941.5,744.0333333333333,True,2,1,17944.0,-12.25,-35.75,-26.0
2024_03_22,1711119862,41719,18534.0,18539.0,2.5,5.0,30.0,9.25,0.5405405405405406,18536.0,664.3666666666667,True,158,1,18542.25,5.0,1.75,3.25
2024_04_01,1711983082,39539,18485.0,18491.5,3.25,6.5,32.0,11.5,0.5652173913043478,18488.0,651.3666666666667,True,28,-1,18476.5,-6.75,-0.5,47.5
2024_04_10,1712756932,31024,18130.5,18140.75,5.125,10.25,30.0,18.25,0.5616438356164384,18139.5,588.8666666666667,True,14,1,18148.25,32.5,10.5,37.25
2024_04_17,1713382168,61022,17655.0,17662.25,3.625,7.25,34.0,14.125,0.5132743362831859,17656.0,929.4666666666667,True,25,-1,17651.0,-25.0,-34.5,1.0
2024_05_03,1714746824,38485,17927.0,17938.5,5.75,11.5,34.0,19.375,0.5935483870967742,17934.25,633.7333333333333,True,93,-1,17920.25,-32.5,-53.5,2.25
2024_05_10,1715351086,33977,18256.0,18261.75,2.875,5.75,30.0,10.0,0.575,18260.0,624.7666666666667,True,50,-1,18252.5,23.0,9.0,60.5
2024_05_23,1716491464,54521,18637.0,18644.5,3.75,7.5,32.0,13.25,0.5660377358490566,18639.0,911.0666666666667,True,34,-1,18633.0,-13.25,-18.5,-55.25
2024_05_29,1716996336,41842,18848.0,18853.5,2.75,5.5,30.0,9.25,0.5945945945945946,18850.0,685.6,True,111,1,18856.5,-18.25,-18.75,-10.0
2024_06_06,1717701489,53237,19051.25,19055.5,2.125,4.25,30.0,7.375,0.576271186440678,19055.25,918.15,True,10,1,19057.75,-6.25,4.75,6.25
2024_06_13,1718294108,42219,19592.75,19595.5,1.375,2.75,30.0,9.5,0.2894736842105263,19595.5,715.1333333333333,True,7,1,19597.25,-12.75,-36.25,-73.0
2024_06_26,1719419003,45169,19995.5,20001.25,2.875,5.75,30.0,10.0,0.575,19999.25,743.3833333333333,True,218,1,20005.25,-1.25,-15.75,-36.25
2024_07_02,1719945311,55036,20210.25,20213.25,1.5,3.0,30.0,6.75,0.4444444444444444,20211.5,875.1833333333333,True,31,1,20215.5,0.25,19.0,10.0
2024_07_08,1720451469,34718,20625.25,20629.25,2.0,4.0,30.0,8.875,0.4507042253521127,20627.75,671.15,True,70,1,20631.75,-4.5,19.5,26.75
2024_07_16,1721144626,40351,20538.75,20546.0,3.625,7.25,32.0,12.375,0.5858585858585859,20544.5,703.7666666666667,True,15,1,20550.25,3.25,-0.25,-45.25
2024_07_23,1721745247,42550,19994.75,20005.25,5.25,10.5,31.0,17.75,0.5915492957746479,20000.0,634.1166666666667,True,74,1,20010.75,-17.5,-57.75,-22.5
2024_07_25,1721931284,62869,19226.75,19237.5,5.375,10.75,31.0,18.25,0.589041095890411,19230.75,854.7333333333333,True,101,-1,19220.0,6.0,-12.75,41.0
2024_08_01,1722524997,51584,19253.25,19268.75,7.75,15.5,35.0,26.125,0.5933014354066986,19261.25,669.95,True,43,1,19276.75,-4.25,24.25,-85.0
2024_08_15,1723735489,44656,19513.0,19518.5,2.75,5.5,32.0,10.0,0.55,19516.5,684.8166666666667,True,158,-1,19509.25,-1.25,-21.25,-33.25
2024_08_19,1724077720,42869,19602.75,19612.0,4.625,9.25,30.0,17.25,0.5362318840579711,19609.0,628.6666666666666,True,183,1,19617.25,-8.75,9.0,36.0
2024_08_22,1724347399,48129,19706.0,19714.25,4.125,8.25,30.0,13.75,0.6,19709.75,803.3166666666667,True,62,1,19718.5,1.25,-39.75,-111.75
2024_09_03,1725379079,50969,19146.5,19153.75,3.625,7.25,30.0,13.0,0.5576923076923077,19150.75,717.9833333333333,True,132,1,19159.75,18.5,16.0,-1.5
2024_09_09,1725894297,48560,18532.0,18541.25,4.625,9.25,35.0,15.5,0.5967741935483871,18539.75,664.95,True,77,-1,18526.75,6.25,14.0,-64.5
2024_09_12,1726158642,48907,19316.5,19323.0,3.25,6.5,30.0,14.0,0.4642857142857143,19322.0,750.7,True,71,-1,19309.75,5.0,-1.75,-68.75
2024_09_17,1726592668,40663,19631.5,19639.75,4.125,8.25,39.0,16.375,0.5038167938931297,19634.75,784.4666666666667,True,76,1,19644.0,-3.75,18.5,20.5
2024_10_02,1727879310,47962,19994.0,20003.5,4.75,9.5,30.0,19.875,0.4779874213836478,19996.25,628.5,True,108,-1,19988.75,-15.75,-16.5,-6.5
2024_10_07,1728325045,58400,20117.0,20121.75,2.375,4.75,30.0,8.125,0.5846153846153846,20119.0,857.4166666666666,True,19,-1,20114.0,-6.75,45.25,118.5
2024_10_18,1729274374,52318,20485.25,20489.0,1.875,3.75,31.0,6.375,0.5882352941176471,20487.25,839.5666666666667,True,41,-1,20483.25,-0.5,-17.25,-19.75
2024_10_28,1730138025,55825,20552.75,20557.75,2.5,5.0,34.0,8.5,0.5882352941176471,20556.0,833.75,True,83,-1,20550.0,0.25,-2.25,17.75
2024_11_01,1730473769,43288,20218.5,20225.5,3.5,7.0,31.0,13.125,0.5333333333333333,20219.5,669.4833333333333,True,2,-1,20214.75,-50.5,-46.0,-40.0
2024_11_07,1731001699,51106,21192.25,21196.25,2.0,4.0,30.0,7.0,0.5714285714285714,21195.0,768.3166666666667,True,81,-1,21190.0,3.5,2.0,26.0
2024_11_14,1731614357,56853,21064.75,21069.5,2.375,4.75,30.0,8.375,0.5671641791044776,21068.5,899.2833333333333,True,45,-1,21057.0,35.75,53.5,30.75
2024_11_22,1732305410,63424,20843.5,20847.75,2.125,4.25,32.0,7.375,0.576271186440678,20847.25,896.8333333333334,True,18,1,20851.0,-16.75,-43.0,-22.75
2024_11_27,1732732453,53082,20781.0,20785.0,2.0,4.0,34.0,7.0,0.5714285714285714,20784.5,814.2166666666667,True,56,1,20787.75,11.5,11.5,20.25
2024_12_13,1734108720,43582,21703.5,21712.25,4.375,8.75,35.0,16.0,0.546875,21705.5,712.0,True,48,-1,21697.75,14.25,-21.25,-7.5
2024_12_20,1734712691,54354,21720.75,21729.75,4.5,9.0,30.0,19.0,0.47368421052631576,21728.25,698.1833333333333,True,37,1,21734.75,42.75,-11.5,15.0
2024_12_30,1735575116,45046,21360.75,21373.0,6.125,12.25,33.0,20.875,0.5868263473053892,21370.0,671.9333333333333,True,229,1,21379.5,33.5,23.75,67.0
2025_01_08,1736367976,45937,21339.75,21348.25,4.25,8.5,33.0,14.75,0.576271186440678,21341.75,926.2666666666667,True,128,1,21353.25,-8.75,-29.0,5.0
2025_01_14,1736874596,32393,20846.5,20856.25,4.875,9.75,30.0,16.625,0.5864661654135338,20848.5,729.9333333333333,True,87,1,20862.25,1.0,-21.25,-28.75
2025_01_21,1737474257,26956,21634.25,21646.5,6.125,12.25,30.0,21.0,0.5833333333333334,21643.0,644.2833333333333,True,77,-1,21626.25,12.25,7.0,-26.5
2025_01_27,1738009341,60900,21163.25,21172.5,4.625,9.25,30.0,17.375,0.5323741007194245,21170.75,922.35,True,24,1,21177.75,26.0,29.75,24.5
2025_01_30,1738256024,30971,21586.0,21594.75,4.375,8.75,31.0,16.625,0.5263157894736842,21593.25,713.7333333333333,True,7,1,21603.25,18.0,-18.0,-58.5
2025_02_03,1738610519,49150,21503.25,21510.0,3.375,6.75,30.0,12.5,0.54,21507.25,861.9833333333333,True,13,-1,21499.25,-1.75,7.25,-7.0
2025_02_06,1738863394,31962,21787.5,21791.75,2.125,4.25,30.0,8.5,0.5,21788.25,756.5666666666667,True,9,-1,21784.25,-7.75,-31.75,-43.75
2025_02_07,1738959593,38857,21578.25,21584.25,3.0,6.0,34.0,10.375,0.5783132530120482,21581.5,919.8833333333333,True,26,1,21587.5,-9.75,6.5,19.25
2025_02_13,1739466871,31570,21973.0,21978.0,2.5,5.0,31.0,9.375,0.5333333333333333,21977.25,734.5166666666667,True,142,-1,21969.25,-6.0,2.0,-26.0
2025_02_19,1739992360,35839,22238.0,22241.25,1.625,3.25,30.0,7.0,0.4642857142857143,22240.25,852.6666666666666,True,20,1,22243.25,29.0,28.5,36.75
2025_02_26,1740589909,30656,21368.25,21376.5,4.125,8.25,35.0,13.75,0.6,21375.25,731.8166666666667,True,19,1,21381.0,25.75,-20.0,-69.0
2025_03_04,1741108019,39801,20287.0,20303.0,8.0,16.0,35.0,26.75,0.5981308411214953,20295.25,726.9833333333333,True,16,-1,20278.0,-42.25,-99.5,-118.75
2025_03_11,1741703755,33855,19317.5,19341.25,11.875,23.75,30.0,39.875,0.5956112852664577,19334.5,635.9166666666666,True,18,1,19367.0,-88.75,-37.25,-2.75
2025_03_13,1741886251,41304,19206.75,19218.75,6.0,12.0,34.0,20.75,0.5783132530120482,19209.25,797.5166666666667,True,41,-1,19200.5,-10.25,1.75,12.75
2025_03_19,1742411120,25898,19845.5,19859.25,6.875,13.75,30.0,23.125,0.5945945945945946,19852.25,905.3333333333334,True,15,1,19871.75,48.25,-28.5,-120.5
2025_04_04,1743787036,47175,17633.0,17651.25,9.125,18.25,31.0,30.75,0.5934959349593496,17636.5,797.2666666666667,True,55,-1,17623.0,-66.0,-91.0,-170.75
2025_04_09,1744224559,55242,18889.25,18932.0,21.375,42.75,36.0,75.25,0.5681063122923588,18923.5,889.3166666666667,True,55,-1,18865.25,-8.25,-41.75,-228.5
2025_04_15,1744738951,38153,18965.25,18976.5,5.625,11.25,30.0,19.125,0.5882352941176471,18976.5,822.5166666666667,True,179,-1,18959.0,-17.75,-5.0,57.75
2025_04_23,1745428248,39351,18931.5,18943.25,5.875,11.75,32.0,20.875,0.562874251497006,18938.25,790.8,True,38,-1,18924.75,-12.75,-34.75,70.0
2025_04_28,1745862330,34669,19318.75,19326.25,3.75,7.5,30.0,13.875,0.5405405405405406,19324.0,825.5,True,29,1,19330.5,13.5,45.0,56.25
2025_05_01,1746127279,41698,20015.75,20022.0,3.125,6.25,30.0,12.0,0.5208333333333334,20021.0,921.3166666666667,True,8,-1,20011.5,1.25,18.0,49.75
2025_05_08,1746720687,33813,20297.75,20305.75,4.0,8.0,30.0,16.5,0.48484848484848486,20299.5,731.45,True,12,-1,20293.25,-32.0,-0.5,-8.25
2025_05_13,1747146248,25782,21209.5,21218.5,4.5,9.0,31.0,15.0,0.6,21212.25,624.1333333333333,True,90,1,21224.75,-23.25,0.5,20.5
2025_05_22,1747934074,34897,21205.0,21211.5,3.25,6.5,30.0,11.75,0.5531914893617021,21208.25,794.5666666666667,True,17,-1,21199.25,-31.5,-66.0,-86.5
2025_05_28,1748446019,25505,21454.5,21460.0,2.75,5.5,34.0,9.875,0.5569620253164557,21459.0,686.9833333333333,True,41,1,21463.25,-6.75,-7.5,-19.5
2025_06_03,1748963831,25254,21655.75,21660.5,2.375,4.75,30.0,9.25,0.5135135135135135,21659.0,677.1833333333333,True,47,1,21663.75,12.25,4.0,12.25
2025_06_13,1749827308,31545,21755.75,21763.75,4.0,8.0,30.0,16.375,0.48854961832061067,21760.75,668.4666666666667,True,125,-1,21749.5,-20.5,-28.5,-40.75
2025_07_03,1751557505,24263,23093.5,23097.25,1.875,3.75,30.0,7.0,0.5357142857142857,23094.25,705.0833333333334,True,21,-1,23091.5,-3.25,3.25,8.25
2025_07_23,1753280264,21879,23180.5,23187.75,3.625,7.25,30.0,13.25,0.5471698113207547,23183.25,617.7333333333333,True,20,-1,23174.75,-7.5,-0.75,-8.0
2025_07_29,1753800695,20846,23544.25,23550.25,3.0,6.0,30.0,10.5,0.5714285714285714,23545.75,651.5833333333334,True,23,-1,23539.5,13.75,22.75,45.25
2025_08_08,1754663804,20454,23692.75,23698.0,2.625,5.25,30.0,12.625,0.4158415841584158,23694.0,636.7333333333333,True,93,-1,23689.75,12.75,23.75,20.75
2025_08_18,1755531804,25171,23741.0,23746.0,2.5,5.0,30.0,8.875,0.5633802816901409,23742.5,703.4,True,107,1,23748.75,6.25,-0.25,6.25
2025_08_21,1755796052,33363,23184.75,23191.5,3.375,6.75,30.0,11.875,0.5684210526315789,23188.5,787.5333333333333,True,20,-1,23179.75,15.75,49.75,-14.5
2025_08_29,1756484133,27744,23469.0,23474.0,2.5,5.0,30.0,11.375,0.43956043956043955,23471.75,735.55,True,45,1,23477.75,-4.25,-10.0,10.5
2025_09_04,1756997316,23525,23507.5,23512.5,2.5,5.0,30.0,16.375,0.3053435114503817,23510.5,648.6,True,7,1,23515.5,0.0,15.25,17.25
2025_09_11,1757603092,21976,24005.5,24012.0,3.25,6.5,30.0,11.25,0.5777777777777777,24006.75,664.8666666666667,True,20,-1,24001.25,-7.5,-38.75,-34.0
2025_10_09,1760019089,20133,25267.25,25274.75,3.75,7.5,31.0,12.75,0.5882352941176471,25271.75,611.4833333333333,True,259,-1,25262.75,-1.0,20.5,63.0
2025_10_14,1760460009,42884,24885.5,24893.75,4.125,8.25,30.0,13.875,0.5945945945945946,24892.0,760.15,True,26,1,24898.25,18.0,22.5,22.25
2025_10_21,1761069019,33520,25295.5,25302.75,3.625,7.25,30.0,12.75,0.5686274509803921,25301.5,830.3166666666667,True,203,1,25306.75,1.5,7.75,7.25
2025_10_28,1761664981,24112,26036.5,26040.0,1.75,3.5,30.0,8.75,0.4,26037.75,683.0166666666667,True,17,1,26042.0,5.25,4.0,4.5
2025_11_04,1762280956,44812,25619.75,25627.25,3.75,7.5,34.0,12.875,0.5825242718446602,25623.25,809.2666666666667,True,73,1,25634.25,-13.25,10.75,36.75
2025_11_10,1762800361,41330,25669.0,25673.5,2.25,4.5,30.0,8.5,0.5294117647058824,25671.5,826.0166666666667,True,24,-1,25666.0,-12.5,9.0,-4.0
2025_11_18,1763485209,43394,24645.5,24662.0,8.25,16.5,32.0,30.875,0.5344129554655871,24657.25,720.15,True,20,1,24672.25,-24.0,-66.25,-145.75
2025_11_20,1763665252,44604,24270.75,24292.0,10.625,21.25,30.0,35.5,0.5985915492957746,24289.75,840.8666666666667,True,118,-1,24257.5,29.25,-28.0,-18.25
2025_12_05,1764953095,26495,25687.0,25696.0,4.5,9.0,32.0,18.75,0.48,25690.25,704.9166666666666,True,30,1,25700.75,-1.5,32.25,-1.0
2025_12_10,1765384929,25563,25627.25,25634.0,3.375,6.75,30.0,12.0,0.5625,25631.25,702.15,True,40,-1,25623.5,4.25,-33.75,-7.0
2026_01_06,1767717912,25500,25661.0,25667.5,3.25,6.5,31.0,12.0,0.5416666666666666,25663.5,705.2,True,21,1,25673.0,21.75,14.5,42.75
2026_01_09,1767978725,28563,25904.0,25908.75,2.375,4.75,30.0,9.875,0.4810126582278481,25907.25,732.0833333333334,True,89,1,25911.5,-17.25,6.25,-0.75
2026_01_16,1768593763,37775,25719.0,25724.5,2.75,5.5,30.0,9.25,0.5945945945945946,25721.25,902.7166666666667,True,13,-1,25715.75,8.25,1.0,14.0
2026_01_30,1769787698,34043,25881.5,25898.0,8.25,16.5,32.0,27.75,0.5945945945945946,25891.0,641.6333333333333,True,63,1,25907.5,16.25,-76.0,-73.25
2026_02_05,1770310433,37909,24815.25,24833.0,8.875,17.75,30.0,30.0,0.5916666666666667,24818.0,713.8833333333333,True,98,1,24843.5,-42.25,-82.5,-6.5
2026_02_11,1770839015,59307,25332.75,25339.5,3.375,6.75,30.0,11.625,0.5806451612903226,25334.0,883.5833333333334,True,83,1,25343.0,-23.5,-33.0,-36.25
2026_02_17,1771342383,49025,24480.25,24502.0,10.875,21.75,33.0,37.0,0.5878378378378378,24490.0,633.05,True,23,-1,24468.75,-5.75,-102.75,-188.0
2026_02_20,1771607215,49905,25058.5,25070.0,5.75,11.5,35.0,20.75,0.5542168674698795,25064.0,726.9166666666666,True,62,-1,25052.25,58.0,146.75,102.25
2026_02_27,1772212821,52748,24938.25,24946.25,4.0,8.0,30.0,16.375,0.48854961832061067,24943.5,740.35,True,7,-1,24933.75,-14.75,-47.75,3.75
2026_03_04,1772652020,67809,25205.5,25210.25,2.375,4.75,30.0,9.5,0.5,25207.0,860.3333333333334,True,101,-1,25202.25,9.25,12.5,6.25
2026_03_09,1773069363,53800,24609.75,24621.5,5.875,11.75,35.0,25.75,0.4563106796116505,24617.5,676.05,True,129,-1,24603.75,-8.5,-16.0,-17.75
2026_03_18,1773843172,20715,24709.5,24720.0,5.25,10.5,30.0,19.875,0.5283018867924528,24714.0,612.8666666666667,True,29,-1,24704.0,13.25,105.75,93.75
