day,ts,i,chain_n,step_high,step_low,step_depth,chain_head_high,chain_descent,defense_pt,defense_lag_s,mod,race,resolve_s,defense_hold,sym_race,sym_resolve_s,net_30m
2024_01_10,1704909670,13017,1,16914.25,16900.5,13.75,16914.25,13.75,2.5,5,781.1666666666666,NEW_LOW,40,False,AGAINST,120,4.5
2024_01_24,1706107095,10747,3,17658.25,17645.75,12.5,17681.0,35.25,2.25,0,578.25,NEW_LOW,60,False,AGAINST,195,29.0
2024_01_30,1706625570,10581,1,17681.0,17672.0,9.0,17681.0,9.0,2.0,0,579.5,STAIR_BREAK,20,False,CONT,990,-30.75
2024_02_09,1707490300,9909,1,17911.5,17900.0,11.5,17911.5,11.5,2.75,10,591.6666666666666,NEW_LOW,85,False,AGAINST,180,54.5
2024_03_08,1709908765,10805,2,18314.0,18297.75,16.25,18325.0,27.25,4.0,0,579.4166666666666,NEW_LOW,20,False,AGAINST,50,113.25
2024_03_14,1710439840,13571,2,18325.0,18313.5,11.5,18324.0,10.5,2.0,10,850.6666666666666,NEW_LOW,30,False,AGAINST,90,-40.0
2024_03_18,1710781960,13536,2,18258.0,18248.75,9.25,18259.5,10.75,2.25,0,792.6666666666666,NEW_LOW,55,False,AGAINST,440,1.75
2024_04_03,1712158740,12253,2,18447.0,18435.0,12.0,18450.75,15.75,3.0,5,699.0,STAIR_BREAK,220,True,CONT,680,-53.25
2024_04_09,1712672655,11014,3,18361.5,18350.5,11.0,18367.25,16.75,2.5,5,624.25,NEW_LOW,10,False,CONT,80,-185.5
2024_04_15,1713207525,14960,1,17901.5,17885.25,16.25,17901.5,16.25,2.5,0,898.75,NEW_LOW,80,False,CONT,95,-23.5
2024_05_01,1714571095,10762,2,17499.0,17485.5,13.5,17510.75,25.25,2.0,5,584.9166666666666,NEW_LOW,10,False,AGAINST,95,-36.5
2024_05_13,1715609290,10654,2,18296.0,18283.5,12.5,18298.75,15.25,4.5,0,608.1666666666666,STAIR_BREAK,55,False,AGAINST,425,9.25
2024_05_23,1716471675,10901,3,18933.0,18914.0,19.0,18954.25,40.25,9.5,0,581.25,NEW_LOW,65,False,CONT,65,-22.25
2024_05_31,1717183645,15179,1,18428.0,18418.0,10.0,18428.0,10.0,3.5,5,927.4166666666666,NEW_LOW,95,False,CONT,150,149.75
2024_06_07,1717768990,10339,1,19046.0,19030.75,15.25,19046.0,15.25,2.5,5,603.1666666666666,NEW_LOW,40,False,CONT,475,10.25
2024_06_20,1718902020,12685,1,20076.0,20063.5,12.5,20076.0,12.5,7.5,0,767.0,STAIR_BREAK,10,False,AGAINST,195,-23.5
2024_06_27,1719499065,11569,2,20067.5,20053.25,14.25,20076.75,23.5,2.25,0,637.75,STAIR_BREAK,50,True,AGAINST,45,-38.5
2024_07_09,1720545680,13346,1,20643.25,20627.25,16.0,20643.25,16.0,2.0,0,801.3333333333334,NEW_LOW,10,False,AGAINST,110,23.0
2024_07_17,1721226505,11435,1,20148.75,20132.75,16.0,20148.75,16.0,2.75,5,628.4166666666666,NEW_LOW,10,False,CONT,30,-17.0
2024_07_22,1721660005,12105,1,19980.25,19963.25,17.0,19980.25,17.0,2.75,0,653.4166666666666,NEW_LOW,45,False,AGAINST,275,-86.0
2024_07_29,1722262940,11529,1,19303.75,19292.5,11.25,19303.75,11.25,3.0,0,622.3333333333334,NEW_LOW,15,False,AGAINST,35,-27.75
2024_08_01,1722525685,12419,1,19305.0,19284.75,20.25,19305.0,20.25,2.0,0,681.4166666666666,NEW_LOW,40,False,CONT,90,-106.25
2024_08_07,1723041070,11883,1,18442.5,18431.5,11.0,18442.5,11.0,9.75,0,631.1666666666666,STAIR_BREAK,5,True,AGAINST,60,79.75
2024_08_14,1723644910,11342,5,18991.5,18976.5,15.0,19031.75,55.25,9.25,5,615.1666666666666,STAIR_BREAK,15,False,CONT,90,10.25
2024_08_27,1724766290,10927,1,19485.75,19474.5,11.25,19485.75,11.25,3.75,0,584.8333333333334,NEW_LOW,5,False,CONT,20,95.0
2024_08_29,1724953505,14083,2,19622.75,19609.0,13.75,19622.25,13.25,3.75,5,825.0833333333334,NEW_LOW,10,False,CONT,60,-44.0
2024_08_30,1725036460,13156,2,19405.75,19397.75,8.0,19405.75,8.0,3.25,5,767.6666666666666,NEW_LOW,20,False,AGAINST,90,72.25
2024_09_13,1726242230,12364,6,19526.25,19516.75,9.5,19539.25,22.5,4.5,0,703.8333333333334,NEW_LOW,30,False,AGAINST,150,-14.5
2024_09_20,1726842350,11512,1,20016.5,20003.25,13.25,20016.5,13.25,2.25,5,625.8333333333334,NEW_LOW,5,False,CONT,260,-68.5
2024_09_26,1727371550,13782,4,20218.75,20209.0,9.75,20259.5,50.5,3.75,5,805.8333333333334,STAIR_BREAK,10,True,AGAINST,110,74.75
2024_10_04,1728062275,13698,1,20166.0,20155.5,10.5,20166.0,10.5,3.25,5,797.9166666666666,STAIR_BREAK,125,True,AGAINST,140,3.5
2024_10_14,1728917325,11603,4,20635.0,20620.0,15.0,20648.25,28.25,2.0,10,648.75,NEW_LOW,5,False,CONT,40,-51.5
2024_10_25,1729870855,12240,3,20628.75,20614.25,14.5,20651.25,37.0,3.25,0,700.9166666666666,STAIR_BREAK,100,True,AGAINST,95,25.75
2024_11_04,1730731305,11056,1,20083.75,20068.0,15.75,20083.75,15.75,5.5,0,581.75,NEW_LOW,30,False,AGAINST,105,66.5
2024_11_08,1731092410,14006,3,21257.75,21248.25,9.5,21263.75,15.5,2.0,10,840.1666666666666,NEW_LOW,90,False,CONT,180,4.75
2024_11_18,1731950985,13176,2,20663.75,20652.0,11.75,20663.75,11.75,3.75,5,749.75,NEW_LOW,65,False,CONT,790,5.25
2024_11_27,1732722775,11931,1,20752.25,20742.75,9.5,20752.25,9.5,7.25,5,652.9166666666666,STAIR_BREAK,5,False,CONT,470,-22.5
2024_12_13,1734115845,13907,1,21768.25,21759.0,9.25,21768.25,9.25,2.0,25,830.75,NEW_LOW,25,False,AGAINST,210,23.25
2025_01_03,1735919425,9651,3,21380.0,21353.25,26.75,21389.0,35.75,2.75,0,650.4166666666666,STAIR_BREAK,125,False,AGAINST,35,24.5
2025_01_17,1737125810,8955,1,21545.5,21533.5,12.0,21545.5,12.0,5.0,0,596.8333333333334,STAIR_BREAK,20,False,AGAINST,20,-43.0
2025_01_28,1738087320,11925,3,21550.0,21541.5,8.5,21555.25,13.75,5.25,15,782.0,STAIR_BREAK,25,True,AGAINST,145,6.5
2025_02_03,1738597310,10902,1,21427.75,21397.75,30.0,21427.75,30.0,12.0,0,641.8333333333334,STAIR_BREAK,15,True,AGAINST,15,11.5
2025_02_10,1739200160,9119,1,21851.5,21840.25,11.25,21851.5,11.25,3.0,0,609.3333333333334,NEW_LOW,5,False,CONT,180,36.75
2025_02_18,1739899730,10610,6,22175.75,22167.0,8.75,22215.0,48.0,2.0,5,748.8333333333334,STAIR_BREAK,75,True,AGAINST,85,26.75
2025_02_27,1740684385,12971,5,20941.25,20930.5,10.75,20983.0,52.5,3.25,5,866.4166666666666,NEW_LOW,25,False,CONT,40,-78.0
2025_03_04,1741103390,10670,1,20243.75,20229.5,14.25,20243.75,14.25,4.5,0,649.8333333333334,NEW_LOW,10,False,CONT,20,-71.5
2025_03_05,1741199200,12498,3,20513.25,20489.0,24.25,20525.5,36.5,2.5,0,806.6666666666666,NEW_LOW,5,False,AGAINST,15,80.0
2025_03_07,1741377505,13108,1,20212.75,20199.5,13.25,20212.75,13.25,2.5,5,898.4166666666666,NEW_LOW,30,False,CONT,40,13.75
2025_03_11,1741709905,11306,2,19359.25,19341.25,18.0,19371.25,30.0,2.75,0,738.4166666666666,STAIR_BREAK,10,True,AGAINST,5,26.25
2025_03_13,1741890390,12687,1,19324.75,19313.0,11.75,19324.75,11.75,4.75,0,866.5,NEW_LOW,5,False,CONT,100,16.25
2025_03_19,1742401865,8310,1,19705.5,19687.5,18.0,19705.5,18.0,7.0,5,751.0833333333334,NEW_LOW,15,False,CONT,65,-16.25
2025_04_01,1743530470,12069,4,19494.0,19479.5,14.5,19560.75,81.25,2.0,0,841.1666666666666,NEW_LOW,5,False,CONT,10,-72.75
2025_04_09,1744212110,10957,1,17450.5,17430.0,20.5,17450.5,20.5,4.25,5,681.8333333333334,NEW_LOW,5,False,CONT,10,-50.75
2025_04_11,1744385700,10949,1,18450.25,18441.75,8.5,18450.25,8.5,4.5,5,695.0,STAIR_BREAK,5,False,CONT,20,125.25
2025_04_17,1744910215,11553,2,18414.75,18402.25,12.5,18427.0,24.75,2.75,0,796.9166666666666,NEW_LOW,55,False,CONT,80,47.0
2025_04_22,1745341155,11259,2,18456.75,18446.25,10.5,18464.25,18.0,6.5,5,779.25,NEW_LOW,55,False,AGAINST,65,-191.25
2025_04_25,1745599825,11465,2,19443.0,19428.25,14.75,19464.75,36.5,3.0,5,770.4166666666666,NEW_LOW,10,False,AGAINST,40,93.5
2025_04_30,1746023235,9270,1,19298.0,19283.5,14.5,19298.0,14.5,2.5,0,627.25,NEW_LOW,5,False,AGAINST,110,43.0
2025_05_05,1746454160,9039,1,20076.75,20065.25,11.5,20076.75,11.5,4.75,0,609.3333333333334,NEW_LOW,5,False,CONT,20,3.25
2025_05_13,1747143155,8723,1,21025.75,20995.75,30.0,21025.75,30.0,3.75,0,572.5833333333334,STAIR_BREAK,40,True,AGAINST,15,137.5
2025_05_22,1747927620,9648,2,21265.0,21240.0,25.0,21264.75,24.75,4.5,0,687.0,NEW_LOW,20,False,CONT,30,19.75
2025_05_30,1748630855,12045,1,21285.75,21275.5,10.25,21285.75,10.25,3.25,0,887.5833333333334,NEW_LOW,20,False,AGAINST,175,79.0
2025_06_11,1749654675,9151,1,22024.75,22013.25,11.5,22024.75,11.5,6.0,5,671.25,STAIR_BREAK,5,True,AGAINST,100,-7.5
2025_07_01,1751385710,9843,1,22667.5,22652.75,14.75,22667.5,14.75,3.5,0,721.8333333333334,NEW_LOW,30,False,CONT,40,26.5
2025_07_22,1753196505,9105,3,23228.5,23216.5,12.0,23226.0,9.5,5.75,5,661.75,NEW_LOW,25,False,CONT,70,-11.5
2025_07_25,1753461190,9870,1,23475.0,23460.75,14.25,23475.0,14.25,2.25,5,753.1666666666666,NEW_LOW,55,False,CONT,435,-16.75
2025_08_05,1754415710,10855,1,23222.5,23213.75,8.75,23222.5,8.75,2.25,5,821.8333333333334,NEW_LOW,90,False,AGAINST,270,13.0
2025_08_15,1755265460,7575,1,23862.5,23852.0,10.5,23862.5,10.5,5.5,5,584.3333333333334,NEW_LOW,30,False,CONT,40,7.0
2025_09_02,1756822930,9105,1,23249.75,23239.0,10.75,23249.75,10.75,5.5,5,622.1666666666666,STAIR_BREAK,20,False,AGAINST,25,-87.75
2025_09_05,1757089030,9699,3,23656.5,23647.0,9.5,23656.75,9.75,2.0,5,737.1666666666666,NEW_LOW,5,False,CONT,45,-7.75
2025_09_15,1757951960,8463,1,24288.25,24278.0,10.25,24288.25,10.25,2.25,5,719.3333333333334,NEW_LOW,55,False,CONT,175,-8.25
2025_10_06,1759760515,8438,1,25183.5,25168.25,15.25,25183.5,15.25,6.0,5,621.9166666666666,NEW_LOW,35,False,CONT,55,-31.75
2025_10_10,1760118855,11122,8,24673.5,24657.5,16.0,24743.25,85.75,2.75,0,834.25,NEW_LOW,40,False,AGAINST,70,33.0
2025_10_16,1760635485,11328,1,24904.5,24892.75,11.75,24904.5,11.75,2.25,0,804.75,NEW_LOW,5,False,AGAINST,135,-60.25
2025_10_22,1761160340,12377,1,25009.0,24994.5,14.5,25009.0,14.5,2.75,5,912.3333333333334,NEW_LOW,5,False,CONT,15,40.5
2025_10_31,1761925530,10046,1,26139.25,26126.0,13.25,26139.25,13.25,8.0,0,705.5,NEW_LOW,5,False,CONT,45,-142.0
2025_11_07,1762527765,10162,1,24985.0,24970.25,14.75,24985.0,14.75,5.5,0,602.75,NEW_LOW,5,False,CONT,20,-18.0
2025_11_14,1763135430,10988,3,25158.75,25140.75,18.0,25177.25,36.5,2.75,0,650.5,STAIR_BREAK,25,False,AGAINST,10,21.0
2025_11_18,1763478520,10653,1,24553.0,24534.5,18.5,24553.0,18.5,10.25,0,608.6666666666666,STAIR_BREAK,10,False,CONT,45,-47.0
2025_11_21,1763740405,11092,1,24042.5,24019.5,23.0,24042.5,23.0,2.5,0,653.4166666666666,NEW_LOW,5,False,AGAINST,25,87.0
2025_11_25,1764088310,10810,2,24859.5,24850.75,8.75,24864.75,14.0,3.25,5,691.8333333333334,NEW_LOW,10,False,AGAINST,65,47.0
2025_12_03,1764785060,11171,1,25637.5,25628.0,9.5,25637.5,9.5,3.0,5,784.3333333333334,NEW_LOW,25,False,CONT,280,5.0
2025_12_10,1765396400,12045,1,25768.75,25758.5,10.25,25768.75,10.25,5.75,5,893.3333333333334,STAIR_BREAK,5,True,AGAINST,25,67.25
2025_12_18,1766073120,3991,8,25136.75,25125.75,11.0,25169.5,43.75,5.25,5,652.0,STAIR_BREAK,25,True,AGAINST,35,36.25
2026_01_05,1767635680,11185,2,25627.0,25618.5,8.5,25634.0,15.5,2.25,5,774.6666666666666,NEW_LOW,25,False,AGAINST,510,-25.0
2026_01_13,1768316525,8872,4,25953.0,25941.0,12.0,25976.75,35.75,5.0,0,602.0833333333334,NEW_LOW,15,False,CONT,25,-114.0
2026_01_16,1768575565,8798,9,25755.5,25735.25,20.25,25842.75,107.5,2.25,0,599.4166666666666,NEW_LOW,15,False,CONT,35,-60.5
2026_01_21,1769020520,12477,1,25257.25,25245.25,12.0,25257.25,12.0,4.5,0,815.3333333333334,NEW_LOW,15,False,CONT,30,10.0
2026_01_29,1769702750,10383,2,25583.5,25569.75,13.75,25596.75,27.0,3.5,0,665.8333333333334,NEW_LOW,10,False,CONT,15,103.25
2026_01_30,1769795580,12302,4,25749.25,25711.25,38.0,25773.25,62.0,4.25,0,773.0,NEW_LOW,5,False,AGAINST,200,-143.5
2026_02_04,1770227585,11656,1,24838.0,24822.75,15.25,24838.0,15.25,7.75,5,773.0833333333334,STAIR_BREAK,5,True,AGAINST,80,34.0
2026_02_06,1770389080,10209,1,24909.0,24895.0,14.0,24909.0,14.0,6.5,5,584.6666666666666,STAIR_BREAK,5,True,AGAINST,10,-122.25
2026_02_12,1770906635,10345,2,25363.25,25349.25,14.0,25380.5,31.25,2.0,5,570.5833333333334,NEW_LOW,5,False,CONT,25,-167.75
2026_02_17,1771356130,13926,1,24853.75,24840.5,13.25,24853.75,13.25,5.5,5,862.1666666666666,NEW_LOW,20,False,AGAINST,60,-8.75
2026_02_20,1771606970,12159,7,25095.75,25078.0,17.75,25129.75,51.75,2.0,0,722.8333333333334,NEW_LOW,5,False,CONT,70,-147.0
2026_02_25,1772030510,10475,1,25264.25,25247.75,16.5,25264.25,16.5,3.25,0,581.8333333333334,STAIR_BREAK,15,False,AGAINST,15,64.5
2026_03_04,1772636065,10733,2,24936.75,24914.75,22.0,24938.25,23.5,8.5,5,594.4166666666666,STAIR_BREAK,45,False,AGAINST,10,157.0
2026_03_06,1772823055,13554,1,24844.0,24809.5,34.5,24844.0,34.5,3.25,0,830.9166666666666,NEW_LOW,25,False,CONT,45,13.75
2026_03_11,1773244600,11409,1,24957.5,24945.75,11.75,24957.5,11.75,2.5,0,716.6666666666666,NEW_LOW,5,False,CONT,105,-22.0
2026_03_19,1773927760,7260,2,24223.5,24214.5,9.0,24235.5,21.0,6.25,5,582.6666666666666,STAIR_BREAK,10,False,AGAINST,80,104.75
