day,ts,i,is_flush,open_px,v_low,v_peak,flush_pt,rec_frac,mod,low_break,peak_reclaim,first,close_frac
2024_01_02,1704208800,980,False,16862.0,16736.0,16788.75,126.0,0.41865079365079366,620.0,True,False,LOW_BREAK,-0.2843601895734597
2024_01_10,1704900000,980,False,16840.0,16839.5,16874.0,0.5,69.0,620.0,True,True,LOW_BREAK,2.9565217391304346
2024_01_18,1705591200,980,False,16996.75,16995.5,17054.75,1.25,47.4,620.0,True,True,PEAK_RECLAIM,1.9156118143459915
2024_01_25,1706196000,980,False,17722.5,17672.25,17720.5,50.25,0.9601990049751243,620.0,True,True,PEAK_RECLAIM,-0.7150259067357513
2024_02_02,1706887200,980,False,17508.25,17465.75,17624.0,42.5,3.723529411764706,620.0,False,True,PEAK_RECLAIM,1.6666666666666667
2024_02_12,1707751200,980,False,18029.5,18007.25,18051.0,22.25,1.9662921348314606,620.0,True,True,PEAK_RECLAIM,-1.0
2024_02_20,1708442400,980,False,17661.75,17559.5,17601.0,102.25,0.4058679706601467,620.0,True,True,LOW_BREAK,1.2710843373493976
2024_02_27,1709045820,957,True,18018.25,17938.0,17995.25,80.25,0.7133956386292835,597.0,True,True,PEAK_RECLAIM,1.388646288209607
2024_03_05,1709652000,980,False,18133.75,18023.0,18084.0,110.75,0.5507900677200903,620.0,True,False,LOW_BREAK,-1.4959016393442623
2024_03_12,1710251700,955,True,18311.25,18174.0,18259.75,137.25,0.6247723132969034,595.0,False,True,PEAK_RECLAIM,3.5189504373177845
2024_03_19,1710856860,961,True,18143.5,18053.25,18109.0,90.25,0.6177285318559557,601.0,False,True,PEAK_RECLAIM,3.8878923766816142
2024_03_28,1711635600,980,False,18500.0,18457.0,18539.25,43.0,1.9127906976744187,620.0,True,False,LOW_BREAK,0.06990881458966565
2024_04_05,1712326800,980,False,18138.25,18102.5,18253.25,35.75,4.216783216783217,620.0,False,True,PEAK_RECLAIM,1.265339966832504
2024_04_12,1712931600,980,False,18296.75,18280.75,18343.25,16.0,3.90625,620.0,True,False,LOW_BREAK,-1.588
2024_04_19,1713534600,950,True,17494.5,17432.75,17516.25,61.75,1.3522267206477734,590.0,True,False,LOW_BREAK,-3.0
2024_04_29,1714399200,960,True,17921.5,17831.75,17887.75,89.75,0.6239554317548747,600.0,True,True,PEAK_RECLAIM,1.3125
2024_05_07,1715091600,980,False,18211.25,18197.25,18236.25,14.0,2.7857142857142856,620.0,True,True,LOW_BREAK,-0.02564102564102564
2024_05_14,1715696400,980,False,18274.0,18265.25,18327.0,8.75,7.057142857142857,620.0,False,True,PEAK_RECLAIM,2.3643724696356276
2024_05_21,1716301200,980,False,18686.25,18678.0,18725.0,8.25,5.696969696969697,620.0,False,True,PEAK_RECLAIM,2.606382978723404
2024_05_28,1716904980,963,True,18920.25,18838.75,18889.0,81.5,0.6165644171779141,603.0,True,True,PEAK_RECLAIM,2.074626865671642
2024_06_05,1717597200,980,False,18849.0,18813.5,18862.25,35.5,1.3732394366197183,620.0,False,True,PEAK_RECLAIM,5.410256410256411
2024_06_12,1718202000,980,False,19401.75,19374.5,19524.25,27.25,5.495412844036697,620.0,False,True,PEAK_RECLAIM,0.7829716193656093
2024_06_19,1718806800,980,False,20242.75,20235.25,20247.5,7.5,1.6333333333333333,620.0,True,True,LOW_BREAK,-0.3673469387755102
2024_06_26,1719411600,980,False,19929.0,19918.5,20016.75,10.5,9.357142857142858,620.0,True,True,PEAK_RECLAIM,0.8804071246819338
2024_07_03,1720016400,980,False,20216.25,20216.0,20296.5,0.25,322.0,620.0,False,True,PEAK_RECLAIM,2.5217391304347827
2024_07_10,1720621200,980,False,20758.0,20721.5,20795.75,36.5,2.0342465753424657,620.0,True,True,LOW_BREAK,2.31986531986532
2024_07_17,1721226000,980,False,20260.0,20206.5,20249.25,53.5,0.7990654205607477,620.0,True,False,LOW_BREAK,-5.005847953216374
2024_07_25,1721917200,980,False,19217.25,19105.0,19147.5,112.25,0.37861915367483295,620.0,True,True,LOW_BREAK,-2.676470588235294
2024_08_01,1722522000,980,False,19525.25,19505.0,19681.75,20.25,8.728395061728396,620.0,True,False,LOW_BREAK,-2.6987270155586986
2024_08_08,1723125240,954,True,18225.25,18071.0,18179.0,154.25,0.700162074554295,594.0,False,True,PEAK_RECLAIM,4.148148148148148
2024_08_21,1724250000,980,False,19842.0,19813.25,19915.0,28.75,3.5391304347826087,620.0,True,True,PEAK_RECLAIM,0.9115479115479116
2024_08_30,1725027600,980,False,19559.25,19513.0,19628.0,46.25,2.4864864864864864,620.0,True,True,LOW_BREAK,0.8456521739130435
2024_09_06,1725630600,950,True,18929.75,18766.25,18884.5,163.5,0.7232415902140673,590.0,True,False,LOW_BREAK,-2.604651162790698
2024_09_13,1726237200,980,False,19409.25,19396.0,19520.0,13.25,9.358490566037736,620.0,False,True,PEAK_RECLAIM,1.0584677419354838
2024_09_23,1727101200,980,False,20076.5,20031.75,20106.0,44.75,1.6592178770949721,620.0,True,True,PEAK_RECLAIM,0.6026936026936027
2024_10_01,1727792400,980,False,20252.0,20029.5,20079.5,222.5,0.2247191011235955,620.0,True,True,LOW_BREAK,-1.02
2024_10_08,1728397200,980,False,20103.25,20069.5,20202.75,33.75,3.948148148148148,620.0,False,True,PEAK_RECLAIM,1.7298311444652907
2024_10_15,1729002000,980,False,20631.75,20605.75,20659.25,26.0,2.0576923076923075,620.0,True,False,LOW_BREAK,-4.897196261682243
2024_10_23,1729693200,980,False,20434.75,20407.0,20452.75,27.75,1.6486486486486487,620.0,True,True,LOW_BREAK,-4.120218579234972
2024_10_30,1730296500,955,True,20661.75,20543.0,20626.25,118.75,0.7010526315789474,595.0,True,True,PEAK_RECLAIM,-0.08408408408408409
2024_11_06,1730906400,980,False,20684.75,20662.0,20783.5,22.75,5.34065934065934,620.0,False,True,PEAK_RECLAIM,1.9053497942386832
2024_11_13,1731511200,980,False,21158.75,21127.75,21162.25,31.0,1.1129032258064515,620.0,True,True,LOW_BREAK,0.9057971014492754
2024_11_21,1732200600,950,True,20875.25,20628.25,20782.25,247.0,0.6234817813765182,590.0,True,True,PEAK_RECLAIM,1.2678571428571428
2024_11_29,1732893600,980,False,20831.5,20805.75,20973.75,25.75,6.524271844660194,620.0,False,True,PEAK_RECLAIM,1.1056547619047619
2024_12_06,1733498400,980,False,21491.0,21485.0,21645.5,6.0,26.75,620.0,False,True,PEAK_RECLAIM,1.0794392523364487
2024_12_13,1734103200,980,False,21795.0,21790.25,21908.0,4.75,24.789473684210527,620.0,True,False,LOW_BREAK,0.06157112526539278
2024_12_23,1734967200,980,False,21619.25,21572.75,21652.75,46.5,1.7204301075268817,620.0,True,True,LOW_BREAK,2.2875
2025_01_02,1735829400,890,True,21348.0,21166.5,21324.25,181.5,0.8691460055096418,590.0,True,True,PEAK_RECLAIM,0.01901743264659271
2025_01_13,1736779800,890,True,20765.75,20701.5,20784.25,64.25,1.2879377431906616,590.0,False,True,PEAK_RECLAIM,2.9788519637462234
2025_01_21,1737471000,890,True,21710.75,21589.5,21676.25,121.25,0.7154639175257732,590.0,True,True,LOW_BREAK,1.440922190201729
2025_01_29,1738162920,902,True,21599.75,21494.0,21558.0,105.75,0.6052009456264775,602.0,True,True,PEAK_RECLAIM,0.5625
2025_02_06,1738855200,920,False,21776.75,21738.0,21849.5,38.75,2.8774193548387097,620.0,True,True,LOW_BREAK,1.1928251121076232
2025_02_13,1739460000,920,False,21869.25,21835.0,21990.0,34.25,4.525547445255475,620.0,False,True,PEAK_RECLAIM,1.767741935483871
2025_02_20,1740064800,920,False,22210.0,22133.5,22152.25,76.5,0.24509803921568626,620.0,True,False,LOW_BREAK,0.6266666666666667
2025_02_27,1740669600,920,False,21340.5,21164.75,21208.75,175.75,0.2503556187766714,620.0,True,False,LOW_BREAK,-12.642045454545455
2025_03_06,1741272600,890,True,20311.0,20228.25,20330.0,82.75,1.229607250755287,590.0,True,True,PEAK_RECLAIM,-1.3194103194103195
2025_03_14,1741962000,860,False,19465.0,19450.0,19620.75,15.0,11.383333333333333,620.0,True,True,LOW_BREAK,1.4948755490483163
2025_04_02,1743603600,860,False,19328.0,19317.0,19620.5,11.0,27.59090909090909,620.0,False,True,PEAK_RECLAIM,1.415156507413509
2025_04_09,1744208400,860,False,17207.75,17196.25,17597.25,11.5,34.869565217391305,620.0,False,True,PEAK_RECLAIM,5.1764339152119705
2025_04_16,1744813200,860,False,18584.75,18572.5,18679.0,12.25,8.693877551020408,620.0,True,True,LOW_BREAK,-1.7370892018779343
2025_04_28,1745848200,830,True,19548.25,19482.75,19622.75,65.5,2.1374045801526718,590.0,True,False,LOW_BREAK,0.29464285714285715
2025_05_05,1746454800,860,False,20010.25,19985.25,20111.0,25.0,5.03,620.0,False,True,PEAK_RECLAIM,0.6381709741550696
2025_05_12,1747058040,834,True,20918.75,20746.5,20851.0,172.25,0.6066763425253991,594.0,True,True,LOW_BREAK,1.944976076555024
2025_05_19,1747664400,860,False,21202.25,21201.5,21462.75,0.75,348.3333333333333,620.0,False,True,PEAK_RECLAIM,1.230622009569378
2025_05_26,1748269200,860,False,21261.0,21258.75,21307.75,2.25,21.77777777777778,620.0,True,False,LOW_BREAK,0.5255102040816326
2025_06_04,1749046800,860,False,21726.0,21716.75,21793.5,9.25,8.297297297297296,620.0,True,True,LOW_BREAK,0.5309446254071661
2025_06_11,1749649860,831,True,22017.0,21915.0,21980.5,102.0,0.6421568627450981,591.0,True,True,PEAK_RECLAIM,-0.41603053435114506
2025_06_18,1750254600,830,True,21770.0,21703.5,21786.5,66.5,1.2481203007518797,590.0,True,True,PEAK_RECLAIM,0.24397590361445784
2025_07_07,1751898000,860,False,22943.25,22900.25,22978.0,43.0,1.808139534883721,620.0,True,False,LOW_BREAK,-0.21221864951768488
2025_07_15,1752587400,830,True,23200.25,23122.75,23184.5,77.5,0.7967741935483871,590.0,True,True,LOW_BREAK,-1.145748987854251
2025_07_22,1753194000,860,False,23346.0,23209.0,23232.0,137.0,0.1678832116788321,620.0,True,True,LOW_BREAK,0.5217391304347826
2025_07_29,1753798800,860,False,23595.5,23575.5,23606.25,20.0,1.5375,620.0,True,False,LOW_BREAK,-3.8536585365853657
2025_08_05,1754403600,860,False,23348.75,23303.5,23397.25,45.25,2.0718232044198897,620.0,True,False,LOW_BREAK,-1.8106666666666666
2025_08_12,1755008400,860,False,23733.0,23682.5,23747.0,50.5,1.2772277227722773,620.0,False,True,PEAK_RECLAIM,3.89922480620155
2025_08_19,1755612240,844,True,23762.5,23639.25,23723.0,123.25,0.6795131845841785,604.0,True,True,PEAK_RECLAIM,-2.017910447761194
2025_08_26,1756218000,860,False,23470.25,23426.75,23530.0,43.5,2.3735632183908044,620.0,False,True,PEAK_RECLAIM,1.5520581113801453
2025_09_02,1756821000,830,True,23100.25,23025.0,23225.0,75.25,2.6578073089700998,590.0,False,True,PEAK_RECLAIM,1.26125
2025_09_09,1757427600,860,False,23835.0,23815.0,23850.75,20.0,1.7875,620.0,True,True,LOW_BREAK,1.4615384615384615
2025_09_17,1758118800,859,False,24280.75,24223.0,24280.75,57.75,1.0,620.0,True,True,LOW_BREAK,0.15151515151515152
2025_10_06,1759759440,844,True,25214.25,25117.0,25177.5,97.25,0.622107969151671,604.0,True,True,PEAK_RECLAIM,1.1074380165289257
2025_10_15,1760536260,831,True,25002.25,24897.0,24966.5,105.25,0.6603325415676959,591.0,True,True,PEAK_RECLAIM,0.39928057553956836
2025_10_22,1761141000,830,True,25265.25,25172.75,25265.0,92.5,0.9972972972972973,590.0,True,True,PEAK_RECLAIM,-1.4308943089430894
2025_10_29,1761747600,860,False,26266.0,26254.25,26326.5,11.75,6.148936170212766,620.0,True,False,LOW_BREAK,0.35986159169550175
2025_11_06,1762440600,890,True,25673.75,25585.75,25673.0,88.0,0.9914772727272727,590.0,True,False,LOW_BREAK,-3.7449856733524354
2025_11_13,1763045760,896,True,25477.25,25280.75,25399.0,196.5,0.6017811704834606,596.0,True,True,PEAK_RECLAIM,-1.5285412262156448
2025_11_20,1763650200,890,True,25211.25,25145.0,25268.0,66.25,1.8566037735849057,590.0,True,True,PEAK_RECLAIM,-8.195121951219512
2025_11_27,1764256800,920,False,25301.5,25287.0,25307.75,14.5,1.4310344827586208,620.0,True,False,LOW_BREAK,0.6144578313253012
2025_12_05,1764948000,920,False,25679.75,25660.5,25867.75,19.25,10.766233766233766,620.0,True,False,LOW_BREAK,0.316043425814234
2025_12_12,1765552800,920,False,25559.75,25504.75,25571.5,55.0,1.2136363636363636,620.0,True,False,LOW_BREAK,-4.411985018726591
2026_01_02,1767367200,920,False,25686.75,25638.0,25803.5,48.75,3.394871794871795,620.0,True,False,LOW_BREAK,-1.527190332326284
2026_01_09,1767970200,890,True,25714.5,25648.25,25791.0,66.25,2.1547169811320757,590.0,True,True,LOW_BREAK,1.9947460595446584
2026_01_16,1768576800,920,False,25868.25,25807.0,25830.75,61.25,0.3877551020408163,620.0,True,False,LOW_BREAK,-5.147368421052631
2026_01_23,1769181600,920,False,25607.0,25562.5,25725.75,44.5,3.668539325842697,620.0,False,True,PEAK_RECLAIM,1.0566615620214395
2026_01_30,1769786400,920,False,25834.25,25813.0,25939.25,21.25,5.9411764705882355,620.0,True,False,LOW_BREAK,-1.0871287128712872
2026_02_06,1770391200,920,False,24760.0,24700.5,24984.0,59.5,4.764705882352941,620.0,False,True,PEAK_RECLAIM,1.5749559082892417
2026_02_13,1770994200,890,True,24742.75,24578.75,24849.75,164.0,1.6524390243902438,590.0,False,True,PEAK_RECLAIM,0.8256457564575646
2026_02_20,1771600800,920,False,24715.25,24677.0,25082.25,38.25,10.594771241830065,620.0,False,True,PEAK_RECLAIM,0.9802590993214065
2026_02_27,1772205600,920,False,24816.0,24780.0,24993.75,36.0,5.9375,620.0,False,True,PEAK_RECLAIM,1.0210526315789474
2026_03_09,1773064200,830,True,24432.5,24343.5,24420.0,89.0,0.8595505617977528,590.0,True,True,LOW_BREAK,8.477124183006536
2026_03_16,1773670800,860,False,24655.75,24623.0,24761.25,32.75,4.221374045801527,620.0,True,True,PEAK_RECLAIM,0.33634719710669075
