day,ts,i,dir,peak_i,peak_ts,peak_px,mfe_pt,give_frac,stalled,mod,race,resolve_s,sym_race,sym_resolve_s,net_60m
2024_01_05,1704477595,12759,-1,12639,1704476995,16464.75,16.5,0.8484848484848485,False,779.9166666666666,NEW_EXTREME,20,CONT,125.0,-19.25
2024_01_11,1704992660,12344,-1,12224,1704992060,16771.25,9.0,2.6944444444444446,False,724.3333333333334,GIVEBACK_50,5,AGAINST,345.0,-65.25
2024_01_25,1706197935,11640,1,11520,1706197335,17718.5,31.5,0.8888888888888888,False,652.25,GIVEBACK_50,10,AGAINST,65.0,46.25
2024_02_20,1708442320,11421,1,11301,1708441720,17553.0,11.25,3.8222222222222224,False,618.6666666666666,GIVEBACK_50,5,AGAINST,225.0,33.25
2024_02_27,1709046985,11024,-1,10904,1709046385,17980.25,12.0,2.2708333333333335,False,616.4166666666666,GIVEBACK_50,5,AGAINST,95.0,7.25
2024_03_19,1710875150,14909,-1,14789,1710874550,18257.75,27.75,0.6126126126126126,False,905.8333333333334,NEW_EXTREME,5,CONT,395.0,
2024_04_05,1712325240,11242,-1,11122,1712324640,18160.25,20.75,2.4819277108433737,False,594.0,GIVEBACK_50,5,AGAINST,45.0,-67.5
2024_04_11,1712858205,13907,-1,13787,1712857605,18419.0,15.5,1.3709677419354838,False,836.75,GIVEBACK_50,5,CONT,20.0,-43.75
2024_04_19,1713555345,15476,-1,15356,1713554745,17166.25,20.75,1.5903614457831325,False,935.75,NEW_EXTREME,5,CONT,10.0,
2024_04_26,1714146015,12379,1,12259,1714145415,17844.25,8.5,2.0588235294117645,False,700.25,GIVEBACK_50,10,CONT,215.0,26.25
2024_05_02,1714671680,13742,1,13622,1714671080,17609.75,31.25,1.072,False,821.3333333333334,GIVEBACK_50,5,CONT,160.0,61.0
2024_05_22,1716385385,9778,1,9658,1716384785,18824.25,23.75,1.4210526315789473,False,583.0833333333334,GIVEBACK_50,5,CONT,55.0,17.75
2024_05_28,1716913800,12588,-1,12468,1716913200,18912.0,22.75,0.42857142857142855,False,750.0,NEW_EXTREME,150,AGAINST,360.0,-9.5
2024_05_31,1717163595,11169,1,11049,1717162995,18627.0,17.25,4.840579710144928,False,593.25,GIVEBACK_50,5,AGAINST,150.0,-177.5
2024_06_17,1718632505,9560,1,9440,1718631905,19948.25,12.5,3.3,False,595.0833333333334,GIVEBACK_50,5,AGAINST,25.0,31.75
2024_06_26,1719413665,11648,-1,11528,1719413065,19981.25,10.0,2.725,False,654.4166666666666,GIVEBACK_50,5,AGAINST,30.0,-20.0
2024_06_28,1719600660,14379,1,14259,1719600060,20029.75,9.75,2.6923076923076925,False,891.0,GIVEBACK_50,5,AGAINST,590.0,-7.25
2024_07_09,1720536080,11426,-1,11306,1720535480,20682.75,15.5,2.6451612903225805,False,641.3333333333334,GIVEBACK_50,5,AGAINST,70.0,32.5
2024_07_18,1721320570,13060,-1,12940,1721319970,19821.0,8.25,6.575757575757576,False,756.1666666666666,GIVEBACK_50,5,AGAINST,15.0,-53.5
2024_07_26,1722001350,11134,1,11014,1722000750,19154.25,30.75,2.317073170731707,False,582.5,GIVEBACK_50,5,CONT,50.0,-0.75
2024_08_02,1722617180,13505,-1,13385,1722616580,18559.0,43.5,1.6666666666666667,False,766.3333333333334,NEW_EXTREME,5,AGAINST,45.0,77.75
2024_08_09,1723213165,11721,-1,11601,1723212565,18472.5,20.5,4.414634146341464,False,619.4166666666666,GIVEBACK_50,5,CONT,25.0,-29.75
2024_08_14,1723661335,14627,1,14507,1723660735,19088.5,15.75,1.1746031746031746,False,888.9166666666666,GIVEBACK_50,5,CONT,165.0,14.0
2024_08_26,1724699610,15007,1,14887,1724699010,19623.25,8.75,3.342857142857143,False,913.5,GIVEBACK_50,5,AGAINST,185.0,
2024_08_29,1724958335,15049,1,14929,1724957735,19420.5,45.5,1.2307692307692308,False,905.5833333333334,GIVEBACK_50,5,CONT,15.0,
2024_09_04,1725465145,12819,-1,12699,1725464545,18982.0,13.75,2.8727272727272726,False,712.4166666666666,GIVEBACK_50,5,AGAINST,60.0,-39.5
2024_09_18,1726667530,10302,1,10182,1726666930,19707.0,34.75,1.0431654676258992,False,592.1666666666666,NEW_EXTREME,50,CONT,60.0,1.5
2024_09_24,1727194805,12885,-1,12765,1727194205,20187.75,25.0,0.8,False,740.0833333333334,GIVEBACK_50,15,CONT,245.0,15.75
2024_09_26,1727371680,13808,1,13688,1727371080,20240.25,21.25,2.223529411764706,False,808.0,GIVEBACK_50,5,CONT,60.0,112.0
2024_10_10,1728585140,14171,1,14051,1728584540,20423.25,12.75,1.8431372549019607,False,872.3333333333334,GIVEBACK_50,5,CONT,110.0,13.75
2024_10_23,1729696460,11927,1,11807,1729695860,20416.25,23.75,3.789473684210526,False,674.3333333333334,GIVEBACK_50,5,CONT,40.0,-27.25
2024_10_30,1730316600,15261,1,15141,1730316000,20585.75,13.0,1.4807692307692308,False,930.0,GIVEBACK_50,5,AGAINST,235.0,
2024_11_07,1730996270,12251,1,12131,1730995670,21150.5,18.75,1.2933333333333332,False,677.8333333333334,NEW_EXTREME,55,CONT,400.0,33.5
2024_11_14,1731615310,14993,1,14873,1731614710,21025.0,13.25,2.6226415094339623,False,915.1666666666666,GIVEBACK_50,5,CONT,50.0,
2024_11_29,1732896000,11954,-1,11834,1732895400,20941.0,40.0,0.425,False,660.0,GIVEBACK_50,60,AGAINST,90.0,-36.5
2024_12_11,1733934190,11635,-1,11515,1733933590,21725.0,8.25,2.484848484848485,False,683.1666666666666,GIVEBACK_50,5,AGAINST,100.0,-38.75
2024_12_19,1734622625,11895,1,11775,1734622025,21558.75,8.25,11.0,False,637.0833333333334,GIVEBACK_50,5,CONT,35.0,124.25
2024_12_27,1735318625,12466,1,12346,1735318025,21600.75,19.0,3.9078947368421053,False,717.0833333333334,GIVEBACK_50,5,AGAINST,65.0,0.0
2025_01_06,1736178965,10062,1,9942,1736178365,21891.0,30.75,0.8861788617886179,False,656.0833333333334,GIVEBACK_50,60,AGAINST,85.0,-27.5
2025_01_10,1736531145,11475,-1,11355,1736530545,20957.0,16.5,3.6666666666666665,False,765.75,GIVEBACK_50,5,CONT,20.0,-120.25
2025_01_15,1736961070,9771,-1,9651,1736960470,21265.5,8.0,6.0,False,731.1666666666666,GIVEBACK_50,5,AGAINST,195.0,-34.25
2025_01_23,1737664135,12836,-1,12716,1737663535,21962.0,15.5,0.9838709677419355,False,928.9166666666666,GIVEBACK_50,20,AGAINST,1135.0,
2025_01_29,1738167665,9782,-1,9662,1738167065,21483.0,19.75,1.1012658227848102,False,681.0833333333334,NEW_EXTREME,10,AGAINST,85.0,-38.0
2025_02_03,1738593860,10212,-1,10092,1738593260,21210.5,20.5,4.987804878048781,False,584.3333333333334,GIVEBACK_50,5,CONT,20.0,-154.25
2025_02_05,1738786275,13427,1,13307,1738785675,21720.75,15.75,0.3968253968253968,False,911.25,NEW_EXTREME,10,CONT,470.0,
2025_02_10,1739211060,11299,-1,11179,1739210460,21858.5,9.25,1.1081081081081081,False,791.0,GIVEBACK_50,5,AGAINST,890.0,-2.5
2025_02_20,1740066935,9512,1,9392,1740066335,22067.0,16.75,3.91044776119403,False,655.5833333333334,GIVEBACK_50,5,AGAINST,90.0,12.0
2025_03_03,1741027250,12686,1,12566,1741026650,20706.5,21.0,2.4047619047619047,False,820.8333333333334,GIVEBACK_50,5,CONT,20.0,127.25
2025_03_06,1741292250,13111,-1,12991,1741291650,20093.0,41.5,1.3132530120481927,False,917.5,GIVEBACK_50,20,AGAINST,20.0,
2025_03_11,1741708560,11037,-1,10917,1741707960,19477.25,46.75,0.8877005347593583,False,716.0,NEW_EXTREME,65,CONT,20.0,156.75
2025_03_17,1742223795,9024,1,8904,1742223195,19735.0,17.75,3.676056338028169,False,663.25,GIVEBACK_50,5,AGAINST,25.0,4.0
2025_04_01,1743514985,8972,1,8852,1743514385,19424.75,57.5,1.4565217391304348,False,583.0833333333334,GIVEBACK_50,5,AGAINST,15.0,64.25
2025_04_04,1743774195,9556,1,9436,1743773595,18167.75,22.25,7.089887640449438,False,583.25,GIVEBACK_50,5,CONT,10.0,-176.75
2025_04_07,1744040760,11331,-1,11211,1744040160,17335.75,30.5,7.360655737704918,False,706.0,GIVEBACK_50,5,AGAINST,5.0,176.5
2025_04_10,1744302415,11626,1,11506,1744301815,18169.25,34.25,6.445255474452555,False,746.9166666666666,GIVEBACK_50,5,AGAINST,5.0,211.0
2025_04_17,1744899725,9455,1,9335,1744899125,18442.5,30.0,2.7416666666666667,False,622.0833333333334,GIVEBACK_50,5,CONT,25.0,7.0
2025_04_30,1746037260,12075,1,11955,1746036660,19554.25,24.75,1.696969696969697,False,861.0,GIVEBACK_50,5,AGAINST,10.0,-30.75
2025_05_08,1746717430,10267,-1,10147,1746716830,20035.25,8.25,6.9393939393939394,False,677.1666666666666,GIVEBACK_50,5,AGAINST,180.0,-225.25
2025_05_12,1747071720,11973,1,11853,1747071120,20915.75,16.5,1.393939393939394,False,822.0,GIVEBACK_50,5,CONT,205.0,41.0
2025_05_19,1747665640,10023,-1,9903,1747665040,21388.75,19.75,1.8481012658227849,False,640.6666666666666,GIVEBACK_50,5,CONT,185.0,-40.0
2025_05_22,1747927560,9636,-1,9516,1747926960,21207.25,42.25,1.3668639053254439,False,686.0,GIVEBACK_50,5,CONT,50.0,-14.75
2025_05_28,1748453020,10737,-1,10617,1748452420,21476.5,8.75,1.457142857142857,False,803.6666666666666,GIVEBACK_50,5,CONT,160.0,1.5
2025_06_03,1748965025,9609,-1,9489,1748964425,21667.25,17.75,0.5774647887323944,False,697.0833333333334,NEW_EXTREME,45,CONT,70.0,-69.75
2025_06_06,1749219085,8952,1,8832,1749218485,21841.75,16.5,1.6818181818181819,False,611.4166666666666,GIVEBACK_50,5,CONT,75.0,16.5
2025_06_18,1750266500,6560,1,6456,1750265900,21814.5,9.75,2.076923076923077,False,788.3333333333334,GIVEBACK_50,5,CONT,100.0,-18.0
2025_07_16,1752677245,8982,1,8862,1752676645,23012.75,15.5,1.5161290322580645,False,647.4166666666666,NEW_EXTREME,10,CONT,45.0,-68.0
2025_07_25,1753459905,9613,-1,9493,1753459305,23417.5,8.0,2.21875,False,731.75,GIVEBACK_50,5,AGAINST,75.0,-11.5
2025_08_04,1754317405,9353,-1,9233,1754316805,23237.5,9.0,2.5,False,623.4166666666666,GIVEBACK_50,5,CONT,60.0,48.0
2025_08_08,1754670135,9788,-1,9668,1754669535,23678.25,18.0,1.2777777777777777,False,742.25,GIVEBACK_50,5,CONT,400.0,28.0
2025_08_18,1755544680,11877,1,11757,1755544080,23808.25,17.5,1.2857142857142858,False,918.0,GIVEBACK_50,5,CONT,1195.0,
2025_08_22,1755874305,8642,-1,8522,1755873705,23588.75,8.5,6.088235294117647,False,651.75,GIVEBACK_50,5,CONT,10.0,31.0
2025_09_10,1757518725,9065,1,8945,1757518125,23946.5,14.25,1.543859649122807,False,698.75,NEW_EXTREME,10,CONT,180.0,-23.5
2025_09_16,1758048435,9205,1,9097,1758047835,24300.75,15.75,0.42857142857142855,False,887.25,NEW_EXTREME,5,CONT,865.0,4.0
2025_10_07,1759857785,10643,-1,10523,1759857185,25027.25,33.75,0.8888888888888888,False,803.0833333333334,GIVEBACK_50,5,AGAINST,55.0,14.25
2025_10_16,1760623295,8890,-1,8770,1760622695,25032.0,23.75,2.5473684210526315,False,601.5833333333334,GIVEBACK_50,5,CONT,130.0,-47.0
2025_10_22,1761140720,8453,-1,8333,1761140120,25175.75,49.0,1.75,False,585.3333333333334,GIVEBACK_50,5,CONT,65.0,176.75
2025_10_30,1761836455,10218,1,10098,1761835855,26049.75,9.0,7.527777777777778,False,660.9166666666666,GIVEBACK_50,5,CONT,20.0,-35.25
2025_11_04,1762268255,10270,-1,10150,1762267655,25736.5,28.0,4.75,False,597.5833333333334,GIVEBACK_50,5,AGAINST,115.0,81.5
2025_11_13,1763055785,11782,1,11662,1763055185,25249.25,13.25,3.5849056603773586,False,763.0833333333334,GIVEBACK_50,5,AGAINST,40.0,-185.75
2025_11_18,1763488225,12594,-1,12474,1763487625,24655.75,9.25,8.27027027027027,False,770.4166666666666,GIVEBACK_50,5,CONT,20.0,-63.75
2025_11_21,1763752105,13432,-1,13312,1763751505,24456.25,15.5,6.129032258064516,False,848.4166666666666,GIVEBACK_50,5,AGAINST,40.0,86.0
2025_11_28,1764346060,2878,-1,2758,1764345460,25400.5,12.25,2.5918367346938775,False,667.6666666666666,GIVEBACK_50,5,CONT,755.0,-4.75
2025_12_03,1764788035,11766,1,11646,1764787435,25653.25,24.75,0.5656565656565656,False,833.9166666666666,GIVEBACK_50,135,AGAINST,140.0,14.75
2025_12_10,1765396440,12053,-1,11933,1765395840,25637.25,31.75,4.811023622047244,False,894.0,GIVEBACK_50,5,AGAINST,15.0,-29.0
2025_12_15,1765814170,8459,1,8339,1765813570,25194.0,14.75,5.016949152542373,False,656.1666666666666,GIVEBACK_50,5,AGAINST,90.0,33.25
2026_01_02,1767379590,11613,-1,11493,1767378990,25317.0,8.75,3.942857142857143,False,826.5,GIVEBACK_50,5,AGAINST,20.0,-89.75
2026_01_08,1767888840,10075,1,9955,1767888240,25676.75,10.75,4.255813953488372,False,674.0,GIVEBACK_50,5,AGAINST,60.0,4.5
2026_01_13,1768317415,9050,1,8930,1768316815,25948.0,17.5,3.357142857142857,False,616.9166666666666,GIVEBACK_50,5,AGAINST,70.0,19.0
2026_01_28,1769625910,12343,-1,12223,1769625310,26148.75,17.25,0.8405797101449275,False,825.1666666666666,GIVEBACK_50,6,CONT,186.0,8.0
2026_01_29,1769713881,12609,-1,12489,1769713280,25825.0,32.5,1.676923076923077,False,851.35,GIVEBACK_50,4,AGAINST,69.0,2.25
2026_02_03,1770145170,12232,1,12112,1770144570,25287.0,14.75,1.9152542372881356,False,839.5,GIVEBACK_50,5,AGAINST,25.0,64.25
2026_02_06,1770392060,10805,-1,10685,1770391460,24812.5,15.0,7.583333333333333,False,634.3333333333334,GIVEBACK_50,5,CONT,60.0,-103.25
2026_02_11,1770824415,11219,-1,11099,1770823815,25080.0,8.0,12.375,False,640.25,GIVEBACK_50,5,AGAINST,45.0,-57.0
2026_02_18,1771426780,10710,-1,10590,1771426180,24798.25,24.0,6.572916666666667,False,599.6666666666666,GIVEBACK_50,5,AGAINST,35.0,-146.5
2026_02_20,1771610705,12906,-1,12786,1771610105,24974.0,65.25,1.0804597701149425,False,785.0833333333334,GIVEBACK_50,5,AGAINST,30.0,-92.0
2026_03_02,1772467450,11565,-1,11445,1772466850,24889.5,54.75,0.7488584474885844,False,664.1666666666666,GIVEBACK_50,10,AGAINST,20.0,-117.5
2026_03_04,1772638445,11209,-1,11089,1772637845,25068.5,12.25,6.204081632653061,False,634.0833333333334,GIVEBACK_50,5,CONT,55.0,-9.75
2026_03_06,1772815580,12059,-1,11939,1772814980,24819.25,8.75,8.4,False,706.3333333333334,GIVEBACK_50,5,AGAINST,15.0,99.0
2026_03_12,1773343315,13934,-1,13814,1773342715,24577.25,30.5,1.1721311475409837,False,921.9166666666666,GIVEBACK_50,5,AGAINST,60.0,
2026_03_18,1773844995,8744,1,8624,1773844395,24642.0,27.5,1.0454545454545454,False,643.25,GIVEBACK_50,5,CONT,105.0,61.0
