day,ts,i,dir,ref_px,poke_ext,poke_depth,ref_age_s,arm_ts,kind,mod,sym_race,sym_resolve_s,race,resolve_s,exceed_ref,exceed_poke,exceed_ref_first,mfe_beyond_ref
2024_01_04,1704382510,10927,-1,16511.0,16508.25,2.75,815,1704382505,BREAKOUT,635.1666666666666,AGAINST,75,REVERSE,75,True,True,True,6.75
2024_01_23,1706032165,12875,1,17463.25,17465.5,2.25,2330,1706032145,BREAKOUT,769.4166666666666,CONT,230,RESUME,5,True,True,True,29.25
2024_02_08,1707418235,13126,-1,17872.5,17869.5,3.0,2905,1707418225,BREAKOUT,830.5833333333334,CONT,835,RESUME,5,True,True,True,37.5
2024_02_16,1708096025,10715,1,17752.5,17754.5,2.0,235,1708096015,RETURN,607.0833333333334,CONT,70,RESUME,30,True,True,True,65.5
2024_03_06,1709738790,11312,1,18006.5,18007.25,0.75,875,1709738785,RETURN,626.5,CONT,110,RESUME,5,True,True,True,101.0
2024_03_08,1709923240,13700,-1,18023.0,18021.5,1.5,105,1709923230,RETURN,820.6666666666666,CONT,100,RESUME,35,True,True,True,9.25
2024_03_14,1710433640,12331,1,18284.25,18287.0,2.75,3675,1710433625,BREAKOUT,747.3333333333334,CONT,515,RESUME,200,True,True,True,19.25
2024_03_27,1711554115,12163,1,18417.5,18421.0,3.5,155,1711554105,BREAKOUT,701.9166666666666,AGAINST,460,RESUME,5,True,True,True,17.75
2024_04_09,1712681490,12781,-1,18285.0,18283.5,1.5,295,1712681475,RETURN,771.5,CONT,95,RESUME,25,True,True,True,28.0
2024_04_26,1714141445,11456,1,17823.75,17825.0,1.25,55,1714141395,RETURN,623.3333333333334,AGAINST,335,RESUME,40,True,True,True,61.25
2024_05_02,1714667005,12807,1,17518.5,17520.75,2.25,2675,1714666990,BREAKOUT,743.4166666666666,CONT,35,RESUME,5,True,True,True,46.25
2024_05_14,1715713730,14028,1,18406.0,18406.75,0.75,1165,1715713725,RETURN,908.8333333333334,CONT,280,RESUME,65,True,True,True,24.25
2024_05_29,1717008975,14427,1,18833.75,18836.75,3.0,4440,1717008965,BREAKOUT,896.25,AGAINST,40,REVERSE,40,True,True,False,28.0
2024_06_04,1717511175,11128,-1,18600.0,18597.25,2.75,1130,1717511170,BREAKOUT,626.25,AGAINST,55,REVERSE,55,True,True,False,6.5
2024_06_24,1719236205,10812,1,19944.0,19944.25,0.25,2390,1719236200,RETURN,576.75,AGAINST,40,REVERSE,40,True,True,False,50.5
2024_07_09,1720543030,12816,-1,20688.75,20686.5,2.25,2015,1720543025,BREAKOUT,757.1666666666666,CONT,160,RESUME,5,True,True,True,61.0
2024_07_16,1721145860,12233,-1,20556.75,20555.75,1.0,2645,1721145850,RETURN,724.3333333333334,CONT,185,RESUME,20,True,True,True,88.75
2024_07_23,1721757300,14041,1,19976.25,19978.75,2.5,4760,1721757275,BREAKOUT,835.0,CONT,395,RESUME,40,True,True,True,19.75
2024_07_25,1721933630,14962,-1,19128.5,19128.0,0.5,250,1721933625,RETURN,893.8333333333334,CONT,55,RESUME,25,True,True,True,17.75
2024_08_02,1722612680,12605,-1,18483.75,18479.5,7.5,365,1722612675,BREAKOUT,691.3333333333334,AGAINST,10,REVERSE,10,False,False,False,-1.0
2024_08_06,1722967680,14481,-1,18397.75,18395.25,2.5,1405,1722967670,BREAKOUT,848.0,AGAINST,125,RESUME,30,True,True,True,9.75
2024_08_07,1723055775,14824,1,18056.75,18060.25,3.5,180,1723055765,BREAKOUT,876.25,AGAINST,15,REVERSE,15,True,True,False,86.5
2024_08_08,1723141215,14630,1,18548.75,18552.0,3.25,855,1723141210,BREAKOUT,860.25,AGAINST,45,REVERSE,45,True,False,False,3.25
2024_08_15,1723735840,12274,-1,19494.5,19493.5,1.0,2460,1723735835,RETURN,690.6666666666666,AGAINST,60,REVERSE,60,False,False,False,-2.75
2024_08_27,1724766505,10970,1,19479.25,19486.25,7.0,390,1724766500,BREAKOUT,588.4166666666666,CONT,35,RESUME,25,True,True,True,175.75
2024_09_03,1725380005,12935,1,19161.0,19161.5,0.5,90,1725380000,RETURN,733.4166666666666,CONT,45,RESUME,25,True,True,True,43.25
2024_09_05,1725558200,14074,1,18952.0,18954.75,2.75,320,1725558195,BREAKOUT,823.3333333333334,CONT,45,RESUME,30,True,True,True,72.75
2024_09_12,1726148870,11084,-1,19220.0,19219.25,0.75,930,1726148865,RETURN,587.8333333333334,AGAINST,20,REVERSE,20,True,True,False,32.75
2024_09_20,1726852765,13595,1,20020.25,20022.0,1.75,2905,1726852755,RETURN,799.4166666666666,AGAINST,180,REVERSE,180,True,True,False,9.0
2024_10_01,1727800455,13146,1,19924.5,19925.0,0.5,3475,1727800445,RETURN,754.25,CONT,5,RESUME,5,True,True,True,30.5
2024_10_08,1728395380,11210,1,20097.0,20100.5,3.5,1025,1728395370,BREAKOUT,589.6666666666666,AGAINST,115,RESUME,10,True,True,True,111.5
2024_10_22,1729603860,10874,-1,20388.5,20388.0,3.75,190,1729603855,BREAKOUT,571.0,CONT,40,RESUME,10,True,True,True,17.25
2024_10_24,1729779075,11303,1,20350.5,20354.5,0.75,1575,1729779070,RETURN,611.25,CONT,90,RESUME,25,True,True,True,21.75
2024_10_29,1730212070,11521,-1,20549.0,20546.0,4.75,275,1730212065,BREAKOUT,627.8333333333334,CONT,15,RESUME,5,True,True,True,19.5
2024_11_04,1730735250,11845,1,20182.5,20185.25,2.75,345,1730735245,BREAKOUT,647.5,CONT,30,RESUME,15,True,True,True,43.75
2024_11_06,1730920440,14547,1,20867.5,20871.5,4.0,920,1730920375,BREAKOUT,853.25,CONT,80,RESUME,10,True,True,True,26.25
2024_11_11,1731349685,13642,1,21131.0,21134.25,3.25,785,1731349680,BREAKOUT,808.0833333333334,CONT,310,RESUME,55,True,True,True,66.25
2024_11_18,1731950480,13075,1,20657.75,20659.5,1.75,590,1731950470,RETURN,741.3333333333334,AGAINST,1295,RESUME,50,True,True,True,6.0
2024_12_03,1733244830,12178,1,21224.75,21227.5,2.75,3105,1733244825,BREAKOUT,713.8333333333334,AGAINST,130,REVERSE,130,False,False,False,2.0
2024_12_17,1734452190,11402,-1,22338.5,22336.75,1.75,285,1734452180,RETURN,676.5,CONT,65,RESUME,55,True,True,True,24.5
2024_12_20,1734706110,11310,-1,21206.75,21195.0,11.75,1060,1734706105,BREAKOUT,588.5,AGAINST,30,RESUME,25,True,True,True,43.0
2025_01_02,1735832550,10453,1,21224.25,21233.75,9.5,3925,1735832545,BREAKOUT,642.5,AGAINST,50,RESUME,10,True,True,True,104.0
2025_01_08,1736353830,10474,1,21346.0,21354.5,8.5,1020,1736353825,BREAKOUT,690.5,CONT,105,RESUME,5,True,True,True,71.5
2025_01_13,1736784215,10497,1,20812.0,20812.5,0.5,2575,1736784200,BREAKOUT,663.5833333333334,AGAINST,50,REVERSE,50,True,True,False,12.25
2025_01_16,1737037975,9133,-1,21454.5,21435.0,19.5,3120,1737037970,BREAKOUT,572.9166666666666,CONT,50,RESUME,5,True,True,True,117.75
2025_01_22,1737559375,9326,-1,22015.5,22007.75,7.75,505,1737559370,BREAKOUT,622.9166666666666,AGAINST,175,RESUME,110,True,True,True,24.0
2025_01_31,1738354900,13075,-1,21570.25,21569.25,1.0,45,1738354890,RETURN,921.6666666666666,CONT,25,RESUME,25,True,True,True,32.25
2025_02_05,1738765885,9349,1,21547.0,21548.25,1.25,3685,1738765880,RETURN,571.4166666666666,AGAINST,15,REVERSE,15,True,True,False,55.25
2025_02_13,1739461970,9818,-1,22031.5,22031.0,0.5,85,1739461965,RETURN,652.8333333333334,AGAINST,835,RESUME,5,True,True,True,49.25
2025_02_25,1740510780,12591,-1,21167.0,21165.75,1.25,2565,1740510765,RETURN,853.0,CONT,60,RESUME,55,True,True,True,41.25
2025_03_04,1741111660,12324,-1,20355.25,20349.5,5.75,50,1741111655,BREAKOUT,787.6666666666666,AGAINST,20,REVERSE,20,False,False,False,1.5
2025_03_10,1741616720,9526,-1,19710.25,19709.75,0.5,690,1741616715,RETURN,625.3333333333334,CONT,20,RESUME,20,True,True,True,187.25
2025_03_17,1742225435,9352,1,19689.75,19695.5,5.75,1855,1742225430,BREAKOUT,690.5833333333334,AGAINST,25,REVERSE,25,True,True,True,54.0
2025_04_01,1743527435,11462,1,19550.0,19550.25,0.25,2170,1743527430,RETURN,790.5833333333334,CONT,55,RESUME,40,True,True,True,20.25
2025_04_03,1743706915,13302,-1,18842.5,18842.0,2.25,4205,1743706910,RETURN,901.9166666666666,AGAINST,40,RESUME,10,True,True,True,149.75
2025_04_10,1744309550,13053,1,18545.5,18551.0,5.5,1085,1744309545,BREAKOUT,865.8333333333334,CONT,5,RESUME,5,True,True,True,118.75
2025_04_15,1744730760,10055,-1,19038.25,19032.25,6.0,1230,1744730745,RETURN,686.0,CONT,130,RESUME,15,True,True,True,52.0
2025_04_17,1744902380,9986,1,18364.0,18370.5,6.5,960,1744902375,BREAKOUT,666.3333333333334,CONT,10,RESUME,10,True,True,True,72.0
2025_04_23,1745420805,10230,1,19075.75,19079.75,4.0,3460,1745420795,BREAKOUT,666.75,CONT,80,RESUME,5,True,True,True,19.0
2025_04_25,1745591595,9819,1,19279.5,19288.25,8.75,2020,1745591590,BREAKOUT,633.25,CONT,65,RESUME,30,True,True,True,100.0
2025_05_01,1746121550,11480,-1,19954.5,19952.25,2.25,3775,1746121535,BREAKOUT,825.8333333333334,AGAINST,60,RESUME,5,True,True,True,9.75
2025_05_05,1746452445,8696,-1,20004.25,19999.25,5.0,680,1746452435,BREAKOUT,580.75,AGAINST,40,RESUME,30,True,True,True,14.25
2025_05_09,1746811855,11370,-1,20096.25,20093.0,3.25,2715,1746811850,BREAKOUT,810.9166666666666,AGAINST,255,RESUME,125,True,True,True,7.25
2025_05_16,1747405745,8864,-1,21415.75,21412.5,3.25,2025,1747405740,BREAKOUT,629.0833333333334,CONT,70,RESUME,5,True,True,True,91.75
2025_05_20,1747763135,11674,-1,21431.0,21427.75,3.25,4540,1747763110,BREAKOUT,825.5833333333334,CONT,280,RESUME,40,True,True,True,88.0
2025_06_02,1748889670,12162,-1,21493.5,21491.5,2.0,350,1748889665,RETURN,881.1666666666666,AGAINST,165,REVERSE,165,False,False,False,-0.5
2025_06_06,1749228060,10747,1,21781.25,21786.75,5.5,3830,1749228050,BREAKOUT,761.0,AGAINST,95,RESUME,5,True,True,True,20.5
2025_06_12,1749741455,9118,-1,21936.0,21932.5,3.5,2125,1749741450,BREAKOUT,677.5833333333334,CONT,55,RESUME,5,True,True,True,46.5
2025_06_18,1750256260,4746,1,21827.5,21829.0,1.5,120,1750256245,RETURN,617.6666666666666,CONT,140,RESUME,20,True,True,True,43.75
2025_07_07,1751899955,9038,-1,22910.75,22909.75,1.0,420,1751899950,RETURN,652.5833333333334,CONT,45,RESUME,5,True,True,True,27.0
2025_07_08,1751999870,11632,1,22912.75,22915.0,2.25,330,1751999860,BREAKOUT,877.8333333333334,AGAINST,290,RESUME,60,True,True,True,6.75
2025_07_28,1753714465,8754,-1,23485.0,23483.25,1.75,4295,1753714440,RETURN,654.4166666666666,AGAINST,265,REVERSE,265,True,True,False,46.0
2025_08_05,1754417775,11268,-1,23201.75,23197.75,4.0,2645,1754417770,BREAKOUT,856.25,AGAINST,35,RESUME,5,True,True,True,83.75
2025_08_13,1755096385,8481,-1,23952.25,23947.5,4.75,805,1755096380,BREAKOUT,646.4166666666666,CONT,50,RESUME,15,True,True,True,59.25
2025_08_21,1755796900,11023,-1,23133.75,23132.25,1.5,120,1755796895,RETURN,801.6666666666666,CONT,50,RESUME,35,True,True,True,13.25
2025_09_02,1756824810,9481,-1,23145.75,23143.75,2.0,4260,1756824795,RETURN,653.5,CONT,125,RESUME,120,True,True,True,86.0
2025_09_05,1757088825,9658,1,23652.0,23656.75,4.75,1400,1757088820,BREAKOUT,733.75,AGAINST,25,REVERSE,25,True,True,True,5.25
2025_09_16,1758040115,7652,1,24281.75,24282.5,0.75,2465,1758040110,RETURN,748.5833333333334,AGAINST,470,RESUME,5,True,True,True,16.0
2025_10_03,1759516890,11052,1,25018.75,25019.75,1.0,205,1759516880,RETURN,881.5,AGAINST,25,REVERSE,25,True,True,False,10.25
2025_10_14,1760448905,9435,-1,24561.0,24553.5,7.5,3065,1760448900,BREAKOUT,575.0833333333334,CONT,20,RESUME,10,True,True,True,132.25
2025_10_29,1761763510,12362,1,26101.75,26103.0,3.0,250,1761763505,RETURN,885.1666666666666,CONT,10,RESUME,5,True,True,True,137.75
2025_11_06,1762445265,10666,-1,25335.0,25325.5,9.5,1220,1762445260,BREAKOUT,667.75,AGAINST,25,RESUME,5,True,True,True,107.5
2025_11_12,1762959315,9627,-1,25581.0,25577.75,3.25,155,1762959310,BREAKOUT,595.25,CONT,25,RESUME,15,True,True,True,47.25
2025_11_14,1763147575,13417,1,25150.5,25155.25,4.75,4120,1763147570,BREAKOUT,852.9166666666666,AGAINST,35,REVERSE,35,True,True,True,90.75
2025_11_20,1763661970,12357,1,24462.75,24471.75,9.0,2210,1763661960,BREAKOUT,786.1666666666666,CONT,25,RESUME,5,True,True,True,130.0
2025_12_01,1764604290,10749,1,25363.25,25369.5,6.25,2920,1764604285,BREAKOUT,651.5,CONT,30,RESUME,5,True,True,True,56.25
2025_12_08,1765221440,11710,1,25589.5,25592.25,2.75,455,1765221430,BREAKOUT,857.3333333333334,CONT,160,RESUME,5,True,True,True,32.0
2025_12_16,1765899695,6927,-1,24971.5,24967.5,4.0,135,1765899690,BREAKOUT,641.5833333333334,CONT,25,RESUME,10,True,True,True,16.5
2025_12_17,1765996591,6681,1,24782.25,24783.0,0.75,191,1765996588,RETURN,816.5166666666667,AGAINST,98,RESUME,4,True,True,True,6.0
2026_01_05,1767639460,11941,-1,25608.75,25606.5,2.25,5110,1767639455,BREAKOUT,837.6666666666666,AGAINST,185,REVERSE,185,True,True,False,57.0
2026_01_13,1768319400,9447,-1,25815.75,25813.0,2.75,1325,1768319395,BREAKOUT,650.0,AGAINST,10,REVERSE,10,False,False,False,-6.25
2026_01_22,1769106885,12089,1,25706.0,25708.0,2.0,400,1769106870,RETURN,814.75,AGAINST,560,REVERSE,560,True,True,False,3.75
2026_02_02,1770044185,10497,1,25781.25,25782.25,1.0,130,1770044135,RETURN,595.6666666666666,AGAINST,45,REVERSE,45,True,True,False,126.75
2026_02_06,1770389615,10316,-1,24962.25,24958.5,3.75,85,1770389610,BREAKOUT,593.5833333333334,CONT,15,RESUME,5,True,True,True,211.5
2026_02_12,1770916190,12256,1,24892.25,24901.0,8.75,115,1770916185,BREAKOUT,729.8333333333334,AGAINST,10,REVERSE,10,True,True,False,46.0
2026_02_19,1771523110,12709,-1,24839.75,24839.0,0.75,2230,1771523105,RETURN,765.1666666666666,CONT,10,RESUME,5,True,True,True,87.25
2026_02_24,1771951055,11886,1,24987.75,24988.5,0.75,335,1771951050,RETURN,697.5833333333334,CONT,80,RESUME,25,True,True,True,87.0
2026_03_03,1772560435,12886,-1,24645.5,24644.0,1.5,1300,1772560430,RETURN,773.9166666666666,CONT,30,RESUME,25,True,True,True,18.25
2026_03_06,1772827640,14471,-1,24829.0,24825.0,4.0,105,1772827620,RETURN,907.3333333333334,CONT,65,RESUME,30,True,True,True,217.75
2026_03_12,1773336480,12567,-1,24668.75,24658.5,10.25,235,1773336470,BREAKOUT,808.0,CONT,55,RESUME,5,True,True,True,82.0
