entry_i,exit_i,dir,entry,exit,pts,reason,day,usd
182,214,-1,25498.25,25562.0,-64.64,theme,2025_12_16,-129.28
229,255,1,25529.0,25567.0,37.11,target,2025_12_16,74.22
63,72,1,25555.75,25621.5,64.86,target,2025_12_17,129.72
256,301,-1,25245.0,25170.5,73.61,target,2025_12_17,147.22
333,337,-1,25162.0,25157.25,3.86,target,2025_12_17,7.72
353,371,-1,25196.0,25151.5,43.61,target,2025_12_17,87.22
386,388,-1,25187.25,25189.75,-3.39,target,2025_12_17,-6.78
79,227,-1,25170.0,25464.5,-295.39,theme,2025_12_18,-590.78
319,323,1,25587.0,25615.0,27.11,target,2025_12_18,54.22
381,385,1,25597.0,25601.25,3.36,target,2025_12_18,6.72
400,471,1,25532.75,25444.0,-89.64,eod,2025_12_18,-179.28
98,134,1,25513.0,25575.25,61.36,target,2025_12_19,122.72
252,262,1,25592.75,25620.0,26.36,target,2025_12_19,52.72
323,356,1,25768.75,25761.0,-8.64,target,2025_12_19,-17.28
366,370,1,25760.5,25775.0,13.61,target,2025_12_19,27.22
384,390,1,25750.5,25778.75,27.36,target,2025_12_19,54.72
438,450,1,25772.75,25803.0,29.36,target,2025_12_19,58.72
473,502,1,25795.75,25816.0,19.36,target,2025_12_19,38.72
189,191,1,25917.5,25918.0,-0.39,target,2025_12_22,-0.78
273,393,1,25936.0,25929.0,-7.89,eod,2025_12_22,-15.78
132,158,-1,25918.0,25888.5,28.61,target,2025_12_23,57.22
179,182,-1,25907.0,25909.25,-3.14,target,2025_12_23,-6.28
194,228,-1,25946.0,25999.0,-53.89,theme,2025_12_23,-107.78
108,135,1,26010.0,26051.0,40.11,target,2025_12_24,80.22
186,187,1,26124.25,26108.5,-16.64,target,2025_12_26,-33.28
297,318,1,26097.75,26081.0,-17.64,eod,2025_12_26,-35.28
181,193,-1,25991.5,25960.5,30.11,target,2025_12_29,60.22
232,238,-1,26015.0,25970.0,44.11,target,2025_12_29,88.22
273,288,-1,25957.25,25927.25,29.11,target,2025_12_29,58.22
316,332,-1,25930.25,25900.75,28.61,target,2025_12_29,57.22
362,439,-1,25924.5,25974.75,-51.14,eod,2025_12_29,-102.28
150,167,-1,25965.0,25936.5,27.61,target,2025_12_30,55.22
186,231,-1,25918.25,25950.0,-32.64,theme,2025_12_30,-65.28
290,356,1,25954.25,25901.0,-54.14,eod,2025_12_30,-108.28
132,145,-1,25831.25,25811.75,18.61,target,2025_12_31,37.22
183,302,-1,25803.25,25771.75,30.61,target,2025_12_31,61.22
381,417,-1,25809.0,25785.0,23.11,target,2025_12_31,46.22
362,365,-1,25573.25,25539.0,33.36,target,2026_01_02,66.72
381,415,-1,25560.0,25562.0,-2.89,target,2026_01_02,-5.78
438,440,-1,25575.5,25560.25,14.36,target,2026_01_02,28.72
479,484,-1,25602.25,25602.75,-1.3900000000000001,target,2026_01_02,-2.7800000000000002
199,200,1,25775.75,25776.75,0.10999999999999999,target,2026_01_05,0.21999999999999997
243,244,1,25806.0,25813.25,6.36,target,2026_01_05,12.72
348,464,1,25861.25,25788.75,-73.39,eod,2026_01_05,-146.78
303,383,1,25943.25,25971.75,27.61,target,2026_01_06,55.22
496,500,1,26052.5,26045.25,-8.14,target,2026_01_06,-16.28
257,277,1,26075.0,26091.0,15.11,target,2026_01_07,30.22
393,519,1,26196.25,26065.0,-132.14,eod,2026_01_07,-264.28
136,252,-1,25992.75,25927.25,64.61,target,2026_01_08,129.22
306,311,-1,25908.75,25870.25,37.61,target,2026_01_08,75.22
339,345,-1,25867.0,25861.0,5.11,target,2026_01_08,10.22
369,372,-1,25889.75,25876.0,12.86,target,2026_01_08,25.72
437,468,-1,25868.75,25840.75,27.11,target,2026_01_08,54.22
481,552,-1,25849.75,25932.0,-83.14,eod,2026_01_08,-166.28
141,143,1,25900.25,25930.5,29.36,target,2026_01_09,58.72
259,271,1,25940.0,26007.0,66.11,target,2026_01_09,132.22
452,463,1,26115.0,26136.25,20.36,target,2026_01_09,40.72
546,568,1,26170.0,26161.0,-9.89,eod,2026_01_09,-19.78
167,174,-1,25960.0,25949.75,9.36,target,2026_01_12,18.72
213,232,-1,25958.0,25920.0,37.11,target,2026_01_12,74.22
280,442,-1,25940.25,26176.25,-236.89,theme,2026_01_12,-473.78
496,501,1,26187.5,26196.75,8.36,target,2026_01_12,16.72
192,319,-1,26110.0,26090.0,19.11,target,2026_01_13,38.22
363,423,-1,26134.0,26235.75,-102.64,theme,2026_01_13,-205.28
524,561,-1,26093.25,26059.5,32.86,target,2026_01_13,65.72
571,612,-1,26084.0,26137.5,-54.39,eod,2026_01_13,-108.78
139,168,-1,26080.75,26040.75,39.11,target,2026_01_14,78.22
213,237,-1,25964.75,25944.5,19.36,target,2026_01_14,38.72
304,316,-1,25981.5,25965.0,15.61,target,2026_01_14,31.22
376,377,-1,25878.5,25888.75,-11.14,target,2026_01_14,-22.28
393,394,-1,25814.0,25780.25,32.86,target,2026_01_14,65.72
442,454,-1,25790.25,25728.25,61.11,target,2026_01_14,122.22
482,486,-1,25728.25,25691.0,36.36,target,2026_01_14,72.72
497,499,-1,25709.0,25685.0,23.11,target,2026_01_14,46.22
511,513,-1,25722.75,25669.25,52.61,target,2026_01_14,105.22
527,548,-1,25698.75,25669.0,28.86,target,2026_01_14,57.72
301,318,1,26057.5,26079.5,21.11,target,2026_01_15,42.22
393,396,1,26109.0,26097.5,-12.39,target,2026_01_15,-24.78
484,493,1,26127.75,26154.0,25.36,target,2026_01_15,50.72
526,661,1,26125.75,25939.0,-187.64,theme,2026_01_15,-375.28
675,704,-1,25934.75,25944.75,-10.89,eod,2026_01_15,-21.78
279,315,1,26060.25,25919.25,-141.89,theme,2026_01_16,-283.78
422,433,-1,25912.5,25896.0,15.61,target,2026_01_16,31.22
443,570,-1,25936.0,25901.25,33.86,target,2026_01_16,67.72
580,582,-1,25909.75,25902.75,6.11,eod,2026_01_16,12.22
77,79,-1,25662.25,25644.5,16.86,target,2026_01_19,33.72
89,129,-1,25636.0,25600.5,34.61,target,2026_01_19,69.22
160,189,-1,25614.25,25596.75,16.61,target,2026_01_19,33.22
228,258,-1,25579.5,25586.25,-7.64,target,2026_01_19,-15.28
312,432,-1,25537.0,25489.5,46.61,target,2026_01_19,93.22
451,550,-1,25540.0,25619.75,-80.64,eod,2026_01_19,-161.28
91,98,1,25618.75,25652.0,32.36,target,2026_01_20,64.72
114,242,1,25636.75,25410.0,-227.64,theme,2026_01_20,-455.28
585,591,1,25620.0,25632.75,11.86,target,2026_01_20,23.72
601,602,1,25575.25,25589.25,13.11,target,2026_01_20,26.22
619,772,1,25580.0,25343.25,-237.64,theme,2026_01_20,-475.28
782,786,-1,25350.25,25339.25,10.11,target,2026_01_20,20.22
810,825,-1,25356.75,25350.0,5.86,eod,2026_01_20,11.72
266,272,-1,25403.75,25360.0,42.86,target,2026_01_21,85.72
319,342,-1,25267.5,25262.75,3.86,target,2026_01_21,7.72
354,373,-1,25299.0,25280.0,18.11,target,2026_01_21,36.22
462,484,1,25538.25,25633.0,93.86,target,2026_01_21,187.72
518,666,1,25674.0,25668.5,-6.39,target,2026_01_21,-12.78
80,132,1,25799.5,25840.0,39.61,target,2026_01_22,79.22
211,218,1,25913.25,25936.5,22.36,target,2026_01_22,44.72
287,545,1,25931.75,25850.0,-82.64,eod,2026_01_22,-165.28
201,362,-1,25810.5,26044.75,-235.14,theme,2026_01_23,-470.28
483,555,1,26006.0,25905.25,-101.64,eod,2026_01_23,-203.28
158,248,-1,25856.75,25820.0,35.86,target,2026_01_26,71.72
423,430,1,26112.0,26133.0,20.11,target,2026_01_26,40.22
481,491,1,26123.0,26145.75,21.86,target,2026_01_26,43.72
524,584,1,26137.0,26101.5,-36.39,eod,2026_01_26,-72.78
174,222,1,26229.75,26262.75,32.11,target,2026_01_27,64.22
237,309,1,26246.0,26263.25,16.36,target,2026_01_27,32.72
407,455,1,26300.25,26321.0,19.86,target,2026_01_27,39.72
491,500,1,26309.75,26324.75,14.11,target,2026_01_27,28.22
207,208,1,26535.75,26549.5,12.86,target,2026_01_28,25.72
283,468,1,26523.75,26380.5,-144.14,theme,2026_01_28,-288.28
496,615,-1,26363.0,26341.25,20.86,target,2026_01_28,41.72
625,663,-1,26385.5,26505.0,-120.39,eod,2026_01_28,-240.78
98,182,-1,26370.75,26491.5,-121.64,theme,2026_01_29,-243.28
233,367,1,26501.0,26366.75,-135.14,theme,2026_01_29,-270.28
483,484,-1,25900.5,25900.5,-0.89,target,2026_01_29,-1.78
579,730,-1,26056.5,26216.0,-160.39,eod,2026_01_29,-320.78
246,248,-1,26013.5,26013.0,-0.39,target,2026_01_30,-0.78
283,288,-1,25993.25,25927.25,65.11,target,2026_01_30,130.22
300,302,-1,25996.0,25974.75,20.36,target,2026_01_30,40.72
336,520,-1,25940.0,26146.5,-207.39,theme,2026_01_30,-414.78
557,677,1,26085.5,25890.0,-196.39,theme,2026_01_30,-392.78
712,780,-1,25907.75,25843.75,63.11,target,2026_01_30,126.22
815,818,-1,25933.25,25869.75,62.61,target,2026_01_30,125.22
107,115,-1,25734.0,25692.5,40.61,target,2026_02_02,81.22
140,144,-1,25670.0,25625.0,44.11,target,2026_02_02,88.22
237,286,-1,25546.5,25500.0,45.61,target,2026_02_02,91.22
307,321,-1,25470.75,25442.5,27.36,target,2026_02_02,54.72
349,351,-1,25454.75,25433.5,20.36,target,2026_02_02,40.72
573,624,1,25701.25,25928.75,226.61,target,2026_02_02,453.22
637,659,1,26028.75,26090.5,60.86,target,2026_02_02,121.72
677,744,1,26101.0,26143.75,41.86,target,2026_02_02,83.72
798,810,1,26154.0,26175.0,20.11,target,2026_02_02,40.22
826,890,1,26132.25,26109.0,-24.14,eod,2026_02_02,-48.28
85,130,1,26191.25,26215.75,23.61,target,2026_02_03,47.22
196,336,1,26215.5,25820.0,-396.39,theme,2026_02_03,-792.78
376,459,-1,25775.0,25641.0,133.11,target,2026_02_03,266.22
588,590,-1,25567.5,25512.25,54.36,target,2026_02_03,108.72
640,702,-1,25528.0,25650.0,-122.89,eod,2026_02_03,-245.78
209,296,1,25658.0,25700.0,41.11,target,2026_02_04,82.22
306,389,1,25682.75,25567.75,-115.89,theme,2026_02_04,-231.78
428,434,-1,25488.75,25430.0,57.86,target,2026_02_04,115.72
444,445,-1,25425.0,25454.5,-30.39,target,2026_02_04,-60.78
588,589,-1,25107.25,25049.25,57.11,target,2026_02_04,114.22
90,92,1,25348.0,25355.5,6.61,target,2026_02_05,13.22
102,450,1,25355.0,25144.25,-211.64,theme,2026_02_05,-423.28
499,532,-1,25006.0,25003.0,2.11,target,2026_02_05,4.22
543,550,-1,25035.5,25000.0,34.61,target,2026_02_05,69.22
575,576,-1,24984.0,25080.0,-96.89,target,2026_02_05,-193.78
641,644,-1,24903.0,24830.0,72.11,target,2026_02_05,144.22
661,662,-1,24839.5,24817.0,21.61,target,2026_02_05,43.22
896,928,-1,24858.25,24799.75,57.61,target,2026_02_05,115.22
80,376,-1,24567.5,24812.0,-245.39,theme,2026_02_06,-490.78
386,390,1,24835.0,24868.0,32.11,target,2026_02_06,64.22
400,500,1,24907.0,25072.0,164.11,target,2026_02_06,328.22
529,585,1,25027.0,25056.75,28.86,target,2026_02_06,57.72
604,625,1,25032.75,25089.0,55.36,target,2026_02_06,110.72
650,680,1,25086.25,25108.25,21.11,target,2026_02_06,42.22
701,708,1,25065.25,25115.5,49.36,target,2026_02_06,98.72
890,897,1,25292.5,25313.25,19.86,target,2026_02_06,39.72
63,344,1,25525.0,25251.0,-274.89,theme,2026_02_09,-549.78
387,487,-1,25278.5,25196.25,81.36,target,2026_02_09,162.72
498,510,-1,25331.5,25355.0,-24.39,target,2026_02_09,-48.78
753,762,1,25586.25,25588.0,0.86,target,2026_02_09,1.72
204,326,-1,25560.75,25610.75,-50.89,theme,2026_02_10,-101.78
340,374,1,25570.25,25583.75,12.61,target,2026_02_10,25.22
400,434,1,25593.25,25650.75,56.61,target,2026_02_10,113.22
472,473,1,25607.75,25600.0,-8.64,target,2026_02_10,-17.28
550,557,1,25581.5,25604.0,21.61,target,2026_02_10,43.22
568,604,1,25591.75,25529.0,-63.64,theme,2026_02_10,-127.28
614,723,-1,25510.0,25477.0,32.11,eod,2026_02_10,64.22
388,393,1,25580.5,25605.0,23.61,target,2026_02_11,47.22
518,524,-1,25420.0,25380.0,39.11,target,2026_02_11,78.22
536,625,-1,25435.25,25508.0,-73.64,theme,2026_02_11,-147.28
637,732,1,25555.0,25509.0,-46.89,eod,2026_02_11,-93.78
155,179,1,25539.5,25575.25,34.86,target,2026_02_12,69.72
259,268,1,25576.25,25600.0,22.86,target,2026_02_12,45.72
279,295,1,25579.75,25590.0,9.36,target,2026_02_12,18.72
335,342,1,25578.0,25582.5,3.61,target,2026_02_12,7.22
457,465,-1,25105.0,25091.25,12.86,target,2026_02_12,25.72
483,490,-1,25068.25,25088.25,-20.89,target,2026_02_12,-41.78
542,552,-1,25074.75,25039.0,34.86,target,2026_02_12,69.72
565,668,-1,25079.0,25029.75,48.36,target,2026_02_12,96.72
681,685,-1,25027.25,25001.5,24.86,target,2026_02_12,49.72
706,736,-1,25022.5,25042.0,-20.39,eod,2026_02_12,-40.78
61,72,-1,25071.0,25013.0,57.11,target,2026_02_13,114.22
82,87,-1,24993.25,24970.0,22.36,target,2026_02_13,44.72
110,118,-1,25030.75,25016.0,13.86,target,2026_02_13,27.72
192,195,-1,25000.0,24969.0,30.11,target,2026_02_13,60.22
208,214,-1,24997.0,24981.75,14.36,target,2026_02_13,28.72
259,262,-1,24930.75,24923.0,6.86,target,2026_02_13,13.72
293,338,-1,24943.5,24902.0,40.61,target,2026_02_13,81.22
349,356,-1,24958.75,24945.25,12.61,target,2026_02_13,25.22
481,522,-1,24904.75,24870.25,33.61,target,2026_02_13,67.22
538,606,-1,24933.0,24841.5,90.61,target,2026_02_13,181.22
616,618,-1,24930.0,24946.0,-16.89,target,2026_02_13,-33.78
628,629,-1,24983.25,24950.0,32.36,target,2026_02_13,64.72
643,650,1,24976.25,25013.25,36.11,target,2026_02_13,72.22
666,737,1,25040.0,25139.0,98.11,target,2026_02_13,196.22
793,810,1,25160.5,25162.0,0.61,target,2026_02_13,1.22
829,831,1,25175.0,25180.0,4.11,target,2026_02_13,8.22
841,852,1,25166.0,25181.5,14.61,target,2026_02_13,29.22
118,147,-1,25031.5,25019.0,11.61,target,2026_02_16,23.22
320,339,-1,24985.75,24946.5,38.36,target,2026_02_16,76.72
358,360,-1,24910.0,24910.0,-0.89,target,2026_02_16,-1.78
382,406,-1,24956.25,24894.0,61.36,target,2026_02_16,122.72
417,439,-1,24935.75,24966.25,-31.39,eod,2026_02_16,-62.78
197,229,-1,24822.5,24798.25,23.36,target,2026_02_17,46.72
252,457,-1,24803.25,24765.25,37.11,target,2026_02_17,74.22
474,482,-1,24839.25,24797.5,40.86,target,2026_02_17,81.72
574,576,-1,24815.75,24767.5,47.36,target,2026_02_17,94.72
643,755,1,24925.5,25010.75,84.36,target,2026_02_17,168.72
802,805,1,25072.0,25090.0,17.11,target,2026_02_17,34.22
822,905,1,25056.25,24990.0,-67.14,eod,2026_02_17,-134.28
156,212,1,25049.75,25080.75,30.11,target,2026_02_18,60.22
241,251,1,25123.0,25123.0,-0.89,target,2026_02_18,-1.78
288,327,1,25141.0,25170.0,28.11,target,2026_02_18,56.22
559,567,1,25290.0,25325.0,34.11,target,2026_02_18,68.22
579,581,1,25318.0,25331.0,12.11,target,2026_02_18,24.22
592,600,1,25305.75,25326.75,20.11,target,2026_02_18,40.22
611,785,1,25312.0,25150.0,-162.89,eod,2026_02_18,-325.78
66,76,-1,25192.0,25170.0,21.11,target,2026_02_19,42.22
302,336,-1,25075.0,25035.0,39.11,target,2026_02_19,78.22
416,423,-1,25082.75,25054.75,27.11,target,2026_02_19,54.22
448,556,-1,25094.5,25034.0,59.61,target,2026_02_19,119.22
628,631,-1,25021.75,24999.5,21.36,target,2026_02_19,42.72
656,687,-1,25026.25,24997.5,27.86,target,2026_02_19,55.72
710,777,-1,25017.0,25054.75,-38.64,eod,2026_02_19,-77.28
93,150,1,25108.0,25154.0,45.11,target,2026_02_20,90.22
400,409,-1,24988.0,24925.5,61.61,target,2026_02_20,123.22
431,433,-1,25073.5,25062.5,10.11,target,2026_02_20,20.22
536,544,1,25222.5,25246.5,23.11,target,2026_02_20,46.22
582,668,1,25217.5,25328.5,110.11,target,2026_02_20,220.22
709,811,1,25294.0,25304.0,9.11,eod,2026_02_20,18.22
95,100,-1,25103.0,25068.5,33.61,target,2026_02_23,67.22
188,195,-1,25073.75,25055.5,17.36,target,2026_02_23,34.72
214,238,-1,25060.0,25041.0,18.11,target,2026_02_23,36.22
268,498,-1,25052.25,25145.5,-94.14,theme,2026_02_23,-188.28
508,541,1,25157.25,25219.25,61.11,target,2026_02_23,122.22
554,555,1,25120.5,25100.0,-21.39,target,2026_02_23,-42.78
710,917,-1,24952.5,25006.5,-54.89,eod,2026_02_23,-109.78
269,417,1,25078.25,25102.25,23.11,target,2026_02_24,46.22
435,483,1,25059.25,25078.0,17.86,target,2026_02_24,35.72
515,547,1,25070.0,25134.75,63.86,target,2026_02_24,127.72
560,584,1,25093.75,25151.75,57.11,target,2026_02_24,114.22
618,626,1,25200.5,25248.75,47.36,target,2026_02_24,94.72
647,670,1,25231.0,25244.25,12.36,target,2026_02_24,24.72
708,724,1,25275.25,25289.0,12.86,target,2026_02_24,25.72
736,887,1,25258.25,25230.25,-28.89,eod,2026_02_24,-57.78
129,288,1,25305.5,25328.0,21.61,target,2026_02_25,43.22
358,365,1,25355.75,25376.75,20.11,target,2026_02_25,40.22
462,528,1,25522.25,25555.75,32.61,target,2026_02_25,65.22
545,551,1,25549.25,25560.0,9.86,target,2026_02_25,19.72
182,355,-1,25530.5,25600.0,-70.39,theme,2026_02_26,-140.78
365,371,1,25600.25,25612.0,10.86,target,2026_02_26,21.72
439,441,-1,25465.75,25436.25,28.61,target,2026_02_26,57.22
515,555,-1,25235.0,25211.0,23.11,target,2026_02_26,46.22
565,628,-1,25183.25,25121.5,60.86,target,2026_02_26,121.72
647,809,-1,25130.0,25250.0,-120.89,eod,2026_02_26,-241.78
192,248,-1,25057.25,24982.0,74.36,target,2026_03_02,148.72
404,426,-1,24788.0,24755.25,31.86,target,2026_03_02,63.72
461,743,-1,24729.25,25082.5,-354.14,theme,2026_03_02,-708.28
796,805,1,25100.0,25122.5,21.61,target,2026_03_02,43.22
822,823,1,25137.5,25141.25,2.86,target,2026_03_02,5.72
851,864,1,25142.5,25160.0,16.61,target,2026_03_02,33.22
965,970,1,25245.0,25257.75,11.86,target,2026_03_02,23.72
1054,1133,1,25290.75,25224.75,-66.89,eod,2026_03_02,-133.78
166,170,-1,25079.0,25063.75,14.36,target,2026_03_03,28.72
196,225,-1,25073.0,25035.75,36.36,target,2026_03_03,72.72
311,325,-1,24987.75,24956.0,30.86,target,2026_03_03,61.72
447,467,-1,24750.0,24737.5,11.61,target,2026_03_03,23.22
526,527,-1,24680.0,24659.25,19.86,target,2026_03_03,39.72
544,545,-1,24662.0,24680.25,-19.14,target,2026_03_03,-38.28
555,556,-1,24666.0,24659.0,6.11,target,2026_03_03,12.22
586,722,-1,24680.5,24696.0,-16.39,target,2026_03_03,-32.78
828,897,-1,24650.25,24899.25,-249.89,theme,2026_03_03,-499.78
921,985,1,24849.5,24939.0,88.61,target,2026_03_03,177.22
1002,1180,1,25007.25,24927.5,-80.64,eod,2026_03_03,-161.28
176,181,-1,24873.25,24846.25,26.11,target,2026_03_04,52.22
201,212,-1,24866.75,24817.25,48.61,target,2026_03_04,97.22
256,258,-1,24784.0,24778.5,4.61,target,2026_03_04,9.22
270,289,-1,24845.25,24800.0,44.36,target,2026_03_04,88.72
309,333,-1,24790.0,24776.0,13.11,target,2026_03_04,26.22
349,364,-1,24799.0,24764.5,33.61,target,2026_03_04,67.22
392,556,-1,24791.75,24962.0,-171.14,theme,2026_03_04,-342.28
586,610,1,25020.0,25077.5,56.61,target,2026_03_04,113.22
642,664,1,25039.0,25056.75,16.86,target,2026_03_04,33.72
773,797,1,25111.75,25145.25,32.61,target,2026_03_04,65.22
967,982,1,25375.0,25387.0,11.11,target,2026_03_04,22.22
1017,1028,1,25371.0,25402.25,30.36,target,2026_03_04,60.72
93,153,1,25415.0,25291.0,-124.89,theme,2026_03_05,-249.78
171,203,-1,25302.5,25260.0,41.61,target,2026_03_05,83.22
216,549,-1,25256.0,25357.25,-102.14,theme,2026_03_05,-204.28
559,676,1,25355.0,25200.0,-155.89,theme,2026_03_05,-311.78
687,1112,-1,25196.0,25227.25,-32.14,eod,2026_03_05,-64.28
81,134,1,25285.0,25316.75,30.86,target,2026_03_06,61.72
160,199,1,25292.5,25330.0,36.61,target,2026_03_06,73.22
259,300,1,25331.5,25350.0,17.61,target,2026_03_06,35.22
314,409,1,25322.5,25132.0,-191.39,theme,2026_03_06,-382.78
419,469,-1,25178.75,25140.5,37.36,target,2026_03_06,74.72
479,483,-1,25152.5,25152.25,-0.64,target,2026_03_06,-1.28
493,496,-1,25148.25,25132.5,14.86,target,2026_03_06,29.72
509,606,-1,25101.25,25001.25,99.11,target,2026_03_06,198.22
659,672,-1,24854.75,24835.0,18.86,target,2026_03_06,37.72
782,851,-1,25036.0,24986.75,48.36,target,2026_03_06,96.72
946,951,-1,25051.75,25033.25,17.61,target,2026_03_06,35.22
963,971,-1,25041.5,25014.5,26.11,target,2026_03_06,52.22
1051,1096,-1,24865.0,24875.0,-10.89,eod,2026_03_06,-21.78
75,89,-1,24497.5,24463.5,33.11,target,2026_03_09,66.22
101,103,-1,24447.0,24440.0,6.11,target,2026_03_09,12.22
124,136,-1,24436.75,24366.5,69.36,target,2026_03_09,138.72
211,213,-1,24302.0,24280.5,20.61,target,2026_03_09,41.22
259,528,-1,24248.0,24498.0,-250.89,theme,2026_03_09,-501.78
540,947,1,24481.75,24829.25,346.61,target,2026_03_09,693.22
1015,1190,1,24884.0,25001.75,116.86,target,2026_03_09,233.72
1237,1283,1,25170.5,25176.75,5.36,eod,2026_03_09,10.72
73,144,1,25132.0,25159.25,26.36,target,2026_03_10,52.72
197,206,1,25164.0,25190.0,25.11,target,2026_03_10,50.22
228,398,1,25186.5,25196.75,9.36,target,2026_03_10,18.72
522,527,1,25330.0,25336.25,5.36,target,2026_03_10,10.72
562,802,1,25324.75,25136.25,-189.39,theme,2026_03_10,-378.78
817,956,-1,25210.25,25367.75,-158.39,theme,2026_03_10,-316.78
1013,1015,1,25352.25,25371.5,18.36,target,2026_03_10,36.72
61,256,-1,25204.75,25332.0,-128.14,theme,2026_03_11,-256.28
467,766,-1,25174.75,25312.25,-138.39,theme,2026_03_11,-276.78
827,890,1,25211.75,25141.75,-70.89,theme,2026_03_11,-141.78
978,1000,-1,25154.0,25123.5,29.61,target,2026_03_11,59.22
1012,1142,-1,25134.0,25159.0,-25.89,eod,2026_03_11,-51.78
137,252,-1,24978.0,24957.5,19.61,target,2026_03_12,39.22
436,521,-1,24973.0,25044.25,-72.14,theme,2026_03_12,-144.28
532,863,1,25088.0,24936.75,-152.14,theme,2026_03_12,-304.28
873,877,-1,24957.25,24895.0,61.36,target,2026_03_12,122.72
906,921,-1,24875.75,24805.0,69.86,target,2026_03_12,139.72
961,966,-1,24903.75,24853.0,49.86,target,2026_03_12,99.72
1041,1084,-1,24879.75,24837.25,41.61,target,2026_03_12,83.22
1094,1156,-1,24817.0,24796.25,19.86,target,2026_03_12,39.72
1175,1194,-1,24823.25,24802.0,20.36,target,2026_03_12,40.72
87,93,-1,24784.0,24773.75,9.36,target,2026_03_13,18.72
125,279,-1,24830.25,24800.25,29.11,target,2026_03_13,58.22
310,432,1,24834.0,24750.0,-84.89,theme,2026_03_13,-169.78
505,506,-1,24647.75,24647.5,-0.64,target,2026_03_13,-1.28
544,727,-1,24656.25,24855.25,-199.89,theme,2026_03_13,-399.78
748,786,1,24853.75,24931.75,77.11,target,2026_03_13,154.22
796,843,1,24885.0,24938.75,52.86,target,2026_03_13,105.72
873,892,1,24888.25,24941.0,51.86,target,2026_03_13,103.72
1006,1028,-1,24647.75,24634.5,12.36,target,2026_03_13,24.72
1051,1087,-1,24620.0,24602.0,17.11,target,2026_03_13,34.22
1128,1188,-1,24602.0,24586.25,14.86,target,2026_03_13,29.72
1219,1223,-1,24608.0,24583.25,23.86,target,2026_03_13,47.72
1236,1272,-1,24576.75,24560.0,15.86,target,2026_03_13,31.72
104,142,-1,24642.5,24704.75,-63.14,theme,2026_03_16,-126.28
153,181,1,24702.0,24722.5,19.61,target,2026_03_16,39.22
193,196,1,24708.0,24718.75,9.86,target,2026_03_16,19.72
212,231,1,24701.25,24722.75,20.61,target,2026_03_16,41.22
257,332,1,24707.75,24727.25,18.61,target,2026_03_16,37.22
451,458,1,24725.25,24739.75,13.61,target,2026_03_16,27.22
557,608,1,24755.0,24771.0,15.11,target,2026_03_16,30.22
623,624,1,24740.0,24756.25,15.36,target,2026_03_16,30.72
637,643,1,24722.5,24727.5,4.11,target,2026_03_16,8.22
710,780,-1,24721.75,24817.0,-96.14,theme,2026_03_16,-192.28
811,817,1,24800.75,24836.25,34.61,target,2026_03_16,69.22
898,902,1,24872.0,24884.0,11.11,target,2026_03_16,22.22
914,931,1,24870.0,24863.25,-7.64,target,2026_03_16,-15.28
956,957,1,24906.25,24931.5,24.36,target,2026_03_16,48.72
993,1035,1,24901.75,24917.0,14.36,target,2026_03_16,28.72
1074,1141,1,24915.5,24933.5,17.11,target,2026_03_16,34.22
1152,1245,1,24925.75,24946.5,19.86,target,2026_03_16,39.72
1267,1270,1,24906.5,25001.25,93.86,target,2026_03_16,187.72
1353,1379,-1,24867.0,24873.25,-7.14,eod,2026_03_16,-14.28
92,143,-1,24854.5,24838.25,15.36,target,2026_03_17,30.72
158,161,-1,24855.0,24840.0,14.11,target,2026_03_17,28.22
195,199,-1,24830.25,24824.5,4.86,target,2026_03_17,9.72
213,223,-1,24836.0,24817.0,18.11,target,2026_03_17,36.22
238,247,-1,24835.5,24817.75,16.86,target,2026_03_17,33.72
273,291,-1,24825.75,24809.5,15.36,target,2026_03_17,30.72
381,468,-1,24810.5,24784.5,25.11,target,2026_03_17,50.22
611,636,-1,24763.75,24745.25,17.61,target,2026_03_17,35.22
648,653,-1,24788.0,24759.5,27.61,target,2026_03_17,55.22
664,725,-1,24782.25,24833.0,-51.64,theme,2026_03_17,-103.28
837,845,1,24815.75,24846.25,29.61,target,2026_03_17,59.22
961,1379,1,25086.75,25027.0,-60.64,eod,2026_03_17,-121.28
631,654,1,25167.75,25175.25,6.61,target,2026_03_18,13.22
715,735,1,25174.0,25183.25,8.36,target,2026_03_18,16.72
915,917,-1,24899.25,24884.5,13.86,target,2026_03_18,27.72
979,983,-1,24906.0,24891.5,13.61,target,2026_03_18,27.22
1029,1115,-1,24922.0,24853.0,68.11,target,2026_03_18,136.22
1125,1142,-1,24852.0,24814.0,37.11,target,2026_03_18,74.22
1178,1233,-1,24862.5,24821.25,40.36,target,2026_03_18,80.72
61,552,-1,24592.5,24571.5,20.11,target,2026_03_19,40.22
562,571,-1,24613.0,24592.0,20.11,target,2026_03_19,40.22
589,596,-1,24586.25,24555.5,29.86,target,2026_03_19,59.72
615,620,-1,24578.25,24571.5,5.86,target,2026_03_19,11.72
664,672,-1,24577.75,24559.75,17.11,target,2026_03_19,34.22
704,816,-1,24558.75,24515.75,42.11,target,2026_03_19,84.22
834,842,-1,24540.0,24510.5,28.61,target,2026_03_19,57.22
852,860,-1,24543.75,24500.75,42.11,target,2026_03_19,84.22
921,924,-1,24484.75,24432.25,51.61,target,2026_03_19,103.22
953,982,-1,24485.25,24446.25,38.11,target,2026_03_19,76.22
1004,1006,-1,24471.25,24459.5,10.86,target,2026_03_19,21.72
1016,1045,-1,24475.0,24459.25,14.86,target,2026_03_19,29.72
1072,1147,-1,24426.0,24422.75,2.36,target,2026_03_19,4.72
1161,1277,-1,24421.75,24647.75,-226.89,theme,2026_03_19,-453.78
1289,1379,1,24588.25,24617.0,27.86,eod,2026_03_19,55.72
193,227,1,24927.0,24948.75,20.86,target,2026_03_20,41.72
239,292,1,24913.5,24933.25,18.86,target,2026_03_20,37.72
498,974,-1,24872.0,24546.0,325.11,target,2026_03_20,650.22
987,1015,-1,24568.5,24532.25,35.36,target,2026_03_20,70.72
1025,1174,-1,24551.0,24501.25,48.86,target,2026_03_20,97.72
1184,1224,-1,24486.25,24429.25,56.11,target,2026_03_20,112.22
1263,1267,-1,24409.75,24381.25,27.61,target,2026_03_20,55.22
1315,1379,-1,24360.5,24512.75,-153.14,eod,2026_03_20,-306.28
87,94,-1,24042.0,24031.75,9.36,target,2026_03_22,18.72
104,106,-1,24038.25,24013.0,24.36,target,2026_03_22,48.72
116,160,-1,23988.5,23966.25,21.36,target,2026_03_22,42.72
189,351,-1,23995.75,23967.75,27.11,target,2026_03_22,54.22
379,454,-1,23974.5,23944.5,29.11,target,2026_03_22,58.22
465,469,-1,23965.0,23946.75,17.36,target,2026_03_22,34.72
479,486,-1,23968.0,23942.75,24.36,target,2026_03_22,48.72
83,133,1,24344.0,24362.25,17.36,target,2026_03_23,34.72
159,189,1,24270.0,24291.5,20.61,target,2026_03_23,41.22
212,466,1,24334.0,24255.0,-79.89,theme,2026_03_23,-159.78
479,486,-1,24263.75,24238.5,24.36,target,2026_03_23,48.72
556,563,-1,24176.75,24115.25,60.61,target,2026_03_23,121.22
589,596,-1,24167.25,24130.5,35.86,target,2026_03_23,71.72
606,697,-1,24167.5,24149.75,16.86,target,2026_03_23,33.72
709,747,-1,24170.5,24158.75,10.86,target,2026_03_23,21.72
882,883,1,24788.75,24841.75,52.11,target,2026_03_23,104.22
909,951,1,24869.0,24869.75,-0.14,target,2026_03_23,-0.28
968,974,1,24877.0,24915.75,37.86,target,2026_03_23,75.72
992,1032,1,24920.25,24975.75,54.61,target,2026_03_23,109.22
1042,1043,1,24924.25,24946.0,20.86,target,2026_03_23,41.72
104,135,-1,24764.25,24665.5,97.86,target,2026_03_24,195.72
147,571,-1,24676.25,24756.25,-80.89,theme,2026_03_24,-161.78
588,601,1,24746.25,24772.75,25.61,target,2026_03_24,51.22
622,912,1,24719.0,24551.75,-168.14,theme,2026_03_24,-336.28
927,1345,-1,24548.75,24785.0,-237.14,theme,2026_03_24,-474.28
1365,1379,1,24725.25,24699.25,-26.89,eod,2026_03_24,-53.78
71,135,1,24716.75,24738.75,21.11,target,2026_03_25,42.22
173,429,1,24752.75,24717.0,-36.64,theme,2026_03_25,-73.28
539,623,-1,24661.0,24810.0,-149.89,theme,2026_03_25,-299.78
648,817,1,24783.75,24800.5,15.86,target,2026_03_25,31.72
830,831,1,24760.0,24752.5,-8.39,target,2026_03_25,-16.78
912,936,1,24760.5,24775.5,14.11,target,2026_03_25,28.22
947,981,1,24741.0,24774.25,32.36,target,2026_03_25,64.72
1033,1038,-1,24689.0,24587.25,100.86,target,2026_03_25,201.72
1048,1379,-1,24684.25,24664.0,19.36,eod,2026_03_25,38.72
193,269,-1,24654.0,24616.0,37.11,target,2026_03_26,74.22
384,416,-1,24655.5,24613.75,40.86,target,2026_03_26,81.72
513,546,-1,24575.25,24555.5,18.86,target,2026_03_26,37.72
565,573,-1,24560.0,24534.5,24.61,target,2026_03_26,49.22
589,614,-1,24564.25,24514.25,49.11,target,2026_03_26,98.22
728,760,-1,24470.5,24455.5,14.11,target,2026_03_26,28.22
780,782,-1,24473.5,24458.75,13.86,target,2026_03_26,27.72
792,801,-1,24467.75,24452.0,14.86,target,2026_03_26,29.72
813,817,-1,24438.25,24429.5,7.86,target,2026_03_26,15.72
903,931,-1,24413.25,24402.5,9.86,target,2026_03_26,19.72
1077,1092,-1,24384.75,24354.25,29.61,target,2026_03_26,59.22
1253,1264,-1,24179.75,24158.5,20.36,target,2026_03_26,40.72
188,355,-1,24127.0,24186.75,-60.64,theme,2026_03_27,-121.28
515,647,1,24218.75,24084.75,-134.89,theme,2026_03_27,-269.78
695,701,-1,24094.75,24067.75,26.11,target,2026_03_27,52.22
855,876,-1,23925.75,23913.25,11.61,target,2026_03_27,23.22
920,933,-1,23908.0,23902.75,4.36,target,2026_03_27,8.72
950,951,-1,23911.0,23866.25,43.86,target,2026_03_27,87.72
984,990,-1,23787.25,23773.0,13.36,target,2026_03_27,26.72
1012,1015,-1,23808.5,23786.25,21.36,target,2026_03_27,42.72
1027,1029,-1,23816.5,23818.5,-2.89,target,2026_03_27,-5.78
1097,1107,-1,23791.5,23776.25,14.36,target,2026_03_27,28.72
1125,1141,-1,23770.25,23754.5,14.86,target,2026_03_27,29.72
1151,1154,-1,23768.25,23753.5,13.86,target,2026_03_27,27.72
1246,1247,-1,23660.25,23652.25,7.11,target,2026_03_27,14.22
1276,1301,-1,23631.0,23610.75,19.36,target,2026_03_27,38.72
1321,1335,-1,23587.25,23575.5,10.86,target,2026_03_27,21.72
68,87,-1,23179.75,23165.0,13.86,target,2026_03_29,27.72
142,143,-1,23218.25,23209.5,7.86,target,2026_03_29,15.72
184,185,-1,23169.5,23151.0,17.61,target,2026_03_29,35.22
195,435,-1,23161.5,23336.0,-175.39,theme,2026_03_29,-350.78
466,472,1,23340.5,23353.5,12.11,target,2026_03_29,24.22
496,499,1,23356.25,23365.75,8.61,target,2026_03_29,17.22
64,140,1,23511.75,23533.5,20.86,target,2026_03_30,41.72
152,284,1,23518.0,23532.0,13.11,target,2026_03_30,26.22
466,472,1,23636.25,23649.25,12.11,target,2026_03_30,24.22
496,499,1,23652.0,23661.5,8.61,target,2026_03_30,17.22
604,605,1,23681.75,23699.0,16.36,target,2026_03_30,32.72
678,782,1,23712.5,23722.5,9.11,target,2026_03_30,18.22
793,798,1,23723.75,23740.5,15.86,target,2026_03_30,31.72
828,859,1,23760.0,23777.25,16.36,target,2026_03_30,32.72
1009,1011,-1,23624.25,23606.25,17.11,target,2026_03_30,34.22
1097,1109,-1,23608.25,23571.75,35.61,target,2026_03_30,71.22
1121,1136,-1,23596.0,23577.0,18.11,target,2026_03_30,36.22
1222,1226,-1,23492.0,23470.75,20.36,target,2026_03_30,40.72
1299,1379,-1,23349.75,23401.75,-52.89,eod,2026_03_30,-105.78
129,132,-1,23344.75,23322.75,21.11,target,2026_03_31,42.22
158,235,-1,23310.25,23655.25,-345.89,theme,2026_03_31,-691.78
319,779,1,23657.25,23581.5,-76.64,theme,2026_03_31,-153.28
795,841,-1,23629.75,23670.5,-41.64,theme,2026_03_31,-83.28
854,860,1,23648.5,23676.5,27.11,target,2026_03_31,54.22
901,932,1,23672.75,23729.0,55.36,target,2026_03_31,110.72
999,1001,1,23807.75,23812.75,4.11,target,2026_03_31,8.22
1055,1088,1,23788.75,23823.5,33.86,target,2026_03_31,67.72
1102,1105,1,23831.0,23858.5,26.61,target,2026_03_31,53.22
1170,1172,1,24101.0,24129.75,27.86,target,2026_03_31,55.72
1182,1192,1,24089.75,24098.25,7.61,target,2026_03_31,15.22
1228,1238,1,24106.75,24152.5,44.86,target,2026_03_31,89.72
1270,1271,1,24141.25,24172.0,29.86,target,2026_03_31,59.72
1368,1379,1,24208.75,24200.5,-9.14,eod,2026_03_31,-18.28
139,435,1,24315.5,24338.75,22.36,target,2026_04_01,44.72
556,575,1,24442.25,24452.5,9.36,target,2026_04_01,18.72
650,784,1,24383.5,24437.25,52.86,target,2026_04_01,105.72
856,885,1,24468.25,24478.75,9.61,target,2026_04_01,19.22
945,946,1,24391.5,24381.5,-10.89,target,2026_04_01,-21.78
997,999,1,24441.0,24469.5,27.61,target,2026_04_01,55.22
1052,1056,1,24555.75,24573.0,16.36,target,2026_04_01,32.72
1177,1180,1,24610.5,24617.0,5.61,target,2026_04_01,11.22
139,147,-1,24469.25,24459.75,8.61,target,2026_04_02,17.22
157,184,-1,24470.5,24429.75,39.86,target,2026_04_02,79.72
288,303,-1,24169.0,24152.75,15.36,target,2026_04_02,30.72
318,338,-1,24172.5,24151.5,20.11,target,2026_04_02,40.22
379,389,-1,24126.5,24111.25,14.36,target,2026_04_02,28.72
424,442,-1,24112.25,24097.0,14.36,target,2026_04_02,28.72
453,454,-1,24111.25,24090.25,20.11,target,2026_04_02,40.22
511,796,-1,24080.25,24047.5,31.86,target,2026_04_02,63.72
856,1000,-1,23984.5,24506.5,-522.89,theme,2026_04_02,-1045.78
1013,1018,1,24435.0,24486.5,50.61,target,2026_04_02,101.22
1029,1032,1,24443.75,24484.5,39.86,target,2026_04_02,79.72
1044,1049,1,24430.75,24493.25,61.61,target,2026_04_02,123.22
1064,1311,1,24464.25,24483.75,18.61,target,2026_04_02,37.22
1321,1379,1,24513.75,24515.5,0.86,eod,2026_04_02,1.72
64,121,1,24493.25,24523.5,29.36,target,2026_04_03,58.72
347,914,-1,24462.0,24428.0,33.11,eod,2026_04_03,66.22
105,428,-1,24069.75,24258.0,-189.14,theme,2026_04_05,-378.28
512,531,1,24232.0,24256.5,23.61,target,2026_04_05,47.22
73,75,1,24343.75,24365.5,20.86,target,2026_04_06,41.72
106,115,1,24369.0,24376.0,6.11,target,2026_04_06,12.22
512,531,1,24527.75,24552.25,23.61,target,2026_04_06,47.22
562,583,1,24543.75,24575.25,30.61,target,2026_04_06,61.22
661,666,1,24670.75,24680.0,8.36,target,2026_04_06,16.72
967,970,1,24595.25,24613.0,16.86,target,2026_04_06,33.72
980,1056,1,24664.5,24575.0,-90.39,theme,2026_04_06,-180.78
1074,1083,-1,24622.5,24602.5,19.11,target,2026_04_06,38.22
1167,1195,-1,24587.5,24568.0,18.61,target,2026_04_06,37.22
1221,1258,-1,24622.75,24644.75,-22.89,theme,2026_04_06,-45.78
1272,1306,1,24634.25,24648.25,13.11,target,2026_04_06,26.22
1329,1379,1,24643.5,24645.5,1.1099999999999999,eod,2026_04_06,2.2199999999999998
182,191,-1,24586.5,24559.25,26.36,target,2026_04_07,52.72
375,617,-1,24499.5,24621.0,-122.39,theme,2026_04_07,-244.78
630,636,1,24634.75,24668.25,32.61,target,2026_04_07,65.22
651,671,1,24651.25,24675.25,23.11,target,2026_04_07,46.22
948,959,-1,24456.25,24441.5,13.86,target,2026_04_07,27.72
1055,1060,-1,24367.0,24351.75,14.36,target,2026_04_07,28.72
1289,1306,1,24524.25,24623.5,98.36,target,2026_04_07,196.72
1316,1322,1,24634.25,24678.75,43.61,target,2026_04_07,87.22
151,167,1,25329.25,25370.5,40.36,target,2026_04_08,80.72
182,188,1,25378.0,25388.5,9.61,target,2026_04_08,19.22
202,212,1,25352.25,25369.75,16.61,target,2026_04_08,33.22
322,363,1,25399.5,25410.0,9.61,target,2026_04_08,19.22
509,658,1,25470.0,25492.75,21.86,target,2026_04_08,43.72
706,711,1,25485.0,25509.0,23.11,target,2026_04_08,46.22
771,809,1,25504.5,25523.75,18.36,target,2026_04_08,36.72
838,843,1,25505.5,25526.5,20.11,target,2026_04_08,40.22
863,888,1,25474.75,25506.0,30.36,target,2026_04_08,60.72
920,926,1,25507.25,25518.0,9.86,target,2026_04_08,19.72
964,1379,-1,25377.0,25334.5,41.61,eod,2026_04_08,83.22
160,174,-1,25320.5,25305.75,13.86,target,2026_04_09,27.72
233,431,-1,25311.0,25291.25,18.86,target,2026_04_09,37.72
841,1054,1,25332.0,25431.25,98.36,target,2026_04_09,196.72
1123,1154,1,25480.0,25525.5,44.61,target,2026_04_09,89.22
1261,1262,1,25480.0,25492.25,11.36,target,2026_04_09,22.72
1328,1354,1,25520.25,25548.25,27.11,target,2026_04_09,54.22
109,159,1,25523.5,25542.75,18.36,target,2026_04_10,36.72
682,685,-1,25537.75,25525.5,11.36,target,2026_04_10,22.72
946,949,1,25629.5,25636.5,6.11,target,2026_04_10,12.22
964,975,1,25586.5,25618.25,30.86,target,2026_04_10,61.72
1005,1013,1,25616.75,25637.5,19.86,target,2026_04_10,39.72
1023,1033,1,25645.25,25660.25,14.11,target,2026_04_10,28.22
1050,1171,1,25643.5,25531.25,-113.14,theme,2026_04_10,-226.28
1186,1379,-1,25552.0,25628.75,-77.64,eod,2026_04_10,-155.28
61,62,-1,24949.0,24942.75,5.36,target,2026_04_12,10.72
116,122,-1,24974.5,24953.0,20.61,target,2026_04_12,41.22
124,130,1,25253.0,25284.25,30.36,target,2026_04_13,60.72
226,231,1,25360.0,25373.5,12.61,target,2026_04_13,25.22
254,286,1,25357.5,25370.75,12.36,target,2026_04_13,24.72
309,416,1,25361.0,25387.25,25.36,target,2026_04_13,50.72
453,481,1,25369.25,25383.0,12.86,target,2026_04_13,25.72
576,603,1,25402.5,25423.0,19.61,target,2026_04_13,39.22
614,666,1,25411.5,25418.25,5.86,target,2026_04_13,11.72
710,767,1,25409.25,25421.0,10.86,target,2026_04_13,21.72
818,826,1,25407.0,25418.75,10.86,target,2026_04_13,21.72
949,950,1,25510.5,25566.75,55.36,target,2026_04_13,110.72
1066,1087,1,25614.5,25622.75,7.36,target,2026_04_13,14.72
1201,1245,1,25709.25,25719.5,9.36,target,2026_04_13,18.72
165,546,1,25888.0,25916.75,27.86,target,2026_04_14,55.72
592,616,1,25917.5,25934.5,16.11,target,2026_04_14,32.22
874,881,1,25967.0,25979.0,11.11,target,2026_04_14,22.22
895,931,1,25964.0,25984.75,19.86,target,2026_04_14,39.72
1032,1041,1,26079.75,26113.75,33.11,target,2026_04_14,66.22
1306,1317,1,26270.75,26283.75,12.11,target,2026_04_14,24.22
123,192,1,26307.0,26325.75,17.86,target,2026_04_15,35.72
256,436,1,26322.5,26303.25,-20.14,theme,2026_04_15,-40.28
564,667,-1,26281.75,26307.25,-26.39,theme,2026_04_15,-52.78
862,926,-1,26270.0,26315.75,-46.64,theme,2026_04_15,-93.28
946,947,1,26306.25,26314.25,7.11,target,2026_04_15,14.22
1171,1177,1,26491.0,26514.0,22.11,target,2026_04_15,44.22
1187,1203,1,26488.0,26505.0,16.11,target,2026_04_15,32.22
1334,1344,1,26634.75,26647.5,11.86,target,2026_04_15,23.72
258,284,1,26738.0,26752.5,13.61,target,2026_04_16,27.22
296,306,1,26740.0,26753.25,12.36,target,2026_04_16,24.72
330,526,1,26742.5,26773.5,30.11,target,2026_04_16,60.22
545,578,1,26766.5,26777.5,10.11,target,2026_04_16,20.22
595,781,1,26759.5,26705.75,-54.64,theme,2026_04_16,-109.28
885,895,-1,26709.75,26691.75,17.11,target,2026_04_16,34.22
905,913,-1,26714.5,26703.0,10.61,target,2026_04_16,21.22
924,931,-1,26696.25,26691.5,3.86,target,2026_04_16,7.72
947,951,-1,26677.5,26655.25,21.36,target,2026_04_16,42.72
970,979,-1,26642.25,26634.75,6.61,target,2026_04_16,13.22
990,1075,-1,26648.0,26797.25,-150.14,theme,2026_04_16,-300.28
1116,1117,1,26763.75,26781.5,16.86,target,2026_04_16,33.72
1187,1379,1,26795.75,26760.5,-36.14,eod,2026_04_16,-72.28
938,952,1,27009.75,27028.5,17.86,target,2026_04_17,35.72
992,1000,1,27064.5,27102.0,36.61,target,2026_04_17,73.22
1036,1038,1,27130.75,27141.0,9.36,target,2026_04_17,18.72
1066,1070,1,27130.25,27125.0,-6.14,target,2026_04_17,-12.28
1138,1144,1,27154.75,27168.75,13.11,target,2026_04_17,26.22
1367,1374,1,27127.75,27137.75,9.11,target,2026_04_17,18.22
103,121,-1,26651.75,26642.0,8.86,target,2026_04_19,17.72
133,134,-1,26634.0,26623.75,9.36,target,2026_04_19,18.72
148,466,-1,26647.0,26626.0,20.11,target,2026_04_19,40.22
77,182,1,26953.5,26969.0,14.61,target,2026_04_20,29.22
330,483,1,26988.0,26947.5,-41.39,theme,2026_04_20,-82.78
631,692,-1,26961.75,27003.0,-42.14,theme,2026_04_20,-84.28
754,813,1,26995.5,26986.75,-9.64,target,2026_04_20,-19.28
852,859,1,27002.0,27017.0,14.11,target,2026_04_20,28.22
941,949,1,27045.5,27027.75,-18.64,target,2026_04_20,-37.28
963,1355,1,27064.75,27080.5,14.86,target,2026_04_20,29.72
91,127,1,27093.25,27101.5,7.36,target,2026_04_21,14.72
154,168,1,27088.0,27118.75,29.86,target,2026_04_21,59.72
232,425,1,27116.0,27128.0,11.11,target,2026_04_21,22.22
682,760,-1,27112.75,27156.25,-44.39,theme,2026_04_21,-88.78
798,811,1,27154.5,27175.75,20.36,target,2026_04_21,40.72
843,930,1,27165.25,27103.75,-62.39,theme,2026_04_21,-124.78
946,1020,-1,27050.5,27033.25,16.36,target,2026_04_21,32.72
1032,1037,-1,27056.0,27047.25,7.86,target,2026_04_21,15.72
1047,1125,-1,27020.5,26977.25,42.36,target,2026_04_21,84.72
1136,1140,-1,26981.5,26966.75,13.86,target,2026_04_21,27.72
1175,1303,-1,26957.5,26911.75,44.86,target,2026_04_21,89.72
1333,1336,-1,27061.75,27035.75,25.11,target,2026_04_21,50.22
292,437,1,27113.25,27114.75,0.61,target,2026_04_22,1.22
560,563,1,27126.0,27135.25,8.36,target,2026_04_22,16.72
608,707,1,27134.0,27153.25,18.36,target,2026_04_22,36.72
774,842,1,27126.25,27144.25,17.11,target,2026_04_22,34.22
873,875,1,27158.75,27165.25,5.61,target,2026_04_22,11.22
891,910,1,27123.75,27135.25,10.61,target,2026_04_22,21.22
936,962,1,27119.0,27192.0,72.11,target,2026_04_22,144.22
1024,1042,1,27251.0,27285.75,33.86,target,2026_04_22,67.72
1066,1070,1,27270.5,27292.0,20.61,target,2026_04_22,41.22
1082,1084,1,27269.5,27282.25,11.86,target,2026_04_22,23.72
1101,1146,1,27279.5,27292.25,11.86,target,2026_04_22,23.72
1189,1192,1,27326.0,27339.25,12.36,target,2026_04_22,24.72
1212,1280,1,27324.0,27346.25,21.36,target,2026_04_22,42.72
71,236,1,27385.0,27295.5,-90.39,theme,2026_04_23,-180.78
361,367,-1,27199.75,27190.0,8.86,target,2026_04_23,17.72
469,664,-1,27253.25,27209.0,43.36,target,2026_04_23,86.72
871,941,1,27331.75,27352.5,19.86,target,2026_04_23,39.72
959,992,1,27320.25,27332.25,11.11,target,2026_04_23,22.22
1068,1115,1,27396.25,27403.75,6.61,target,2026_04_23,13.22
1125,1126,1,27397.25,27402.75,4.61,target,2026_04_23,9.22
1137,1201,1,27397.75,27167.75,-230.89,theme,2026_04_23,-461.78
1269,1296,-1,27191.5,27172.0,18.61,target,2026_04_23,37.22
215,229,1,27404.0,27416.25,11.36,target,2026_04_24,22.72
239,620,1,27417.0,27425.5,7.61,target,2026_04_24,15.22
636,649,1,27393.5,27398.25,3.86,target,2026_04_24,7.72
690,701,1,27390.5,27405.25,13.86,target,2026_04_24,27.72
839,841,1,27572.25,27579.75,6.61,target,2026_04_24,13.22
985,1007,1,27529.25,27568.25,38.11,target,2026_04_24,76.22
1159,1194,1,27691.75,27721.25,28.61,target,2026_04_24,57.22
1208,1270,1,27715.25,27728.0,11.86,target,2026_04_24,23.72
1288,1315,1,27721.25,27736.5,14.36,target,2026_04_24,28.72
1341,1354,1,27718.75,27738.75,19.11,target,2026_04_24,38.22
124,416,-1,27397.0,27518.75,-122.64,theme,2026_04_26,-245.28
310,399,1,27814.5,27831.25,15.86,target,2026_04_27,31.72
419,567,1,27814.0,27720.0,-94.89,theme,2026_04_27,-189.78
590,604,-1,27716.0,27707.75,7.36,target,2026_04_27,14.72
640,867,-1,27721.0,27702.75,17.36,target,2026_04_27,34.72
957,968,-1,27681.5,27678.75,1.8599999999999999,target,2026_04_27,3.7199999999999998
984,991,-1,27660.5,27637.75,21.86,target,2026_04_27,43.72
1003,1015,-1,27657.25,27655.75,0.61,target,2026_04_27,1.22
1030,1042,-1,27652.25,27615.75,35.61,target,2026_04_27,71.22
1052,1293,-1,27644.0,27730.0,-86.89,theme,2026_04_27,-173.78
143,308,1,27784.25,27695.0,-90.14,theme,2026_04_28,-180.28
374,570,-1,27720.75,27624.5,95.36,target,2026_04_28,190.72
581,602,-1,27639.75,27619.75,19.11,target,2026_04_28,38.22
675,685,-1,27638.75,27616.5,21.36,target,2026_04_28,42.72
752,755,-1,27568.75,27565.25,2.61,target,2026_04_28,5.22
856,860,-1,27396.75,27369.5,26.36,target,2026_04_28,52.72
883,932,-1,27382.75,27380.5,1.3599999999999999,target,2026_04_28,2.7199999999999998
992,995,-1,27456.75,27440.75,15.11,target,2026_04_28,30.22
1006,1011,-1,27377.5,27322.75,53.86,target,2026_04_28,107.72
1022,1026,-1,27385.75,27369.25,15.61,target,2026_04_28,31.22
1036,1046,-1,27370.5,27334.0,35.61,target,2026_04_28,71.22
1061,1066,-1,27337.25,27335.5,0.86,target,2026_04_28,1.72
1089,1113,-1,27364.5,27352.75,10.86,target,2026_04_28,21.72
1129,1131,-1,27354.0,27344.0,9.11,target,2026_04_28,18.22
1142,1144,-1,27380.0,27356.0,23.11,target,2026_04_28,46.22
1157,1264,-1,27353.25,27495.5,-143.14,theme,2026_04_28,-286.28
1284,1379,1,27485.75,27486.75,0.10999999999999999,eod,2026_04_28,0.21999999999999997
288,307,1,27554.75,27579.75,24.11,target,2026_04_29,48.22
714,872,-1,27540.0,27509.0,30.11,target,2026_04_29,60.22
885,924,-1,27536.75,27499.75,36.11,target,2026_04_29,72.22
947,1115,-1,27464.5,27461.25,2.36,target,2026_04_29,4.72
1144,1286,-1,27467.75,27614.0,-147.14,theme,2026_04_29,-294.28
1296,1320,1,27571.5,27632.25,59.86,target,2026_04_29,119.72
79,91,1,27760.0,27778.25,17.36,target,2026_04_30,34.72
185,214,1,27874.25,27886.75,11.61,target,2026_04_30,23.22
241,420,1,27880.0,27529.25,-351.64,theme,2026_04_30,-703.28
433,480,-1,27592.0,27519.75,71.36,target,2026_04_30,142.72
490,744,-1,27503.5,27704.25,-201.64,theme,2026_04_30,-403.28
766,790,1,27686.25,27708.0,20.86,target,2026_04_30,41.72
841,849,1,27743.0,27757.25,13.36,target,2026_04_30,26.72
886,889,1,27791.5,27801.0,8.61,target,2026_04_30,17.22
916,1011,1,27799.5,27582.75,-217.64,theme,2026_04_30,-435.28
1074,1136,-1,27692.5,27653.75,37.86,target,2026_04_30,75.72
1231,1236,1,27865.75,27876.5,9.86,target,2026_04_30,19.72
1261,1267,1,27854.75,27871.0,15.36,target,2026_04_30,30.72
1327,1336,1,27881.75,27892.0,9.36,target,2026_04_30,18.72
1353,1354,1,27898.5,27900.75,1.3599999999999999,target,2026_04_30,2.7199999999999998
1366,1371,1,27885.0,27892.75,6.86,target,2026_04_30,13.72
96,141,1,27915.75,27928.5,11.86,target,2026_05_01,23.72
511,938,-1,27904.25,28040.25,-136.89,theme,2026_05_01,-273.78
999,1041,1,28087.25,28156.0,67.86,target,2026_05_01,135.72
1073,1077,1,28171.0,28195.75,23.86,target,2026_05_01,47.72
1094,1098,1,28149.25,28161.75,11.61,target,2026_05_01,23.22
1155,1290,1,28152.0,28191.75,38.86,target,2026_05_01,77.72
1300,1379,1,28172.75,28078.5,-95.14,eod,2026_05_01,-190.28
107,121,-1,27828.25,27817.25,10.11,target,2026_05_03,20.22
449,539,1,27938.75,27896.25,-43.39,eod,2026_05_03,-86.78
127,170,1,28146.5,28169.5,22.11,target,2026_05_04,44.22
211,212,1,28178.5,28192.25,12.86,target,2026_05_04,25.72
258,286,1,28194.25,28212.75,17.61,target,2026_05_04,35.22
331,373,1,28226.25,28236.0,8.86,target,2026_05_04,17.72
634,720,-1,28191.25,28186.5,3.86,target,2026_05_04,7.72
820,1088,-1,28085.5,27952.75,131.86,target,2026_05_04,263.72
1101,1379,-1,28016.75,28039.25,-23.39,eod,2026_05_04,-46.78
77,112,-1,28051.5,28033.5,17.11,target,2026_05_05,34.22
140,171,1,28057.25,28081.75,23.61,target,2026_05_05,47.22
185,691,1,28075.25,28240.25,164.11,target,2026_05_05,328.22
783,823,1,28215.25,28233.25,17.11,target,2026_05_05,34.22
978,983,1,28376.5,28390.0,12.61,target,2026_05_05,25.22
1008,1009,1,28377.75,28396.0,17.36,target,2026_05_05,34.72
1021,1024,1,28388.0,28403.75,14.86,target,2026_05_05,29.72
1110,1136,1,28411.5,28428.75,16.36,target,2026_05_05,32.72
1157,1171,1,28422.5,28440.0,16.61,target,2026_05_05,33.22
1291,1344,1,28461.5,28479.75,17.36,target,2026_05_05,34.72
91,651,1,28650.75,28710.0,58.36,target,2026_05_06,116.72
814,818,1,28874.0,28898.5,23.61,target,2026_05_06,47.22
1118,1124,1,28858.75,28869.75,10.11,target,2026_05_06,20.22
68,122,1,28972.25,28978.75,5.61,target,2026_05_07,11.22
494,502,1,28998.25,29011.5,12.36,target,2026_05_07,24.72
614,956,1,29066.25,29085.25,18.11,target,2026_05_07,36.22
1029,1031,1,29170.75,29173.5,1.8599999999999999,target,2026_05_07,3.7199999999999998
1183,1379,-1,28953.25,28938.75,13.61,eod,2026_05_07,27.22
64,175,-1,28916.5,29022.5,-106.89,theme,2026_05_08,-213.78
301,356,1,29044.0,29068.25,23.36,target,2026_05_08,46.72
529,531,1,29114.25,29125.75,10.61,target,2026_05_08,21.22
546,555,1,29111.75,29106.25,-6.39,target,2026_05_08,-12.78
574,586,1,29114.25,29121.25,6.11,target,2026_05_08,12.22
710,738,1,29141.5,29161.25,18.86,target,2026_05_08,37.72
902,937,1,29221.25,29278.25,56.11,target,2026_05_08,112.22
1041,1042,1,29454.75,29479.5,23.86,target,2026_05_08,47.72
1081,1082,1,29496.0,29506.0,9.11,target,2026_05_08,18.22
1126,1134,1,29508.5,29537.5,28.11,target,2026_05_08,56.22
1187,1310,1,29589.25,29601.25,11.11,target,2026_05_08,22.22
124,173,-1,29331.5,29286.25,44.36,target,2026_05_10,88.72
194,512,-1,29288.75,29340.75,-52.89,theme,2026_05_10,-105.78
169,563,1,29666.25,29599.25,-67.89,theme,2026_05_11,-135.78
646,795,-1,29588.5,29638.0,-50.39,theme,2026_05_11,-100.78
828,899,1,29636.5,29588.5,-48.89,theme,2026_05_11,-97.78
1010,1015,1,29676.25,29705.5,28.36,target,2026_05_11,56.72
1036,1045,1,29673.75,29702.0,27.36,target,2026_05_11,54.72
1117,1379,1,29752.75,29694.5,-59.14,eod,2026_05_11,-118.28
160,197,-1,29668.5,29636.5,31.11,target,2026_05_12,62.22
207,220,-1,29620.0,29555.75,63.36,target,2026_05_12,126.72
250,277,-1,29615.0,29611.75,2.36,target,2026_05_12,4.72
340,412,-1,29636.25,29605.75,29.61,target,2026_05_12,59.22
427,504,-1,29593.75,29554.25,38.61,target,2026_05_12,77.22
661,670,-1,29502.0,29488.5,12.61,target,2026_05_12,25.22
687,782,-1,29509.25,29476.0,32.36,target,2026_05_12,64.72
873,959,-1,29435.5,29429.75,4.86,target,2026_05_12,9.72
970,971,-1,29433.0,29427.0,5.11,target,2026_05_12,10.22
982,987,-1,29485.25,29440.5,43.86,target,2026_05_12,87.72
1068,1076,-1,29212.25,29170.75,40.61,target,2026_05_12,81.22
1096,1101,-1,29185.25,29176.75,7.61,target,2026_05_12,15.22
201,226,1,29469.0,29527.5,57.61,target,2026_05_13,115.22
248,267,1,29500.5,29532.25,30.86,target,2026_05_13,61.72
466,487,1,29588.75,29603.75,14.11,target,2026_05_13,28.22
534,536,1,29595.0,29602.25,6.36,target,2026_05_13,12.72
718,915,1,29716.75,29585.0,-132.64,theme,2026_05_13,-265.28
943,946,-1,29532.5,29464.25,67.36,target,2026_05_13,134.72
956,1158,-1,29493.5,29780.25,-287.64,theme,2026_05_13,-575.28
1261,1279,1,29788.0,29833.75,44.86,target,2026_05_13,89.72
1297,1308,1,29819.25,29833.25,13.11,target,2026_05_13,26.22
1318,1332,1,29776.75,29804.75,27.11,target,2026_05_13,54.22
112,136,1,29905.25,29937.75,31.61,target,2026_05_14,63.22
197,440,1,29964.25,29837.0,-128.14,theme,2026_05_14,-256.28
451,464,-1,29867.0,29849.5,16.61,target,2026_05_14,33.22
664,671,-1,29879.25,29852.75,25.61,target,2026_05_14,51.22
683,687,-1,29853.5,29843.25,9.36,target,2026_05_14,18.72
777,804,-1,29843.5,29824.25,18.36,target,2026_05_14,36.72
825,842,-1,29841.0,29845.25,-5.14,target,2026_05_14,-10.28
937,960,-1,29853.25,29837.75,14.61,target,2026_05_14,29.22
1111,1145,1,30034.25,30039.5,4.36,target,2026_05_14,8.72
1196,1379,1,30044.25,29984.75,-60.39,eod,2026_05_14,-120.78
117,203,-1,29979.25,29918.25,60.11,target,2026_05_15,120.22
271,273,-1,29818.5,29804.75,12.86,target,2026_05_15,25.72
341,372,-1,29864.25,29833.75,29.61,target,2026_05_15,59.22
382,394,-1,29819.5,29797.0,21.61,target,2026_05_15,43.22
406,408,-1,29809.25,29788.75,19.61,target,2026_05_15,39.22
516,617,-1,29646.5,29600.5,45.11,target,2026_05_15,90.22
667,668,-1,29559.25,29550.5,7.86,target,2026_05_15,15.72
691,707,-1,29535.25,29491.0,43.36,target,2026_05_15,86.72
717,718,-1,29529.75,29518.5,10.36,target,2026_05_15,20.72
729,842,-1,29551.25,29544.5,5.86,target,2026_05_15,11.72
901,946,-1,29462.25,29429.5,31.86,target,2026_05_15,63.72
964,965,-1,29462.25,29460.0,1.3599999999999999,target,2026_05_15,2.7199999999999998
1028,1064,-1,29544.75,29604.25,-60.39,theme,2026_05_15,-120.78
1075,1081,1,29539.25,29587.25,47.11,target,2026_05_15,94.22
1118,1156,1,29627.75,29642.25,13.61,target,2026_05_15,27.22
1222,1223,1,29706.25,29722.5,15.36,target,2026_05_15,30.72
62,67,-1,29237.75,29198.25,38.61,target,2026_05_17,77.22
151,155,-1,29004.0,28992.25,10.86,target,2026_05_17,21.72
170,175,-1,28993.5,28988.75,3.86,target,2026_05_17,7.72
185,195,-1,28989.75,28964.25,24.61,target,2026_05_17,49.22
226,539,-1,28978.25,29111.75,-134.39,eod,2026_05_17,-268.78
61,492,1,29533.0,29329.5,-204.39,theme,2026_05_18,-408.78
506,544,-1,29316.0,29429.0,-113.89,theme,2026_05_18,-227.78
563,566,1,29365.75,29398.5,31.86,target,2026_05_18,63.72
586,604,1,29380.75,29448.75,67.11,target,2026_05_18,134.22
619,621,1,29454.75,29474.25,18.61,target,2026_05_18,37.22
676,821,1,29507.0,29523.75,15.86,target,2026_05_18,31.72
905,909,1,29675.0,29684.0,8.11,target,2026_05_18,16.22
925,1044,1,29670.75,29297.5,-374.14,theme,2026_05_18,-748.28
1056,1064,-1,29321.0,29304.0,16.11,target,2026_05_18,32.22
1077,1081,-1,29313.5,29274.25,38.36,target,2026_05_18,76.72
1094,1105,-1,29310.0,29289.25,19.86,target,2026_05_18,39.72
1120,1379,-1,29235.25,29371.0,-136.64,eod,2026_05_18,-273.28
62,364,1,29476.25,29240.75,-236.39,theme,2026_05_19,-472.78
416,427,-1,29256.75,29237.75,18.11,target,2026_05_19,36.22
496,686,-1,29253.5,29212.0,40.61,target,2026_05_19,81.22
710,764,-1,29169.25,29140.25,28.11,target,2026_05_19,56.22
775,827,-1,29186.0,29181.75,3.36,target,2026_05_19,6.72
847,867,-1,29150.25,29148.75,0.61,target,2026_05_19,1.22
879,907,-1,29223.5,29179.25,43.36,target,2026_05_19,86.72
934,942,-1,29273.5,29244.75,27.86,target,2026_05_19,55.72
994,995,-1,29031.0,28996.5,33.61,target,2026_05_19,67.22
1006,1008,-1,29014.5,28986.25,27.36,target,2026_05_19,54.72
1021,1046,-1,29102.25,29056.75,44.61,target,2026_05_19,89.22
1155,1379,1,29369.5,29194.75,-175.64,eod,2026_05_19,-351.28
123,143,1,29223.0,29113.5,-110.39,theme,2026_05_20,-220.78
153,212,-1,29211.75,29182.5,28.36,target,2026_05_20,56.72
227,285,-1,29205.75,29179.75,25.11,target,2026_05_20,50.22
295,302,-1,29183.0,29155.75,26.36,target,2026_05_20,52.72
312,485,-1,29152.75,29265.0,-113.14,theme,2026_05_20,-226.28
496,553,1,29286.25,29336.0,48.86,target,2026_05_20,97.72
579,582,1,29320.0,29348.5,27.61,target,2026_05_20,55.22
594,604,1,29319.5,29362.0,41.61,target,2026_05_20,83.22
677,679,1,29362.75,29382.0,18.36,target,2026_05_20,36.72
740,742,1,29420.75,29433.5,11.86,target,2026_05_20,23.72
762,768,1,29421.5,29425.25,2.86,target,2026_05_20,5.72
901,934,1,29412.0,29443.5,30.61,target,2026_05_20,61.22
1010,1012,1,29493.5,29525.25,30.86,target,2026_05_20,61.72
1152,1154,1,29550.25,29573.5,22.36,target,2026_05_20,44.72
1165,1169,1,29567.0,29589.0,21.11,target,2026_05_20,42.22
1196,1197,1,29585.0,29589.0,3.11,target,2026_05_20,6.22
1247,1262,1,29605.0,29620.0,14.11,target,2026_05_20,28.22
1326,1330,1,29649.0,29658.5,8.61,target,2026_05_20,17.22
1340,1350,1,29643.25,29669.5,25.36,target,2026_05_20,50.72
112,129,-1,29489.5,29480.0,8.61,target,2026_05_21,17.22
147,327,-1,29470.75,29647.0,-177.14,theme,2026_05_21,-354.28
451,613,1,29681.75,29691.75,9.11,target,2026_05_21,18.22
694,784,1,29700.5,29539.5,-161.89,theme,2026_05_21,-323.78
804,818,-1,29563.75,29541.5,21.36,target,2026_05_21,42.72
847,893,-1,29544.0,29517.5,25.61,target,2026_05_21,51.22
904,932,-1,29519.75,29477.25,41.61,target,2026_05_21,83.22
943,981,-1,29522.25,29440.0,81.36,target,2026_05_21,162.72
993,994,-1,29509.75,29480.0,28.86,target,2026_05_21,57.72
1006,1007,-1,29534.75,29508.0,25.86,target,2026_05_21,51.72
1017,1026,-1,29520.25,29487.5,31.86,target,2026_05_21,63.72
1055,1176,-1,29481.5,29749.75,-269.14,theme,2026_05_21,-538.28
1207,1210,1,29778.5,29780.75,1.3599999999999999,target,2026_05_21,2.7199999999999998
1220,1379,1,29761.5,29750.75,-11.64,eod,2026_05_21,-23.28
166,421,1,29878.5,29895.5,16.11,target,2026_05_22,32.22
456,467,1,29871.25,29886.0,13.86,target,2026_05_22,27.72
544,561,1,29837.25,29865.75,27.61,target,2026_05_22,55.22
573,618,-1,29844.75,29927.25,-83.39,theme,2026_05_22,-166.78
706,723,-1,29819.25,29805.75,12.61,target,2026_05_22,25.22
736,752,-1,29773.75,29742.5,30.36,target,2026_05_22,60.72
766,951,-1,29751.25,29903.0,-152.64,theme,2026_05_22,-305.28
964,996,1,29863.75,29887.0,22.36,target,2026_05_22,44.72
1010,1017,1,29926.75,29940.25,12.61,target,2026_05_22,25.22
1071,1146,1,29971.25,29994.75,22.61,target,2026_05_22,45.22
1161,1166,1,29972.75,29985.25,11.61,target,2026_05_22,23.22
1194,1343,1,29976.75,29842.0,-135.64,theme,2026_05_22,-271.28
1353,1379,-1,29826.75,29815.75,10.11,eod,2026_05_22,20.22
331,364,1,30261.25,30269.75,7.61,target,2026_05_25,15.22
377,409,1,30261.25,30270.5,8.36,target,2026_05_25,16.72
481,956,1,30273.0,30286.75,12.86,target,2026_05_25,25.72
1096,1101,-1,30231.0,30214.75,15.36,target,2026_05_25,30.72
1127,1139,-1,30233.0,30258.75,-26.64,eod,2026_05_25,-53.28
108,122,-1,30186.5,30144.5,41.11,target,2026_05_26,82.22
158,166,-1,30129.0,30109.0,19.11,target,2026_05_26,38.22
179,181,-1,30124.5,30108.5,15.11,target,2026_05_26,30.22
196,202,-1,30112.5,30103.75,7.86,target,2026_05_26,15.72
247,263,-1,30117.25,30100.25,16.11,target,2026_05_26,32.22
303,315,-1,30111.75,30099.25,11.61,target,2026_05_26,23.22
325,407,-1,30114.5,30098.5,15.11,target,2026_05_26,30.22
436,546,-1,30100.25,30087.25,12.11,target,2026_05_26,24.22
583,596,-1,30073.75,30056.75,16.11,target,2026_05_26,32.22
614,724,-1,30069.5,30150.5,-81.89,theme,2026_05_26,-163.78
1113,1212,1,30298.75,30324.75,25.11,target,2026_05_26,50.22
1263,1268,1,30311.0,30335.5,23.61,target,2026_05_26,47.22
229,276,1,30435.25,30445.75,9.61,target,2026_05_27,19.22
299,305,1,30435.0,30445.75,9.86,target,2026_05_27,19.72
514,620,-1,30362.5,30488.75,-127.14,theme,2026_05_27,-254.28
705,715,1,30491.75,30502.25,9.61,target,2026_05_27,19.22
846,859,1,30561.5,30584.75,22.36,target,2026_05_27,44.72
892,994,1,30567.75,30191.5,-377.14,theme,2026_05_27,-754.28
1009,1010,-1,30297.75,30272.5,24.36,target,2026_05_27,48.72
1032,1036,-1,30267.75,30216.5,50.36,target,2026_05_27,100.72
1054,1056,-1,30267.0,30230.25,35.86,target,2026_05_27,71.72
1073,1370,-1,30209.5,30408.0,-199.39,theme,2026_05_27,-398.78
84,295,1,30332.5,30288.75,-44.64,theme,2026_05_28,-89.28
305,333,-1,30266.5,30179.0,86.61,target,2026_05_28,173.22
370,372,-1,30116.75,30101.75,14.11,target,2026_05_28,28.22
394,422,-1,30086.5,30069.5,16.11,target,2026_05_28,32.22
437,684,-1,30103.75,30267.25,-164.39,theme,2026_05_28,-328.78
936,971,1,30309.25,30304.25,-5.89,target,2026_05_28,-11.78
1160,1162,1,30598.5,30612.0,12.61,target,2026_05_28,25.22
1177,1178,1,30584.75,30598.75,13.11,target,2026_05_28,26.22
1203,1205,1,30618.75,30630.5,10.86,target,2026_05_28,21.72
1217,1335,1,30614.0,30629.5,14.61,target,2026_05_28,29.22
1346,1369,1,30614.0,30621.5,6.61,target,2026_05_28,13.22
70,140,1,30604.75,30584.5,-21.14,theme,2026_05_29,-42.28
220,268,-1,30534.0,30527.25,5.86,target,2026_05_29,11.72
278,471,-1,30539.0,30602.0,-63.89,theme,2026_05_29,-127.78
556,670,1,30617.75,30636.25,17.61,target,2026_05_29,35.22
763,767,1,30630.25,30644.0,12.86,target,2026_05_29,25.72
779,781,1,30635.25,30643.0,6.86,target,2026_05_29,13.72
973,1263,1,30797.0,30633.75,-164.14,theme,2026_05_29,-328.28
1275,1379,-1,30661.0,30682.5,-22.39,eod,2026_05_29,-44.78
85,89,1,30751.5,30764.5,12.11,target,2026_06_01,24.22
184,201,1,30824.5,30843.75,18.36,target,2026_06_01,36.72
356,387,1,30839.25,30861.5,21.36,target,2026_06_01,42.72
452,456,1,30852.75,30864.5,10.86,target,2026_06_01,21.72
497,546,1,30869.5,30878.75,8.36,target,2026_06_01,16.72
561,602,1,30847.25,30806.75,-41.39,theme,2026_06_01,-82.78
627,912,-1,30754.25,30661.0,92.36,target,2026_06_01,184.72
922,925,-1,30626.25,30591.0,34.36,target,2026_06_01,68.72
935,961,-1,30675.25,30609.5,64.86,target,2026_06_01,129.72
976,1125,-1,30647.0,30819.25,-173.14,theme,2026_06_01,-346.28
204,210,-1,30675.25,30672.0,2.36,target,2026_06_02,4.72
273,312,-1,30663.5,30642.5,20.11,target,2026_06_02,40.22
339,491,-1,30633.75,30771.0,-138.14,theme,2026_06_02,-276.28
622,702,1,30848.75,30866.0,16.36,target,2026_06_02,32.72
749,814,1,30848.0,30865.0,16.11,target,2026_06_02,32.22
829,948,1,30838.25,30825.0,-14.14,theme,2026_06_02,-28.28
991,994,1,30856.25,30898.75,41.61,target,2026_06_02,83.22
1103,1105,1,30954.5,30967.5,12.11,target,2026_06_02,24.22
1149,1314,1,30989.0,31002.0,12.11,target,2026_06_02,24.22
1351,1379,1,31035.75,31038.75,2.11,eod,2026_06_02,4.22
273,322,1,30974.25,30990.25,15.11,target,2026_06_03,30.22
528,551,1,30993.75,31025.25,30.61,target,2026_06_03,61.22
641,669,1,31013.75,31036.0,21.36,target,2026_06_03,42.72
722,726,1,31020.75,31041.25,19.61,target,2026_06_03,39.22
767,783,1,31045.75,31074.0,27.36,target,2026_06_03,54.72
860,932,1,31060.5,31092.75,31.36,target,2026_06_03,62.72
979,1043,-1,30995.75,30928.5,66.36,target,2026_06_03,132.72
1053,1055,-1,30974.5,30935.75,37.86,target,2026_06_03,75.72
1065,1105,-1,30898.0,30844.0,53.11,target,2026_06_03,106.22
1133,1147,-1,30881.5,30847.0,33.61,target,2026_06_03,67.22
1158,1364,-1,30831.0,30802.0,28.11,target,2026_06_03,56.22
62,63,-1,30741.5,30727.5,13.11,target,2026_06_04,26.22
93,95,-1,30704.5,30685.0,18.61,target,2026_06_04,37.22
114,121,-1,30707.25,30721.75,-15.39,target,2026_06_04,-30.78
425,525,1,30779.0,30814.25,34.36,target,2026_06_04,68.72
535,630,1,30823.25,30668.0,-156.14,theme,2026_06_04,-312.28
697,750,-1,30610.75,30567.0,42.86,target,2026_06_04,85.72
761,763,-1,30556.75,30546.75,9.11,target,2026_06_04,18.22
783,816,-1,30534.5,30515.25,18.36,target,2026_06_04,36.72
833,852,-1,30551.0,30538.5,11.61,target,2026_06_04,23.22
943,945,-1,30549.75,30522.25,26.61,target,2026_06_04,53.22
955,963,-1,30541.5,30530.0,10.61,target,2026_06_04,21.22
1072,1087,1,30677.25,30732.25,54.11,target,2026_06_04,108.22
1114,1118,1,30746.0,30758.25,11.36,target,2026_06_04,22.72
1129,1171,1,30768.0,30821.5,52.61,target,2026_06_04,105.22
1182,1379,1,30818.25,30696.0,-123.14,eod,2026_06_04,-246.28
225,232,-1,30442.75,30439.5,2.36,target,2026_06_05,4.72
308,354,-1,30487.0,30447.5,38.61,target,2026_06_05,77.22
463,465,-1,30500.75,30490.5,9.36,target,2026_06_05,18.72
475,499,-1,30461.25,30449.0,11.36,target,2026_06_05,22.72
580,756,-1,30427.0,30523.5,-97.39,theme,2026_06_05,-194.78
861,868,-1,30446.25,30415.5,29.86,target,2026_06_05,59.72
888,894,-1,30413.25,30383.0,29.36,target,2026_06_05,58.72
934,935,-1,30358.25,30340.0,17.36,target,2026_06_05,34.72
986,987,-1,30127.5,30113.0,13.61,target,2026_06_05,27.22
999,1001,-1,30185.25,30169.0,15.36,target,2026_06_05,30.72
1022,1027,-1,30104.25,30065.0,38.36,target,2026_06_05,76.72
1166,1206,-1,29705.75,29681.75,23.11,target,2026_06_05,46.22
1267,1268,-1,29479.0,29445.5,32.61,target,2026_06_05,65.22
1308,1314,-1,29441.0,29414.0,26.11,target,2026_06_05,52.22
1367,1369,-1,29111.25,29092.25,18.11,target,2026_06_05,36.22
67,77,-1,29274.5,29267.5,6.11,target,2026_06_08,12.22
91,98,-1,29276.25,29264.0,11.36,target,2026_06_08,22.72
290,1325,1,29531.5,29758.25,225.86,theme,2026_06_08,451.72
1346,1379,-1,29718.5,29732.5,-14.89,eod,2026_06_08,-29.78
121,124,-1,29727.5,29693.75,32.86,target,2026_06_09,65.72
135,152,-1,29657.0,29634.25,21.86,target,2026_06_09,43.72
164,318,-1,29626.0,29839.25,-214.14,theme,2026_06_09,-428.28
328,370,1,29835.5,29903.0,66.61,target,2026_06_09,133.22
518,544,1,29942.5,29967.25,23.86,target,2026_06_09,47.72
558,616,1,29942.25,29962.5,19.36,target,2026_06_09,38.72
653,672,1,29952.75,29965.5,11.86,target,2026_06_09,23.72
696,701,1,29958.75,29977.75,18.11,target,2026_06_09,36.22
729,775,1,29954.75,29978.25,22.61,target,2026_06_09,45.22
888,900,1,29975.25,30032.0,55.86,target,2026_06_09,111.72
918,929,1,30002.75,30016.25,12.61,target,2026_06_09,25.22
942,943,1,29982.25,30019.0,35.86,target,2026_06_09,71.72
959,995,1,30001.75,29734.25,-268.39,theme,2026_06_09,-536.78
1037,1043,-1,29485.5,29395.25,89.36,target,2026_06_09,178.72
1142,1379,-1,28780.5,29435.5,-655.89,eod,2026_06_09,-1311.78
123,351,1,29406.0,29270.0,-136.89,theme,2026_06_10,-273.78
431,438,-1,29197.0,29166.75,29.36,target,2026_06_10,58.72
451,452,-1,29200.25,29186.0,13.36,target,2026_06_10,26.72
467,469,-1,29199.0,29201.25,-3.14,target,2026_06_10,-6.28
543,562,-1,29270.0,29253.0,16.11,target,2026_06_10,32.22
702,786,-1,29055.0,28967.75,86.36,target,2026_06_10,172.72
798,801,-1,29016.25,28995.25,20.11,target,2026_06_10,40.22
811,812,-1,28965.0,28930.5,33.61,target,2026_06_10,67.22
830,986,-1,28935.75,29463.0,-528.14,theme,2026_06_10,-1056.28
1007,1182,1,29403.5,28931.75,-472.64,theme,2026_06_10,-945.28
1192,1193,-1,29042.25,28991.0,50.36,target,2026_06_10,100.72
1239,1243,-1,28944.0,28936.25,6.86,target,2026_06_10,13.72
89,93,-1,28682.75,28674.0,7.86,target,2026_06_11,15.72
105,106,-1,28719.25,28698.25,20.11,target,2026_06_11,40.22
310,340,1,28931.75,28969.5,36.86,target,2026_06_11,73.72
351,382,1,28999.25,29036.25,36.11,target,2026_06_11,72.22
392,564,1,29044.5,29151.5,106.11,target,2026_06_11,212.22
575,942,1,29143.75,28977.75,-166.89,theme,2026_06_11,-333.78
999,1000,-1,29076.0,29094.25,-19.14,target,2026_06_11,-38.28
1019,1169,-1,29039.25,29502.75,-464.39,theme,2026_06_11,-928.78
1231,1232,1,29502.25,29517.0,13.86,target,2026_06_11,27.72
123,126,1,29845.0,29860.0,14.11,target,2026_06_12,28.22
140,143,1,29846.75,29868.25,20.61,target,2026_06_12,41.22
180,459,1,29872.0,29758.25,-114.64,theme,2026_06_12,-229.28
487,728,-1,29726.75,29928.5,-202.64,theme,2026_06_12,-405.28
797,826,1,29898.5,29931.5,32.11,target,2026_06_12,64.22
846,978,1,29896.5,29905.5,8.11,target,2026_06_12,16.22
1062,1140,1,29916.75,29966.75,49.11,target,2026_06_12,98.22
1249,1332,1,29991.0,30002.75,10.86,target,2026_06_12,21.72
1347,1379,1,29990.75,29970.25,-21.39,eod,2026_06_12,-42.78
115,116,1,30334.0,30343.0,8.11,target,2026_06_15,16.22
164,188,1,30441.25,30450.5,8.36,target,2026_06_15,16.72
202,207,1,30443.25,30455.0,10.86,target,2026_06_15,21.72
304,318,1,30495.5,30515.75,19.36,target,2026_06_15,38.72
349,393,1,30496.25,30514.0,16.86,target,2026_06_15,33.72
499,504,1,30525.5,30545.25,18.86,target,2026_06_15,37.72
517,522,1,30527.25,30544.75,16.61,target,2026_06_15,33.22
543,548,1,30533.0,30559.5,25.61,target,2026_06_15,51.22
567,568,1,30546.25,30559.5,12.36,target,2026_06_15,24.72
676,785,1,30571.0,30580.75,8.86,target,2026_06_15,17.72
826,831,1,30580.75,30603.75,22.11,target,2026_06_15,44.22
842,853,1,30602.5,30612.75,9.36,target,2026_06_15,18.72
913,926,1,30595.25,30625.75,29.61,target,2026_06_15,59.22
1129,1131,1,30859.75,30863.75,3.11,target,2026_06_15,6.22
1175,1321,1,30875.25,30882.75,6.61,target,2026_06_15,13.22
165,170,-1,30810.0,30788.0,21.11,target,2026_06_16,42.22
199,438,-1,30777.0,30840.25,-64.14,theme,2026_06_16,-128.28
450,604,1,30833.5,30856.0,21.61,target,2026_06_16,43.22
642,645,1,30872.25,30887.5,14.36,target,2026_06_16,28.72
682,746,1,30897.25,30910.75,12.61,target,2026_06_16,25.22
766,771,1,30920.5,30932.75,11.36,target,2026_06_16,22.72
1028,1039,-1,30624.0,30613.25,9.86,target,2026_06_16,19.72
1129,1136,-1,30500.0,30471.5,27.61,target,2026_06_16,55.22
1147,1160,-1,30471.5,30456.25,14.36,target,2026_06_16,28.72
1197,1199,-1,30509.25,30481.75,26.61,target,2026_06_16,53.22
1241,1258,-1,30461.75,30429.75,31.11,target,2026_06_16,62.22
1282,1296,-1,30421.5,30408.0,12.61,target,2026_06_16,25.22
71,73,-1,30350.0,30336.75,12.36,target,2026_06_17,24.72
83,111,-1,30329.75,30314.25,14.61,target,2026_06_17,29.22
126,276,-1,30355.25,30438.75,-84.39,theme,2026_06_17,-168.78
287,820,1,30451.25,30461.5,9.36,theme,2026_06_17,18.72
852,934,-1,30454.75,30429.75,24.11,target,2026_06_17,48.22
976,997,-1,30458.25,30424.0,33.36,target,2026_06_17,66.72
1019,1030,-1,30360.5,30359.0,0.61,target,2026_06_17,1.22
1040,1149,-1,30423.5,30380.25,42.36,target,2026_06_17,84.72
1161,1201,-1,30389.5,30305.5,83.11,target,2026_06_17,166.22
1220,1225,-1,30322.75,30234.25,87.61,target,2026_06_17,175.22
1240,1258,-1,30361.25,30298.0,62.36,target,2026_06_17,124.72
1324,1379,-1,30055.0,30140.75,-86.64,eod,2026_06_17,-173.28
206,610,1,30421.75,30489.5,66.86,target,2026_06_18,133.72
627,717,1,30432.25,30493.75,60.61,target,2026_06_18,121.22
732,741,1,30465.25,30492.75,26.61,target,2026_06_18,53.22
757,866,1,30455.0,30471.0,15.11,target,2026_06_18,30.22
938,942,1,30442.25,30453.0,9.86,target,2026_06_18,19.72
990,995,1,30520.75,30546.25,24.61,target,2026_06_18,49.22
1041,1081,1,30624.5,30663.75,38.36,target,2026_06_18,76.72
1098,1101,1,30648.75,30669.25,19.61,target,2026_06_18,39.22
1198,1303,1,30711.5,30733.5,21.11,target,2026_06_18,42.22
1323,1324,1,30699.25,30712.25,12.11,target,2026_06_18,24.22
1334,1341,1,30714.0,30733.25,18.36,target,2026_06_18,36.72
1351,1379,1,30735.0,30726.5,-9.39,eod,2026_06_18,-18.78
88,109,1,30684.5,30688.0,2.61,target,2026_06_19,5.22
156,182,-1,30655.0,30636.25,17.86,target,2026_06_19,35.72
198,363,-1,30627.25,30502.75,123.61,target,2026_06_19,247.22
376,417,-1,30494.0,30422.75,70.36,target,2026_06_19,140.72
427,651,-1,30436.5,30653.25,-217.64,theme,2026_06_19,-435.28
672,701,1,30627.5,30643.75,15.36,target,2026_06_19,30.72
721,893,1,30625.25,30651.0,24.86,target,2026_06_19,49.72
1059,1070,1,30665.0,30682.0,16.11,target,2026_06_19,32.22
1137,1139,1,30667.0,30651.0,-16.89,eod,2026_06_19,-33.78
125,456,-1,30490.5,30647.75,-158.14,theme,2026_06_22,-316.28
584,786,1,30749.5,30818.75,68.36,target,2026_06_22,136.72
805,818,1,30742.0,30763.0,20.11,target,2026_06_22,40.22
828,841,1,30745.25,30766.0,19.86,target,2026_06_22,39.72
936,938,1,30846.0,30889.75,42.86,target,2026_06_22,85.72
979,1057,1,30878.75,30608.0,-271.64,theme,2026_06_22,-543.28
1096,1121,-1,30564.5,30529.0,34.61,target,2026_06_22,69.22
1132,1147,-1,30586.5,30546.5,39.11,target,2026_06_22,78.22
1158,1260,-1,30580.25,30558.75,20.61,target,2026_06_22,41.22
1274,1283,-1,30571.5,30551.0,19.61,target,2026_06_22,39.22
117,132,-1,30565.5,30544.5,20.11,target,2026_06_23,40.22
163,215,-1,30555.5,30519.25,35.36,target,2026_06_23,70.72
271,288,-1,30446.0,30404.5,40.61,target,2026_06_23,81.22
356,370,-1,30378.25,30363.0,14.36,target,2026_06_23,28.72
391,396,-1,30319.5,30309.25,9.36,target,2026_06_23,18.72
559,564,-1,30015.75,29994.75,20.11,target,2026_06_23,40.22
634,646,-1,29849.25,29806.75,41.61,target,2026_06_23,83.22
656,658,-1,29827.75,29815.25,11.61,target,2026_06_23,23.22
726,729,-1,29895.5,29876.75,17.86,target,2026_06_23,35.72
739,745,-1,29870.0,29846.75,22.36,target,2026_06_23,44.72
768,773,-1,29793.5,29795.5,-2.89,target,2026_06_23,-5.78
783,786,-1,29832.5,29794.0,37.61,target,2026_06_23,75.22
796,809,-1,29833.0,29820.25,11.86,target,2026_06_23,23.72
872,873,-1,29770.0,29752.0,17.11,target,2026_06_23,34.22
886,905,-1,29745.0,29719.25,24.86,target,2026_06_23,49.72
922,926,-1,29740.25,29705.75,33.61,target,2026_06_23,67.22
936,937,-1,29719.5,29674.0,44.61,target,2026_06_23,89.22
1130,1164,1,29863.25,29870.75,6.61,theme,2026_06_23,13.22
1194,1196,-1,29782.75,29750.75,31.11,target,2026_06_23,62.22
1206,1236,-1,29752.5,29709.25,42.36,target,2026_06_23,84.72
1267,1269,-1,29694.0,29649.5,43.61,target,2026_06_23,87.22
1287,1293,-1,29706.0,29718.0,-12.89,target,2026_06_23,-25.78
77,98,-1,29662.0,29633.0,28.11,target,2026_06_24,56.22
231,235,1,29832.0,29846.0,13.11,target,2026_06_24,26.22
245,439,1,29829.0,29848.5,18.61,target,2026_06_24,37.22
454,901,1,29855.25,29755.5,-100.64,theme,2026_06_24,-201.28
911,942,-1,29724.0,29629.5,93.61,target,2026_06_24,187.22
954,963,-1,29770.0,29667.25,101.86,target,2026_06_24,203.72
973,976,-1,29675.25,29624.0,50.36,target,2026_06_24,100.72
986,987,-1,29677.0,29658.0,18.11,target,2026_06_24,36.22
1052,1054,-1,29788.5,29761.75,25.86,target,2026_06_24,51.72
1067,1118,-1,29707.25,29671.5,34.86,target,2026_06_24,69.72
1198,1199,-1,29411.25,29383.25,27.11,target,2026_06_24,54.22
1293,1379,-1,29391.25,30099.0,-708.64,eod,2026_06_24,-1417.28
84,96,1,30078.5,30104.75,25.36,target,2026_06_25,50.72
110,558,1,30103.5,30155.25,50.86,target,2026_06_25,101.72
629,871,1,30181.0,30244.0,62.11,target,2026_06_25,124.22
903,943,1,30197.0,29846.75,-351.14,theme,2026_06_25,-702.28
973,1379,-1,29622.75,29760.5,-138.64,eod,2026_06_25,-277.28
104,157,1,29782.75,29678.5,-105.14,theme,2026_06_26,-210.28
170,175,-1,29670.75,29651.25,18.61,target,2026_06_26,37.22
199,207,-1,29653.0,29618.5,33.61,target,2026_06_26,67.22
323,331,-1,29240.25,29230.0,9.36,target,2026_06_26,18.72
347,348,-1,29253.75,29262.75,-9.89,target,2026_06_26,-19.78
407,412,-1,29289.5,29273.0,15.61,target,2026_06_26,31.22
423,425,-1,29280.5,29266.0,13.61,target,2026_06_26,27.22
437,466,-1,29342.25,29300.5,40.86,target,2026_06_26,81.72
487,489,-1,29314.25,29294.5,18.86,target,2026_06_26,37.72
719,736,1,29377.0,29391.75,13.86,target,2026_06_26,27.72
929,931,-1,29320.5,29335.0,-15.39,target,2026_06_26,-30.78
946,1052,-1,29252.0,29632.75,-381.64,theme,2026_06_26,-763.28
1069,1150,1,29636.75,29689.0,51.36,target,2026_06_26,102.72
1160,1364,1,29604.5,29271.75,-333.64,theme,2026_06_26,-667.28
1375,1379,-1,29292.75,29295.25,-3.39,target,2026_06_26,-6.78
260,335,-1,29436.5,29521.25,-85.64,theme,2026_06_29,-171.28
365,456,1,29576.25,29571.75,-5.39,target,2026_06_29,-10.78
487,512,1,29602.0,29675.75,72.86,target,2026_06_29,145.72
544,581,1,29592.25,29673.75,80.61,target,2026_06_29,161.22
616,618,1,29683.75,29701.25,16.61,target,2026_06_29,33.22
631,731,1,29706.25,29705.0,-2.14,target,2026_06_29,-4.28
741,750,1,29686.75,29717.75,30.11,target,2026_06_29,60.22
803,812,1,29702.25,29731.25,28.11,target,2026_06_29,56.22
849,935,1,29721.5,29761.0,38.61,target,2026_06_29,77.22
959,979,1,29603.5,29330.25,-274.14,theme,2026_06_29,-548.28
993,1082,-1,29570.75,29863.25,-293.39,theme,2026_06_29,-586.78
1231,1235,1,29996.75,30023.5,25.86,target,2026_06_29,51.72
1266,1268,1,30008.5,30034.25,24.86,target,2026_06_29,49.72
1343,1379,1,30028.5,29995.5,-33.89,eod,2026_06_29,-67.78
81,126,1,30036.0,30059.75,22.86,target,2026_06_30,45.72
143,335,1,30044.75,30078.0,32.36,target,2026_06_30,64.72
441,894,1,30179.25,30041.25,-138.89,theme,2026_06_30,-277.78
913,960,-1,30034.75,30365.75,-331.89,theme,2026_06_30,-663.78
1171,1244,1,30526.5,30555.25,27.86,target,2026_06_30,55.72
1299,1301,1,30552.75,30567.0,13.36,target,2026_06_30,26.72
1313,1314,1,30555.5,30582.5,26.11,target,2026_06_30,52.22
182,213,1,30527.0,30484.5,-43.39,theme,2026_07_01,-86.78
380,458,-1,30435.75,30426.5,8.36,target,2026_07_01,16.72
622,875,-1,30348.5,30299.0,48.61,target,2026_07_01,97.22
901,912,-1,30272.75,30264.5,7.36,target,2026_07_01,14.72
922,926,-1,30289.75,30251.25,37.61,target,2026_07_01,75.22
962,964,-1,30265.0,30278.75,-14.64,target,2026_07_01,-29.28
1024,1029,-1,30252.5,30220.0,31.61,target,2026_07_01,63.22
1040,1067,-1,30297.5,30286.25,10.36,target,2026_07_01,20.72
1082,1086,-1,30251.5,30242.0,8.61,target,2026_07_01,17.22
1096,1120,-1,30227.75,30220.25,6.61,target,2026_07_01,13.22
1130,1147,-1,30217.5,30167.25,49.36,target,2026_07_01,98.72
1157,1212,-1,30199.25,30155.5,42.86,target,2026_07_01,85.72
1269,1273,-1,30202.0,30186.75,14.36,target,2026_07_01,28.72
1370,1379,-1,30055.5,30064.5,-9.89,eod,2026_07_01,-19.78
75,110,-1,30063.25,30025.75,36.61,target,2026_07_02,73.22
146,149,-1,30044.0,30045.75,-2.64,target,2026_07_02,-5.28
159,163,-1,30066.25,30027.0,38.36,target,2026_07_02,76.72
292,502,1,30202.5,29986.0,-217.39,theme,2026_07_02,-434.78
573,615,-1,29861.5,29840.75,19.86,target,2026_07_02,39.72
629,869,-1,29927.75,30156.25,-229.39,theme,2026_07_02,-458.78
886,1061,1,30252.5,29801.25,-452.14,theme,2026_07_02,-904.28
1174,1175,-1,29456.25,29427.5,27.86,target,2026_07_02,55.72
1209,1218,-1,29457.25,29418.0,38.36,target,2026_07_02,76.72
1271,1279,-1,29401.5,29391.75,8.86,target,2026_07_02,17.72
1297,1379,-1,29439.75,29551.75,-112.89,eod,2026_07_02,-225.78
121,458,1,29626.0,29839.25,212.36,target,2026_07_03,424.72
470,481,1,29814.0,29835.75,20.86,target,2026_07_03,41.72
506,931,1,29854.75,29940.25,84.61,target,2026_07_03,169.22
941,1139,1,29922.25,29903.75,-19.39,eod,2026_07_03,-38.78
100,107,1,29981.75,29988.5,5.86,target,2026_07_06,11.72
124,135,1,29939.25,29982.75,42.61,target,2026_07_06,85.22
243,253,-1,29798.5,29761.5,36.11,target,2026_07_06,72.22
307,355,-1,29755.0,29702.0,52.11,target,2026_07_06,104.22
368,617,-1,29728.25,29788.25,-60.89,theme,2026_07_06,-121.78
663,667,1,29861.75,29870.75,8.11,target,2026_07_06,16.22
683,687,1,29855.25,29860.0,3.86,target,2026_07_06,7.72
702,712,1,29859.0,29869.25,9.36,target,2026_07_06,18.72
767,779,1,29859.75,29875.75,15.11,target,2026_07_06,30.22
841,842,1,29881.25,29904.25,22.11,target,2026_07_06,44.22
867,873,1,29887.0,29901.0,13.11,target,2026_07_06,26.22
905,933,1,29900.75,29909.0,7.36,target,2026_07_06,14.72
1019,1022,1,30020.5,30030.25,8.86,target,2026_07_06,17.72
1105,1379,1,30045.75,29946.5,-100.14,eod,2026_07_06,-200.28
65,80,-1,29921.0,29876.5,43.61,target,2026_07_07,87.22
90,185,-1,29897.25,29815.5,80.86,target,2026_07_07,161.72
228,240,-1,29799.0,29773.0,25.11,target,2026_07_07,50.22
283,299,-1,29767.0,29746.5,19.61,target,2026_07_07,39.22
311,317,-1,29772.75,29741.75,30.11,target,2026_07_07,60.22
394,397,-1,29644.0,29632.0,11.11,target,2026_07_07,22.22
454,784,-1,29623.0,29611.0,11.11,target,2026_07_07,22.22
800,815,-1,29634.5,29601.25,32.36,target,2026_07_07,64.72
827,834,-1,29623.5,29607.75,14.86,target,2026_07_07,29.72
917,919,-1,29621.0,29617.75,2.36,target,2026_07_07,4.72
1016,1060,-1,29305.5,29258.75,45.86,target,2026_07_07,91.72
1296,1300,-1,29345.25,29323.25,21.11,target,2026_07_07,42.22
1313,1379,-1,29343.5,29419.5,-76.89,eod,2026_07_07,-153.78
128,290,-1,29364.5,29462.25,-98.64,theme,2026_07_08,-197.28
302,487,1,29482.25,29344.25,-138.89,theme,2026_07_08,-277.78
534,538,-1,29345.5,29324.5,20.11,target,2026_07_08,40.22
554,618,-1,29312.5,29268.75,42.86,target,2026_07_08,85.72
704,727,-1,28959.25,28936.75,21.61,target,2026_07_08,43.22
742,743,-1,28998.0,28991.25,5.86,target,2026_07_08,11.72
797,805,-1,28996.0,28981.75,13.36,target,2026_07_08,26.72
817,820,-1,29016.0,29004.25,10.86,target,2026_07_08,21.72
1153,1162,1,29354.75,29398.25,42.61,target,2026_07_08,85.22
1191,1312,1,29376.5,29435.5,58.11,target,2026_07_08,116.22
1323,1379,1,29430.25,29390.0,-41.14,eod,2026_07_08,-82.28
81,90,1,29404.75,29423.25,17.61,target,2026_07_09,35.22
166,168,1,29531.0,29545.75,13.86,target,2026_07_09,27.72
223,256,1,29524.5,29537.75,12.36,target,2026_07_09,24.72
267,416,1,29530.25,29545.75,14.61,target,2026_07_09,29.22
429,432,1,29518.75,29578.75,59.11,target,2026_07_09,118.22
446,456,1,29517.5,29530.5,12.11,target,2026_07_09,24.22
516,524,1,29619.75,29630.75,10.11,target,2026_07_09,20.22
540,545,1,29613.0,29624.5,10.61,target,2026_07_09,21.22
581,583,1,29643.25,29656.0,11.86,target,2026_07_09,23.72
632,864,1,29701.0,29732.0,30.11,target,2026_07_09,60.22
979,988,1,29717.25,29752.25,34.11,target,2026_07_09,68.22
1056,1061,1,29866.0,29880.75,13.86,target,2026_07_09,27.72
1111,1113,1,29898.0,29905.25,6.36,target,2026_07_09,12.72
1129,1132,1,29896.75,29907.0,9.36,target,2026_07_09,18.72
1200,1379,1,29974.5,29930.75,-44.64,eod,2026_07_09,-89.28
109,117,1,29936.5,29956.5,19.11,target,2026_07_10,38.22
180,878,-1,29867.0,29823.0,43.11,theme,2026_07_10,86.22
889,931,1,29833.0,29875.5,41.61,target,2026_07_10,83.22
945,946,1,29856.0,29874.5,17.61,target,2026_07_10,35.22
978,1046,1,29946.75,29959.75,12.11,target,2026_07_10,24.22
1065,1070,1,29874.75,29912.0,36.36,target,2026_07_10,72.72
1080,1081,1,29944.75,29971.25,25.61,target,2026_07_10,51.22
1145,1147,1,30006.0,30016.0,9.11,target,2026_07_10,18.22
1157,1165,1,30016.5,30036.0,18.61,target,2026_07_10,37.22
1282,1378,1,30049.5,30063.0,12.61,target,2026_07_10,25.22
98,107,-1,29882.25,29854.5,26.86,target,2026_07_13,53.72
119,162,-1,29884.0,29870.5,12.61,target,2026_07_13,25.22
172,229,-1,29855.25,29781.5,72.86,target,2026_07_13,145.72
257,293,-1,29760.25,29750.75,8.61,target,2026_07_13,17.22
352,360,-1,29704.75,29689.0,14.86,target,2026_07_13,29.72
434,440,-1,29682.5,29648.0,33.61,target,2026_07_13,67.22
483,484,-1,29664.25,29645.75,17.61,target,2026_07_13,35.22
514,516,-1,29625.5,29611.25,13.36,target,2026_07_13,26.72
526,535,-1,29625.5,29621.75,2.86,target,2026_07_13,5.72
710,787,1,29761.25,29785.75,23.61,target,2026_07_13,47.22
798,977,1,29780.25,29560.25,-220.89,theme,2026_07_13,-441.78
988,1006,-1,29661.75,29616.75,44.11,target,2026_07_13,88.22
1066,1072,-1,29643.0,29604.25,37.86,target,2026_07_13,75.72
1082,1103,-1,29608.5,29565.25,42.36,target,2026_07_13,84.72
1141,1145,-1,29549.25,29529.75,18.61,target,2026_07_13,37.22
1155,1156,-1,29541.25,29526.5,13.86,target,2026_07_13,27.72
1177,1231,-1,29504.5,29456.75,46.86,target,2026_07_13,93.72
1241,1260,-1,29504.25,29492.75,10.61,target,2026_07_13,21.22
1321,1330,-1,29465.75,29453.25,11.61,target,2026_07_13,23.22
1351,1379,-1,29427.25,29430.75,-4.39,eod,2026_07_13,-8.78
117,125,-1,29386.75,29364.5,21.36,target,2026_07_14,42.72
333,439,-1,29372.5,29538.25,-166.64,theme,2026_07_14,-333.28
463,805,1,29588.75,29654.5,64.86,target,2026_07_14,129.72
826,866,1,29621.0,29663.0,41.11,target,2026_07_14,82.22
921,926,1,29773.75,29807.25,32.61,target,2026_07_14,65.22
1009,1013,1,29712.25,29740.75,27.61,target,2026_07_14,55.22
1130,1150,1,29809.5,29843.5,33.11,target,2026_07_14,66.22
1160,1162,1,29835.25,29852.25,16.11,target,2026_07_14,32.22
1176,1179,1,29829.75,29844.0,13.36,target,2026_07_14,26.72
1318,1379,1,29815.0,29794.75,-21.14,eod,2026_07_14,-42.28
128,131,1,29855.75,29881.75,25.11,target,2026_07_15,50.22
165,166,1,29859.0,29875.25,15.36,target,2026_07_15,30.72
184,186,1,29871.25,29879.5,7.36,target,2026_07_15,14.72
226,234,1,29906.25,29932.25,25.11,target,2026_07_15,50.22
294,297,1,29968.75,29973.25,3.61,target,2026_07_15,7.22
308,318,1,29956.25,29975.5,18.36,target,2026_07_15,36.72
393,413,1,29994.75,30014.75,19.11,target,2026_07_15,38.22
435,438,1,29999.75,30017.25,16.61,target,2026_07_15,33.22
449,477,1,29979.0,30023.0,43.11,target,2026_07_15,86.22
499,545,1,30030.0,30047.0,16.11,target,2026_07_15,32.22
558,713,1,30027.0,29924.75,-103.14,theme,2026_07_15,-206.28
735,744,-1,29942.75,29908.75,33.11,target,2026_07_15,66.22
754,862,-1,29899.25,29859.0,39.36,target,2026_07_15,78.72
874,932,-1,29932.0,29941.75,-10.64,target,2026_07_15,-21.28
946,986,-1,29832.5,29669.5,162.11,target,2026_07_15,324.22
997,1003,-1,29620.0,29542.5,76.61,target,2026_07_15,153.22
1013,1037,-1,29598.75,29554.5,43.36,target,2026_07_15,86.72
1048,1082,-1,29601.0,29550.25,49.86,target,2026_07_15,99.72
1101,1379,-1,29465.0,29708.0,-243.89,eod,2026_07_15,-487.78
80,88,1,29705.0,29722.0,16.11,target,2026_07_16,32.22
103,105,1,29704.0,29721.25,16.36,target,2026_07_16,32.72
129,557,1,29728.0,29616.25,-112.64,theme,2026_07_16,-225.28
633,721,-1,29541.25,29522.25,18.11,target,2026_07_16,36.22
732,742,-1,29544.0,29520.25,22.86,target,2026_07_16,45.72
752,760,-1,29541.25,29513.5,26.86,target,2026_07_16,53.72
817,819,-1,29465.0,29440.25,23.86,target,2026_07_16,47.72
842,844,-1,29454.0,29434.0,19.11,target,2026_07_16,38.22
861,865,-1,29432.75,29385.0,46.86,target,2026_07_16,93.72
903,940,-1,29410.0,29385.0,24.11,target,2026_07_16,48.22
964,965,-1,29400.0,29398.5,0.61,target,2026_07_16,1.22
978,980,-1,29470.0,29482.5,-13.39,target,2026_07_16,-26.78
1022,1027,-1,29425.25,29384.0,40.36,target,2026_07_16,80.72
1041,1043,-1,29372.25,29369.5,1.8599999999999999,target,2026_07_16,3.7199999999999998
1055,1065,-1,29438.25,29397.25,40.11,target,2026_07_16,80.22
1138,1141,-1,29331.75,29297.75,33.11,target,2026_07_16,66.22
1171,1174,-1,29329.5,29295.25,33.36,target,2026_07_16,66.72
1202,1216,-1,29252.5,29229.0,22.61,target,2026_07_16,45.22
1226,1231,-1,29274.0,29251.25,21.86,target,2026_07_16,43.72
1246,1254,-1,29234.25,29218.25,15.11,target,2026_07_16,30.22
1265,1268,-1,29227.0,29192.5,33.61,target,2026_07_16,67.22
1319,1379,-1,29201.0,29178.5,21.61,eod,2026_07_16,43.22
76,79,-1,29127.0,29110.75,15.36,target,2026_07_17,30.72
123,126,-1,29112.0,29087.0,24.11,target,2026_07_17,48.22
139,142,-1,29048.5,29040.75,6.86,target,2026_07_17,13.72
168,214,-1,29026.5,28999.5,26.11,target,2026_07_17,52.22
287,292,-1,28925.75,28918.5,6.36,target,2026_07_17,12.72
302,361,-1,28918.25,28893.25,24.11,target,2026_07_17,48.22
439,443,-1,28808.5,28798.75,8.86,target,2026_07_17,17.72
483,488,-1,28763.25,28735.25,27.11,target,2026_07_17,54.22
500,527,-1,28772.75,28746.75,25.11,target,2026_07_17,50.22
546,547,-1,28762.0,28750.5,10.61,target,2026_07_17,21.22
560,561,-1,28757.5,28743.75,12.86,target,2026_07_17,25.72
604,611,-1,28703.75,28677.25,25.61,target,2026_07_17,51.22
899,901,-1,28667.75,28656.0,10.86,target,2026_07_17,21.72
933,934,-1,28629.5,28576.75,51.86,target,2026_07_17,103.72
957,1015,-1,28623.25,28762.0,-139.64,theme,2026_07_17,-279.28
1065,1075,1,28799.0,28883.5,83.61,target,2026_07_17,167.22
1085,1378,1,28885.25,28769.0,-117.14,eod,2026_07_17,-234.28
